Station_ID,State,Latitude,Longitude,Connector_Count,Station_Type
ST000001,Andaman & Nicobar,11.606038,92.793439,2,Standard
ST000002,Andaman & Nicobar,11.726583,92.539634,2,Standard
ST000003,Andaman & Nicobar,11.757471,92.684516,2,Standard
ST000004,Andhra Pradesh,16.074726,79.801828,2,Standard
ST000005,Andhra Pradesh,15.798917,79.65596,2,Standard
ST000006,Andhra Pradesh,16.105262,79.765019,2,Standard
ST000007,Andhra Pradesh,15.933928,79.703104,2,Standard
ST000008,Andhra Pradesh,15.928136,79.773367,4,Standard
ST000009,Andhra Pradesh,15.87782,79.838915,6,Hub
ST000010,Andhra Pradesh,15.859898,79.764154,2,Standard
ST000011,Andhra Pradesh,15.891612,79.721968,4,Standard
ST000012,Andhra Pradesh,15.893723,79.810718,2,Standard
ST000013,Andhra Pradesh,15.761809,79.782797,2,Standard
ST000014,Andhra Pradesh,15.944882,79.837748,2,Standard
ST000015,Andhra Pradesh,15.905133,79.734904,2,Standard
ST000016,Andhra Pradesh,15.88629,79.718669,2,Standard
ST000017,Andhra Pradesh,16.087044,79.815426,2,Standard
ST000018,Andhra Pradesh,16.070825,79.705358,2,Standard
ST000019,Andhra Pradesh,15.906328,79.758396,2,Standard
ST000020,Andhra Pradesh,15.87755,79.659379,2,Standard
ST000021,Andhra Pradesh,15.98422,79.808713,2,Standard
ST000022,Andhra Pradesh,16.090535,79.77899,2,Standard
ST000023,Andhra Pradesh,15.905594,79.872303,2,Standard
ST000024,Andhra Pradesh,15.873573,79.836292,2,Standard
ST000025,Andhra Pradesh,15.87751,79.729305,2,Standard
ST000026,Andhra Pradesh,16.065104,79.710554,2,Standard
ST000027,Andhra Pradesh,16.07909,79.673595,2,Standard
ST000028,Andhra Pradesh,15.762321,79.633605,2,Standard
ST000029,Andhra Pradesh,15.946192,79.760688,2,Standard
ST000030,Andhra Pradesh,15.975357,79.758242,2,Standard
ST000031,Andhra Pradesh,15.871373,79.774939,2,Standard
ST000032,Andhra Pradesh,15.946776,79.677204,2,Standard
ST000033,Andhra Pradesh,15.891936,79.846495,4,Standard
ST000034,Andhra Pradesh,16.014448,79.864212,4,Standard
ST000035,Andhra Pradesh,16.089017,79.829111,2,Standard
ST000036,Andhra Pradesh,15.918437,79.700644,2,Standard
ST000037,Andhra Pradesh,16.075894,79.745658,2,Standard
ST000038,Andhra Pradesh,15.873859,79.599523,2,Standard
ST000039,Andhra Pradesh,15.914873,79.725323,2,Standard
ST000040,Andhra Pradesh,15.898301,79.757997,2,Standard
ST000041,Andhra Pradesh,15.994219,79.645516,4,Standard
ST000042,Andhra Pradesh,15.906713,79.751105,2,Standard
ST000043,Andhra Pradesh,15.888586,79.800321,2,Standard
ST000044,Andhra Pradesh,15.896606,79.613534,2,Standard
ST000045,Andhra Pradesh,15.984604,79.678535,2,Standard
ST000046,Andhra Pradesh,16.017135,79.837385,2,Standard
ST000047,Andhra Pradesh,15.920501,79.628002,2,Standard
ST000048,Andhra Pradesh,15.925873,79.642097,2,Standard
ST000049,Andhra Pradesh,15.828263,79.727828,4,Standard
ST000050,Andhra Pradesh,15.934204,79.743432,2,Standard
ST000051,Andhra Pradesh,16.037708,79.764972,4,Standard
ST000052,Andhra Pradesh,15.872883,79.833511,2,Standard
ST000053,Andhra Pradesh,15.954583,79.712644,2,Standard
ST000054,Andhra Pradesh,15.785119,79.820662,2,Standard
ST000055,Andhra Pradesh,15.914945,79.75526,6,Hub
ST000056,Andhra Pradesh,15.90493,79.771244,2,Standard
ST000057,Andhra Pradesh,16.059011,79.670906,2,Standard
ST000058,Andhra Pradesh,15.796333,79.610424,2,Standard
ST000059,Andhra Pradesh,15.925246,79.704788,2,Standard
ST000060,Andhra Pradesh,15.997109,79.672587,2,Standard
ST000061,Andhra Pradesh,15.976186,79.572328,4,Standard
ST000062,Andhra Pradesh,15.903779,79.760032,2,Standard
ST000063,Andhra Pradesh,15.924705,79.824602,2,Standard
ST000064,Andhra Pradesh,15.984248,79.583335,6,Hub
ST000065,Andhra Pradesh,16.014952,79.744461,2,Standard
ST000066,Andhra Pradesh,15.874326,79.762031,2,Standard
ST000067,Andhra Pradesh,15.962161,79.786181,2,Standard
ST000068,Andhra Pradesh,15.973426,79.717307,2,Standard
ST000069,Andhra Pradesh,15.773275,79.723438,4,Standard
ST000070,Andhra Pradesh,15.78563,79.88689,2,Standard
ST000071,Andhra Pradesh,15.961861,79.728228,4,Standard
ST000072,Andhra Pradesh,15.852733,79.74104,2,Standard
ST000073,Andhra Pradesh,15.911298,79.747201,2,Standard
ST000074,Andhra Pradesh,15.835261,79.676128,2,Standard
ST000075,Andhra Pradesh,15.965739,79.757713,2,Standard
ST000076,Andhra Pradesh,15.953072,79.713888,2,Standard
ST000077,Andhra Pradesh,15.972949,79.817309,2,Standard
ST000078,Andhra Pradesh,15.961114,79.735641,2,Standard
ST000079,Andhra Pradesh,15.841315,79.605545,4,Standard
ST000080,Andhra Pradesh,15.924202,79.885204,2,Standard
ST000081,Andhra Pradesh,15.827624,79.833383,2,Standard
ST000082,Andhra Pradesh,15.841298,79.66028,2,Standard
ST000083,Andhra Pradesh,16.053791,79.829772,4,Standard
ST000084,Andhra Pradesh,15.896852,79.773675,2,Standard
ST000085,Andhra Pradesh,16.027221,79.769947,2,Standard
ST000086,Andhra Pradesh,15.911442,79.73702,2,Standard
ST000087,Andhra Pradesh,15.867732,79.736561,2,Standard
ST000088,Andhra Pradesh,15.891556,79.712422,2,Standard
ST000089,Andhra Pradesh,15.884851,79.667918,2,Standard
ST000090,Andhra Pradesh,15.938259,79.729352,4,Standard
ST000091,Andhra Pradesh,15.900611,79.75908,2,Standard
ST000092,Andhra Pradesh,16.069089,79.660038,2,Standard
ST000093,Andhra Pradesh,15.906316,79.871833,4,Standard
ST000094,Andhra Pradesh,15.958418,79.638718,4,Standard
ST000095,Andhra Pradesh,15.865367,79.731041,2,Standard
ST000096,Andhra Pradesh,16.062506,79.839086,6,Hub
ST000097,Andhra Pradesh,16.015533,79.665844,8,Hub
ST000098,Andhra Pradesh,15.875837,79.799197,6,Hub
ST000099,Andhra Pradesh,15.885897,79.562622,4,Standard
ST000100,Andhra Pradesh,16.031241,79.638394,2,Standard
ST000101,Andhra Pradesh,15.90234,79.726898,2,Standard
ST000102,Andhra Pradesh,16.007636,79.892712,2,Standard
ST000103,Andhra Pradesh,15.911457,79.73886,2,Standard
ST000104,Andhra Pradesh,16.019531,79.818989,2,Standard
ST000105,Andhra Pradesh,15.945045,79.741023,2,Standard
ST000106,Andhra Pradesh,15.780958,79.698287,2,Standard
ST000107,Andhra Pradesh,15.886985,79.70339,2,Standard
ST000108,Andhra Pradesh,15.90173,79.693884,4,Standard
ST000109,Andhra Pradesh,15.844786,79.872855,4,Standard
ST000110,Andhra Pradesh,15.812751,79.602823,2,Standard
ST000111,Andhra Pradesh,15.850565,79.644956,2,Standard
ST000112,Andhra Pradesh,15.974068,79.780829,4,Standard
ST000113,Andhra Pradesh,15.908246,79.788575,4,Standard
ST000114,Andhra Pradesh,15.990392,79.726732,6,Hub
ST000115,Andhra Pradesh,16.011187,79.660797,8,Hub
ST000116,Andhra Pradesh,15.940832,79.643431,6,Hub
ST000117,Andhra Pradesh,15.825674,79.694234,2,Standard
ST000118,Andhra Pradesh,15.961637,79.876023,2,Standard
ST000119,Andhra Pradesh,15.911966,79.744773,4,Standard
ST000120,Andhra Pradesh,15.891273,79.711947,2,Standard
ST000121,Andhra Pradesh,16.09049,79.670279,4,Standard
ST000122,Andhra Pradesh,15.97659,79.70226,2,Standard
ST000123,Andhra Pradesh,16.097689,79.758003,4,Standard
ST000124,Andhra Pradesh,15.738919,79.824307,2,Standard
ST000125,Andhra Pradesh,16.079064,79.701342,2,Standard
ST000126,Andhra Pradesh,15.891668,79.814035,2,Standard
ST000127,Andhra Pradesh,15.950522,79.688988,6,Hub
ST000128,Andhra Pradesh,15.966859,79.837414,2,Standard
ST000129,Andhra Pradesh,16.041055,79.685643,6,Hub
ST000130,Andhra Pradesh,15.895318,79.731718,4,Standard
ST000131,Andhra Pradesh,15.764376,79.609046,2,Standard
ST000132,Andhra Pradesh,15.978937,79.819911,4,Standard
ST000133,Andhra Pradesh,16.019211,79.636813,2,Standard
ST000134,Andhra Pradesh,15.866986,79.607217,2,Standard
ST000135,Andhra Pradesh,15.875616,79.785363,2,Standard
ST000136,Andhra Pradesh,15.971939,79.589117,4,Standard
ST000137,Andhra Pradesh,16.035461,79.604578,2,Standard
ST000138,Andhra Pradesh,15.812851,79.732858,2,Standard
ST000139,Andhra Pradesh,15.951743,79.615946,2,Standard
ST000140,Andhra Pradesh,15.865592,79.588035,2,Standard
ST000141,Andhra Pradesh,15.964987,79.696913,2,Standard
ST000142,Andhra Pradesh,15.89956,79.753242,2,Standard
ST000143,Andhra Pradesh,15.906564,79.736605,2,Standard
ST000144,Andhra Pradesh,15.806897,79.763277,2,Standard
ST000145,Andhra Pradesh,15.886007,79.855066,2,Standard
ST000146,Andhra Pradesh,15.920233,79.741423,2,Standard
ST000147,Andhra Pradesh,15.944633,79.675328,2,Standard
ST000148,Andhra Pradesh,15.985794,79.814806,2,Standard
ST000149,Andhra Pradesh,15.918308,79.697176,2,Standard
ST000150,Andhra Pradesh,15.900671,79.728091,2,Standard
ST000151,Andhra Pradesh,16.013617,79.773906,2,Standard
ST000152,Andhra Pradesh,15.789547,79.707803,2,Standard
ST000153,Andhra Pradesh,15.883691,79.547028,2,Standard
ST000154,Andhra Pradesh,15.848647,79.733396,4,Standard
ST000155,Andhra Pradesh,15.928073,79.688002,2,Standard
ST000156,Andhra Pradesh,15.898348,79.745871,2,Standard
ST000157,Andhra Pradesh,16.102992,79.770537,2,Standard
ST000158,Andhra Pradesh,15.984492,79.620628,2,Standard
ST000159,Andhra Pradesh,15.883759,79.758763,4,Standard
ST000160,Andhra Pradesh,15.940657,79.781647,2,Standard
ST000161,Andhra Pradesh,15.776763,79.696497,2,Standard
ST000162,Andhra Pradesh,15.882959,79.692692,2,Standard
ST000163,Andhra Pradesh,16.054585,79.698707,2,Standard
ST000164,Andhra Pradesh,15.797621,79.699025,2,Standard
ST000165,Andhra Pradesh,15.869542,79.763978,2,Standard
ST000166,Andhra Pradesh,15.819272,79.859193,2,Standard
ST000167,Andhra Pradesh,15.93602,79.742097,2,Standard
ST000168,Andhra Pradesh,15.920708,79.742322,2,Standard
ST000169,Andhra Pradesh,15.999477,79.62905,2,Standard
ST000170,Andhra Pradesh,15.89359,79.743161,2,Standard
ST000171,Andhra Pradesh,15.818337,79.744986,2,Standard
ST000172,Andhra Pradesh,15.953164,79.816863,2,Standard
ST000173,Andhra Pradesh,15.813938,79.81333,2,Standard
ST000174,Andhra Pradesh,15.906912,79.7332,2,Standard
ST000175,Andhra Pradesh,15.824606,79.828725,2,Standard
ST000176,Andhra Pradesh,15.741635,79.736625,2,Standard
ST000177,Andhra Pradesh,15.895214,79.71263,2,Standard
ST000178,Andhra Pradesh,16.028959,79.795121,2,Standard
ST000179,Andhra Pradesh,16.028433,79.759425,2,Standard
ST000180,Andhra Pradesh,16.019974,79.697786,4,Standard
ST000181,Andhra Pradesh,15.814717,79.823144,4,Standard
ST000182,Andhra Pradesh,15.807509,79.768296,2,Standard
ST000183,Andhra Pradesh,15.984956,79.712235,4,Standard
ST000184,Andhra Pradesh,16.088613,79.696283,2,Standard
ST000185,Andhra Pradesh,15.917534,79.753075,2,Standard
ST000186,Andhra Pradesh,15.915838,79.742156,4,Standard
ST000187,Andhra Pradesh,16.026148,79.816385,2,Standard
ST000188,Andhra Pradesh,15.970419,79.767593,2,Standard
ST000189,Andhra Pradesh,15.915513,79.736148,4,Standard
ST000190,Andhra Pradesh,15.935115,79.688191,2,Standard
ST000191,Andhra Pradesh,16.015573,79.834212,2,Standard
ST000192,Andhra Pradesh,15.791919,79.612871,2,Standard
ST000193,Andhra Pradesh,15.897849,79.58001,4,Standard
ST000194,Andhra Pradesh,15.905805,79.774771,6,Hub
ST000195,Andhra Pradesh,15.913523,79.578634,2,Standard
ST000196,Andhra Pradesh,15.995277,79.73508,4,Standard
ST000197,Andhra Pradesh,15.805175,79.851839,2,Standard
ST000198,Andhra Pradesh,15.812363,79.896667,6,Hub
ST000199,Andhra Pradesh,15.966928,79.673349,2,Standard
ST000200,Andhra Pradesh,15.913726,79.589094,2,Standard
ST000201,Andhra Pradesh,16.056826,79.848947,2,Standard
ST000202,Andhra Pradesh,15.747699,79.734546,2,Standard
ST000203,Andhra Pradesh,15.83659,79.902035,2,Standard
ST000204,Andhra Pradesh,15.911237,79.74139,4,Standard
ST000205,Andhra Pradesh,15.928025,79.729774,2,Standard
ST000206,Andhra Pradesh,15.832739,79.912276,6,Hub
ST000207,Andhra Pradesh,16.022109,79.704976,2,Standard
ST000208,Andhra Pradesh,15.852262,79.673915,2,Standard
ST000209,Andhra Pradesh,15.895272,79.803325,2,Standard
ST000210,Andhra Pradesh,15.842504,79.607007,4,Standard
ST000211,Andhra Pradesh,15.95369,79.587435,2,Standard
ST000212,Andhra Pradesh,15.995987,79.793616,4,Standard
ST000213,Andhra Pradesh,16.015696,79.778887,6,Hub
ST000214,Andhra Pradesh,15.747206,79.803767,2,Standard
ST000215,Andhra Pradesh,15.899029,79.758862,2,Standard
ST000216,Andhra Pradesh,16.007758,79.859155,4,Standard
ST000217,Andhra Pradesh,15.898003,79.726321,4,Standard
ST000218,Andhra Pradesh,16.033969,79.810686,2,Standard
ST000219,Andhra Pradesh,16.060391,79.812558,2,Standard
ST000220,Andhra Pradesh,15.908483,79.724341,2,Standard
ST000221,Andhra Pradesh,16.082851,79.840275,2,Standard
ST000222,Andhra Pradesh,15.860724,79.792656,2,Standard
ST000223,Andhra Pradesh,15.985729,79.565108,2,Standard
ST000224,Andhra Pradesh,16.062993,79.726764,2,Standard
ST000225,Andhra Pradesh,15.900998,79.751715,2,Standard
ST000226,Andhra Pradesh,15.931857,79.62994,6,Hub
ST000227,Andhra Pradesh,15.751791,79.823084,4,Standard
ST000228,Andhra Pradesh,15.98834,79.803372,6,Hub
ST000229,Andhra Pradesh,16.006394,79.746681,4,Standard
ST000230,Andhra Pradesh,15.935192,79.748232,2,Standard
ST000231,Andhra Pradesh,16.008921,79.827401,4,Standard
ST000232,Andhra Pradesh,15.910001,79.623362,4,Standard
ST000233,Andhra Pradesh,15.985766,79.722348,6,Hub
ST000234,Andhra Pradesh,15.874246,79.909365,2,Standard
ST000235,Andhra Pradesh,15.944714,79.929999,2,Standard
ST000236,Andhra Pradesh,16.10631,79.754799,2,Standard
ST000237,Andhra Pradesh,16.084615,79.787742,2,Standard
ST000238,Andhra Pradesh,15.717308,79.705609,6,Hub
ST000239,Andhra Pradesh,16.011975,79.789541,2,Standard
ST000240,Andhra Pradesh,16.01558,79.719946,4,Standard
ST000241,Andhra Pradesh,15.817263,79.638925,2,Standard
ST000242,Andhra Pradesh,15.792473,79.775364,2,Standard
ST000243,Andhra Pradesh,15.757373,79.648924,2,Standard
ST000244,Andhra Pradesh,15.966817,79.755829,2,Standard
ST000245,Andhra Pradesh,16.08238,79.685417,2,Standard
ST000246,Andhra Pradesh,15.793656,79.774111,2,Standard
ST000247,Andhra Pradesh,15.906459,79.777069,2,Standard
ST000248,Andhra Pradesh,15.84406,79.75598,4,Standard
ST000249,Andhra Pradesh,15.899452,79.732199,2,Standard
ST000250,Andhra Pradesh,16.107595,79.708404,4,Standard
ST000251,Andhra Pradesh,15.878592,79.638418,2,Standard
ST000252,Andhra Pradesh,15.853434,79.891507,2,Standard
ST000253,Andhra Pradesh,15.899933,79.710173,2,Standard
ST000254,Andhra Pradesh,16.052309,79.652663,4,Standard
ST000255,Andhra Pradesh,16.050884,79.694975,2,Standard
ST000256,Andhra Pradesh,15.849607,79.68531,2,Standard
ST000257,Andhra Pradesh,16.070869,79.668947,6,Hub
ST000258,Andhra Pradesh,15.917962,79.741478,2,Standard
ST000259,Andhra Pradesh,15.797221,79.853571,2,Standard
ST000260,Andhra Pradesh,15.942887,79.737598,4,Standard
ST000261,Andhra Pradesh,15.849662,79.697526,2,Standard
ST000262,Andhra Pradesh,16.078324,79.708352,2,Standard
ST000263,Andhra Pradesh,15.962294,79.660331,2,Standard
ST000264,Andhra Pradesh,15.865865,79.767888,2,Standard
ST000265,Andhra Pradesh,16.075108,79.799987,2,Standard
ST000266,Andhra Pradesh,15.98988,79.55547,2,Standard
ST000267,Andhra Pradesh,16.023962,79.737653,4,Standard
ST000268,Andhra Pradesh,15.935389,79.55239,2,Standard
ST000269,Andhra Pradesh,15.941889,79.699914,2,Standard
ST000270,Andhra Pradesh,15.888305,79.747898,4,Standard
ST000271,Andhra Pradesh,16.029117,79.705483,2,Standard
ST000272,Andhra Pradesh,15.930873,79.873132,2,Standard
ST000273,Andhra Pradesh,15.860109,79.691582,4,Standard
ST000274,Andhra Pradesh,16.014452,79.827907,2,Standard
ST000275,Andhra Pradesh,15.759692,79.720344,2,Standard
ST000276,Andhra Pradesh,15.74383,79.718465,6,Hub
ST000277,Andhra Pradesh,15.806626,79.704056,8,Hub
ST000278,Andhra Pradesh,15.970551,79.683535,2,Standard
ST000279,Andhra Pradesh,15.916734,79.744294,2,Standard
ST000280,Andhra Pradesh,15.916904,79.616003,2,Standard
ST000281,Andhra Pradesh,15.900781,79.699168,2,Standard
ST000282,Andhra Pradesh,15.914805,79.742199,2,Standard
ST000283,Andhra Pradesh,15.843199,79.835194,2,Standard
ST000284,Andhra Pradesh,15.844704,79.794815,4,Standard
ST000285,Andhra Pradesh,15.970299,79.700546,2,Standard
ST000286,Andhra Pradesh,15.756774,79.726241,4,Standard
ST000287,Andhra Pradesh,15.813856,79.8153,2,Standard
ST000288,Andhra Pradesh,16.036109,79.59549,2,Standard
ST000289,Andhra Pradesh,16.024565,79.887897,2,Standard
ST000290,Andhra Pradesh,15.861314,79.742557,2,Standard
ST000291,Andhra Pradesh,15.723319,79.789775,2,Standard
ST000292,Andhra Pradesh,15.84722,79.743049,4,Standard
ST000293,Andhra Pradesh,15.880777,79.704294,2,Standard
ST000294,Andhra Pradesh,15.935803,79.751826,2,Standard
ST000295,Andhra Pradesh,15.933967,79.761889,2,Standard
ST000296,Andhra Pradesh,15.995327,79.838156,2,Standard
ST000297,Andhra Pradesh,15.941595,79.802897,2,Standard
ST000298,Andhra Pradesh,15.988449,79.682746,4,Standard
ST000299,Andhra Pradesh,15.895835,79.710057,2,Standard
ST000300,Andhra Pradesh,15.915799,79.747642,2,Standard
ST000301,Andhra Pradesh,15.940068,79.788645,4,Standard
ST000302,Andhra Pradesh,15.920754,79.755907,4,Standard
ST000303,Andhra Pradesh,15.979826,79.803353,2,Standard
ST000304,Andhra Pradesh,15.932639,79.810129,2,Standard
ST000305,Andhra Pradesh,15.774853,79.737035,2,Standard
ST000306,Andhra Pradesh,16.067929,79.779091,2,Standard
ST000307,Andhra Pradesh,15.90155,79.728229,2,Standard
ST000308,Andhra Pradesh,16.041963,79.608611,2,Standard
ST000309,Andhra Pradesh,15.964248,79.760733,2,Standard
ST000310,Andhra Pradesh,15.964654,79.599582,2,Standard
ST000311,Andhra Pradesh,15.929644,79.778376,2,Standard
ST000312,Andhra Pradesh,15.846355,79.810443,4,Standard
ST000313,Andhra Pradesh,15.858564,79.690085,4,Standard
ST000314,Andhra Pradesh,15.767529,79.774867,2,Standard
ST000315,Andhra Pradesh,15.962052,79.751534,2,Standard
ST000316,Andhra Pradesh,15.872034,79.565685,2,Standard
ST000317,Andhra Pradesh,15.806764,79.732199,2,Standard
ST000318,Andhra Pradesh,15.98285,79.795804,6,Hub
ST000319,Andhra Pradesh,15.865421,79.730131,2,Standard
ST000320,Andhra Pradesh,15.903799,79.814906,2,Standard
ST000321,Andhra Pradesh,15.976804,79.748102,2,Standard
ST000322,Andhra Pradesh,15.928611,79.803587,2,Standard
ST000323,Andhra Pradesh,16.042915,79.861727,2,Standard
ST000324,Andhra Pradesh,15.799895,79.664654,2,Standard
ST000325,Andhra Pradesh,15.937188,79.643316,2,Standard
ST000326,Andhra Pradesh,16.004696,79.795793,2,Standard
ST000327,Andhra Pradesh,15.78546,79.662629,2,Standard
ST000328,Andhra Pradesh,15.8897,79.750623,2,Standard
ST000329,Andhra Pradesh,15.897605,79.810987,2,Standard
ST000330,Andhra Pradesh,15.843454,79.649398,4,Standard
ST000331,Arunachal Pradesh,28.096,94.882863,2,Standard
ST000332,Arunachal Pradesh,28.180653,94.698538,4,Standard
ST000333,Arunachal Pradesh,28.24253,94.746046,2,Standard
ST000334,Arunachal Pradesh,28.218816,94.759926,2,Standard
ST000335,Arunachal Pradesh,28.240129,94.78035,2,Standard
ST000336,Arunachal Pradesh,28.301053,94.886764,2,Standard
ST000337,Arunachal Pradesh,28.309852,94.778472,6,Hub
ST000338,Arunachal Pradesh,28.051848,94.832663,2,Standard
ST000339,Arunachal Pradesh,28.278656,94.779302,2,Standard
ST000340,Assam,26.370526,92.904598,4,Standard
ST000341,Assam,26.2217,92.890532,2,Standard
ST000342,Assam,26.26437,93.055145,2,Standard
ST000343,Assam,26.301168,92.889794,2,Standard
ST000344,Assam,26.150178,92.913246,2,Standard
ST000345,Assam,26.20517,92.900471,2,Standard
ST000346,Assam,26.162602,93.013731,2,Standard
ST000347,Assam,26.152173,92.935283,4,Standard
ST000348,Assam,26.292289,93.018268,4,Standard
ST000349,Assam,26.17266,93.05044,2,Standard
ST000350,Assam,26.255006,93.016971,2,Standard
ST000351,Assam,26.190452,92.935492,2,Standard
ST000352,Assam,26.186683,92.9606,2,Standard
ST000353,Assam,26.383101,93.014373,2,Standard
ST000354,Assam,26.129475,93.083123,4,Standard
ST000355,Assam,26.196626,93.073843,2,Standard
ST000356,Assam,26.20825,92.818718,2,Standard
ST000357,Assam,26.119542,92.952232,2,Standard
ST000358,Assam,26.0924,93.088774,2,Standard
ST000359,Assam,26.294239,92.768831,2,Standard
ST000360,Assam,26.304416,93.040503,2,Standard
ST000361,Assam,26.23416,92.923906,2,Standard
ST000362,Assam,26.336074,92.997743,2,Standard
ST000363,Assam,26.050333,92.861661,2,Standard
ST000364,Assam,26.30216,93.060008,2,Standard
ST000365,Assam,26.210396,92.968831,8,Hub
ST000366,Assam,26.284176,93.077444,2,Standard
ST000367,Assam,26.147459,92.847489,2,Standard
ST000368,Assam,26.089767,93.073597,2,Standard
ST000369,Assam,26.073175,93.039759,2,Standard
ST000370,Assam,26.130657,92.965733,6,Hub
ST000371,Assam,26.141974,92.951605,2,Standard
ST000372,Assam,26.19909,92.837067,6,Hub
ST000373,Assam,26.220666,93.116392,2,Standard
ST000374,Assam,26.119558,93.010058,2,Standard
ST000375,Assam,26.304504,92.868383,2,Standard
ST000376,Assam,26.340103,93.063577,2,Standard
ST000377,Assam,26.15405,92.889438,2,Standard
ST000378,Assam,26.302385,93.059497,4,Standard
ST000379,Assam,26.122858,92.864529,2,Standard
ST000380,Assam,26.324547,92.840068,2,Standard
ST000381,Assam,26.236712,92.988421,2,Standard
ST000382,Assam,26.202012,93.086383,2,Standard
ST000383,Assam,26.312058,92.961437,2,Standard
ST000384,Assam,26.214313,92.762784,2,Standard
ST000385,Assam,26.110783,93.075119,2,Standard
ST000386,Assam,26.330611,93.046027,2,Standard
ST000387,Assam,26.2559,92.994657,4,Standard
ST000388,Assam,26.209379,92.908931,2,Standard
ST000389,Assam,26.219378,93.080825,2,Standard
ST000390,Assam,26.176601,92.811636,8,Hub
ST000391,Assam,26.163158,92.835717,4,Standard
ST000392,Assam,26.199818,93.006735,2,Standard
ST000393,Assam,26.276306,93.102766,2,Standard
ST000394,Assam,26.131185,92.897489,2,Standard
ST000395,Assam,26.016516,92.9824,2,Standard
ST000396,Assam,26.267503,93.033884,4,Standard
ST000397,Assam,26.078393,92.933076,4,Standard
ST000398,Assam,26.373897,92.957405,4,Standard
ST000399,Assam,26.303501,92.890841,2,Standard
ST000400,Assam,26.139907,92.763369,2,Standard
ST000401,Assam,26.192501,92.908187,2,Standard
ST000402,Assam,26.092932,92.881638,2,Standard
ST000403,Assam,26.069732,93.005184,2,Standard
ST000404,Assam,26.370195,92.863407,2,Standard
ST000405,Assam,26.179024,92.944485,2,Standard
ST000406,Assam,26.367619,92.921644,2,Standard
ST000407,Assam,26.331102,93.06755,4,Standard
ST000408,Assam,26.271585,92.86191,2,Standard
ST000409,Assam,26.133567,92.894302,4,Standard
ST000410,Assam,26.26371,92.960214,8,Hub
ST000411,Assam,26.200902,92.936724,4,Standard
ST000412,Assam,26.160711,93.006523,4,Standard
ST000413,Assam,26.021684,92.89477,2,Standard
ST000414,Assam,26.161113,92.99466,2,Standard
ST000415,Assam,26.193505,92.847435,2,Standard
ST000416,Assam,26.214977,93.026938,2,Standard
ST000417,Assam,26.22294,92.964902,2,Standard
ST000418,Assam,26.116819,92.938459,4,Standard
ST000419,Assam,26.26295,92.900645,2,Standard
ST000420,Assam,26.090014,92.876272,2,Standard
ST000421,Assam,26.332859,92.948506,2,Standard
ST000422,Assam,26.284581,93.110497,2,Standard
ST000423,Assam,26.249904,93.004276,2,Standard
ST000424,Assam,26.371987,93.039467,2,Standard
ST000425,Assam,26.081534,92.935958,2,Standard
ST000426,Bihar,25.232967,85.37446,4,Standard
ST000427,Bihar,25.140871,85.487042,2,Standard
ST000428,Bihar,25.106708,85.349733,2,Standard
ST000429,Bihar,25.188035,85.334592,2,Standard
ST000430,Bihar,25.084034,85.307893,2,Standard
ST000431,Bihar,25.110579,85.223606,2,Standard
ST000432,Bihar,25.008981,85.299644,2,Standard
ST000433,Bihar,25.005234,85.378455,6,Hub
ST000434,Bihar,25.116506,85.343225,2,Standard
ST000435,Bihar,25.218343,85.168663,2,Standard
ST000436,Bihar,25.05822,85.351794,4,Standard
ST000437,Bihar,25.045592,85.248824,6,Hub
ST000438,Bihar,25.126934,85.31806,2,Standard
ST000439,Bihar,25.068138,85.184316,2,Standard
ST000440,Bihar,25.139853,85.320622,2,Standard
ST000441,Bihar,25.112041,85.44653,2,Standard
ST000442,Bihar,25.116762,85.315672,2,Standard
ST000443,Bihar,25.107117,85.279133,4,Standard
ST000444,Bihar,25.068769,85.274084,2,Standard
ST000445,Bihar,25.135546,85.341548,2,Standard
ST000446,Bihar,25.066429,85.144552,2,Standard
ST000447,Bihar,25.134465,85.243542,6,Hub
ST000448,Bihar,25.075919,85.277414,2,Standard
ST000449,Bihar,25.048093,85.48582,2,Standard
ST000450,Bihar,25.113145,85.314496,2,Standard
ST000451,Bihar,25.097488,85.318222,2,Standard
ST000452,Bihar,25.144796,85.419054,4,Standard
ST000453,Bihar,24.938886,85.397706,2,Standard
ST000454,Bihar,25.12421,85.250783,2,Standard
ST000455,Bihar,25.091606,85.388905,2,Standard
ST000456,Bihar,25.050887,85.284289,4,Standard
ST000457,Bihar,25.037892,85.255511,2,Standard
ST000458,Bihar,25.013497,85.285081,6,Hub
ST000459,Bihar,25.04379,85.495435,2,Standard
ST000460,Bihar,25.098493,85.28518,2,Standard
ST000461,Bihar,25.162147,85.241397,2,Standard
ST000462,Bihar,25.222226,85.214697,2,Standard
ST000463,Bihar,25.092093,85.315135,2,Standard
ST000464,Bihar,25.083417,85.420682,2,Standard
ST000465,Bihar,25.061623,85.274739,2,Standard
ST000466,Bihar,25.203061,85.441333,2,Standard
ST000467,Bihar,25.200734,85.302813,2,Standard
ST000468,Bihar,25.121832,85.361099,4,Standard
ST000469,Bihar,25.27774,85.334183,2,Standard
ST000470,Bihar,25.181259,85.390835,2,Standard
ST000471,Bihar,25.079412,85.422672,2,Standard
ST000472,Bihar,24.99976,85.17798,2,Standard
ST000473,Bihar,25.096695,85.315217,2,Standard
ST000474,Bihar,25.213531,85.449524,4,Standard
ST000475,Bihar,25.179996,85.228026,2,Standard
ST000476,Bihar,24.988749,85.234571,2,Standard
ST000477,Bihar,25.178747,85.476243,2,Standard
ST000478,Bihar,25.029238,85.350533,8,Hub
ST000479,Bihar,25.086773,85.311986,2,Standard
ST000480,Bihar,25.170211,85.440753,2,Standard
ST000481,Bihar,25.200771,85.373064,2,Standard
ST000482,Bihar,25.098375,85.390926,2,Standard
ST000483,Bihar,25.078976,85.382143,2,Standard
ST000484,Bihar,25.084615,85.254796,2,Standard
ST000485,Bihar,25.009058,85.274518,2,Standard
ST000486,Bihar,24.99938,85.152628,2,Standard
ST000487,Bihar,25.091402,85.270369,2,Standard
ST000488,Bihar,25.147549,85.323311,2,Standard
ST000489,Bihar,25.087596,85.307315,2,Standard
ST000490,Bihar,24.976763,85.315825,2,Standard
ST000491,Bihar,25.018246,85.446183,2,Standard
ST000492,Bihar,25.107881,85.322429,2,Standard
ST000493,Bihar,25.082562,85.214931,2,Standard
ST000494,Bihar,25.063276,85.232567,2,Standard
ST000495,Bihar,25.099803,85.476879,2,Standard
ST000496,Bihar,25.138549,85.180804,4,Standard
ST000497,Bihar,25.079728,85.430005,2,Standard
ST000498,Bihar,25.084339,85.327141,2,Standard
ST000499,Bihar,25.119853,85.299515,2,Standard
ST000500,Bihar,25.180976,85.285662,2,Standard
ST000501,Bihar,25.13906,85.412602,2,Standard
ST000502,Bihar,25.198307,85.20822,2,Standard
ST000503,Bihar,25.141945,85.189576,2,Standard
ST000504,Bihar,25.035843,85.154309,2,Standard
ST000505,Bihar,25.096304,85.410985,4,Standard
ST000506,Bihar,25.131639,85.50741,8,Hub
ST000507,Bihar,25.103503,85.310385,2,Standard
ST000508,Bihar,25.045115,85.135213,4,Standard
ST000509,Bihar,25.144092,85.416053,2,Standard
ST000510,Bihar,25.101954,85.309662,6,Hub
ST000511,Bihar,25.076809,85.256846,4,Standard
ST000512,Bihar,25.268808,85.224274,8,Hub
ST000513,Bihar,25.185187,85.280562,2,Standard
ST000514,Bihar,25.205429,85.184345,4,Standard
ST000515,Bihar,25.026362,85.463502,2,Standard
ST000516,Bihar,25.212145,85.34058,2,Standard
ST000517,Bihar,25.099121,85.337023,2,Standard
ST000518,Bihar,25.219394,85.37784,4,Standard
ST000519,Bihar,25.018526,85.435549,2,Standard
ST000520,Bihar,25.153916,85.338273,2,Standard
ST000521,Bihar,24.942799,85.274261,2,Standard
ST000522,Bihar,25.043691,85.426779,2,Standard
ST000523,Bihar,25.188992,85.232214,4,Standard
ST000524,Bihar,25.096622,85.317952,4,Standard
ST000525,Bihar,25.099014,85.310001,2,Standard
ST000526,Bihar,25.170763,85.238157,2,Standard
ST000527,Bihar,25.244291,85.253421,2,Standard
ST000528,Bihar,25.166236,85.31219,2,Standard
ST000529,Bihar,25.104765,85.233182,2,Standard
ST000530,Bihar,24.971601,85.328927,2,Standard
ST000531,Bihar,25.234109,85.172778,2,Standard
ST000532,Bihar,25.105672,85.230097,2,Standard
ST000533,Bihar,24.966229,85.383062,2,Standard
ST000534,Bihar,25.097657,85.33514,2,Standard
ST000535,Bihar,25.060998,85.358576,2,Standard
ST000536,Bihar,25.082697,85.357858,2,Standard
ST000537,Bihar,25.09955,85.314034,8,Hub
ST000538,Bihar,25.1814,85.306507,2,Standard
ST000539,Bihar,24.994519,85.403422,2,Standard
ST000540,Bihar,25.133746,85.499325,2,Standard
ST000541,Bihar,25.100148,85.295682,4,Standard
ST000542,Bihar,24.94333,85.400136,4,Standard
ST000543,Bihar,25.184,85.281287,2,Standard
ST000544,Bihar,25.070822,85.291259,2,Standard
ST000545,Bihar,25.142363,85.31053,2,Standard
ST000546,Bihar,25.217708,85.26735,4,Standard
ST000547,Bihar,25.016172,85.24887,2,Standard
ST000548,Bihar,25.100378,85.348146,4,Standard
ST000549,Bihar,25.102975,85.349748,2,Standard
ST000550,Chandigarh,30.746242,76.710581,2,Standard
ST000551,Chandigarh,30.91446,76.848301,4,Standard
ST000552,Chandigarh,30.871543,76.655635,2,Standard
ST000553,Chandigarh,30.768061,76.778287,2,Standard
ST000554,Chandigarh,30.612753,76.871408,2,Standard
ST000555,Chandigarh,30.72306,76.750374,4,Standard
ST000556,Chandigarh,30.751343,76.738298,2,Standard
ST000557,Chandigarh,30.750888,76.885345,2,Standard
ST000558,Chandigarh,30.636508,76.715436,2,Standard
ST000559,Chandigarh,30.880588,76.874814,4,Standard
ST000560,Chandigarh,30.730765,76.805179,4,Standard
ST000561,Chandigarh,30.879606,76.656414,2,Standard
ST000562,Chhattisgarh,21.383559,81.742742,2,Standard
ST000563,Chhattisgarh,21.216913,81.774885,2,Standard
ST000564,Chhattisgarh,21.34849,81.908558,2,Standard
ST000565,Chhattisgarh,21.242503,81.903364,4,Standard
ST000566,Chhattisgarh,21.262214,81.768305,2,Standard
ST000567,Chhattisgarh,21.317149,81.887568,2,Standard
ST000568,Chhattisgarh,21.2725,81.852193,2,Standard
ST000569,Chhattisgarh,21.337514,81.786427,2,Standard
ST000570,Chhattisgarh,21.161099,81.880516,2,Standard
ST000571,Chhattisgarh,21.310156,81.804057,2,Standard
ST000572,Chhattisgarh,21.229252,81.764331,2,Standard
ST000573,Chhattisgarh,21.259935,82.040821,2,Standard
ST000574,Chhattisgarh,21.317364,81.740213,2,Standard
ST000575,Chhattisgarh,21.381169,81.726142,2,Standard
ST000576,Chhattisgarh,21.235403,81.704393,8,Hub
ST000577,Chhattisgarh,21.234615,81.737414,2,Standard
ST000578,Chhattisgarh,21.168064,81.764007,8,Hub
ST000579,Chhattisgarh,21.374399,82.014016,2,Standard
ST000580,Chhattisgarh,21.282753,81.861883,4,Standard
ST000581,Chhattisgarh,21.290519,81.843196,2,Standard
ST000582,Chhattisgarh,21.202909,81.994037,2,Standard
ST000583,Chhattisgarh,21.365697,82.004643,2,Standard
ST000584,Chhattisgarh,21.328783,81.777824,2,Standard
ST000585,Chhattisgarh,21.336061,81.868403,8,Hub
ST000586,Chhattisgarh,21.133082,81.734553,2,Standard
ST000587,Chhattisgarh,21.243564,81.827819,2,Standard
ST000588,Chhattisgarh,21.206776,81.785538,2,Standard
ST000589,Chhattisgarh,21.282689,81.845079,2,Standard
ST000590,Chhattisgarh,21.286195,81.758106,2,Standard
ST000591,Chhattisgarh,21.345234,81.850344,2,Standard
ST000592,Chhattisgarh,21.153352,81.728133,2,Standard
ST000593,Chhattisgarh,21.428591,81.978655,4,Standard
ST000594,Chhattisgarh,21.273538,81.853553,2,Standard
ST000595,Chhattisgarh,21.234118,82.000535,2,Standard
ST000596,Chhattisgarh,21.384863,81.913915,2,Standard
ST000597,Chhattisgarh,21.20833,81.968421,6,Hub
ST000598,Chhattisgarh,21.445858,81.91551,2,Standard
ST000599,Chhattisgarh,21.469793,81.833971,2,Standard
ST000600,Chhattisgarh,21.278643,81.840083,2,Standard
ST000601,Chhattisgarh,21.278955,81.861189,2,Standard
ST000602,Chhattisgarh,21.342798,81.875068,2,Standard
ST000603,Chhattisgarh,21.125011,81.877085,2,Standard
ST000604,Chhattisgarh,21.242408,81.784638,2,Standard
ST000605,Chhattisgarh,21.249204,82.063332,2,Standard
ST000606,Chhattisgarh,21.19796,81.906487,2,Standard
ST000607,Chhattisgarh,21.360798,82.00222,2,Standard
ST000608,Chhattisgarh,21.2634,81.824682,2,Standard
ST000609,Chhattisgarh,21.396971,81.933443,4,Standard
ST000610,Chhattisgarh,21.247842,81.820993,2,Standard
ST000611,Chhattisgarh,21.307483,81.85692,2,Standard
ST000612,Chhattisgarh,21.106778,81.943941,2,Standard
ST000613,Chhattisgarh,21.166897,81.927814,4,Standard
ST000614,Chhattisgarh,21.234823,81.899003,4,Standard
ST000615,Chhattisgarh,21.360152,81.857872,8,Hub
ST000616,Chhattisgarh,21.31488,81.837707,2,Standard
ST000617,Chhattisgarh,21.280131,81.87216,2,Standard
ST000618,Chhattisgarh,21.236004,81.806021,2,Standard
ST000619,Chhattisgarh,21.341001,81.794856,2,Standard
ST000620,Chhattisgarh,21.315067,81.858734,2,Standard
ST000621,Chhattisgarh,21.38404,81.751962,2,Standard
ST000622,Chhattisgarh,21.300846,81.698601,2,Standard
ST000623,Chhattisgarh,21.287368,81.741156,2,Standard
ST000624,Chhattisgarh,21.283116,81.870877,2,Standard
ST000625,Chhattisgarh,21.38709,81.807262,2,Standard
ST000626,Chhattisgarh,21.30646,81.773883,4,Standard
ST000627,Chhattisgarh,21.297239,81.882928,2,Standard
ST000628,Chhattisgarh,21.244802,81.786996,2,Standard
ST000629,Chhattisgarh,21.308774,81.959706,8,Hub
ST000630,Chhattisgarh,21.38575,81.911794,2,Standard
ST000631,Chhattisgarh,21.259709,82.024477,2,Standard
ST000632,Chhattisgarh,21.244992,81.950674,8,Hub
ST000633,Chhattisgarh,21.293151,81.867157,2,Standard
ST000634,Chhattisgarh,21.203791,81.926119,2,Standard
ST000635,Chhattisgarh,21.231512,81.831807,2,Standard
ST000636,Chhattisgarh,21.22041,81.704252,2,Standard
ST000637,Chhattisgarh,21.280177,81.858315,2,Standard
ST000638,Chhattisgarh,21.257871,81.868664,2,Standard
ST000639,Chhattisgarh,21.288559,82.063186,2,Standard
ST000640,Chhattisgarh,21.341087,81.943968,4,Standard
ST000641,Chhattisgarh,21.175177,81.771119,2,Standard
ST000642,Chhattisgarh,21.276881,81.865385,2,Standard
ST000643,Chhattisgarh,21.230848,81.957921,2,Standard
ST000644,Chhattisgarh,21.338407,81.902878,4,Standard
ST000645,Chhattisgarh,21.294075,81.869355,2,Standard
ST000646,Chhattisgarh,21.257532,81.882114,4,Standard
ST000647,Chhattisgarh,21.153038,81.809323,2,Standard
ST000648,Chhattisgarh,21.29121,81.828075,2,Standard
ST000649,Chhattisgarh,21.289064,81.884265,2,Standard
ST000650,Chhattisgarh,21.186216,81.759278,2,Standard
ST000651,Chhattisgarh,21.462267,81.903017,2,Standard
ST000652,Chhattisgarh,21.381238,81.900827,6,Hub
ST000653,Chhattisgarh,21.234385,81.697637,2,Standard
ST000654,Chhattisgarh,21.242825,81.709819,6,Hub
ST000655,Chhattisgarh,21.191855,82.003997,2,Standard
ST000656,Chhattisgarh,21.435465,81.952429,4,Standard
ST000657,Chhattisgarh,21.122494,81.817946,2,Standard
ST000658,Chhattisgarh,21.155718,81.904088,4,Standard
ST000659,Chhattisgarh,21.134391,81.841938,2,Standard
ST000660,Chhattisgarh,21.289217,81.872023,6,Hub
ST000661,Chhattisgarh,21.279281,81.898004,2,Standard
ST000662,Chhattisgarh,21.309069,81.834478,2,Standard
ST000663,Chhattisgarh,21.345306,81.855922,2,Standard
ST000664,Chhattisgarh,21.34404,82.00989,2,Standard
ST000665,Chhattisgarh,21.224629,81.782408,2,Standard
ST000666,Chhattisgarh,21.143475,81.817067,6,Hub
ST000667,Chhattisgarh,21.305593,82.063544,2,Standard
ST000668,Chhattisgarh,21.407137,81.845586,2,Standard
ST000669,Chhattisgarh,21.321112,81.995366,2,Standard
ST000670,Chhattisgarh,21.28421,81.868787,2,Standard
ST000671,Chhattisgarh,21.274235,81.958517,2,Standard
ST000672,Chhattisgarh,21.3771,81.759009,4,Standard
ST000673,Chhattisgarh,21.274802,81.781091,2,Standard
ST000674,Chhattisgarh,21.236629,81.92723,2,Standard
ST000675,Chhattisgarh,21.286698,81.865478,2,Standard
ST000676,Chhattisgarh,21.356339,81.78027,2,Standard
ST000677,Chhattisgarh,21.144304,81.920668,2,Standard
ST000678,Chhattisgarh,21.104628,81.880715,2,Standard
ST000679,Chhattisgarh,21.347154,81.816825,2,Standard
ST000680,Chhattisgarh,21.258825,81.982891,2,Standard
ST000681,Chhattisgarh,21.314605,81.844055,4,Standard
ST000682,Chhattisgarh,21.18825,81.777932,2,Standard
ST000683,Chhattisgarh,21.275913,81.839934,4,Standard
ST000684,Chhattisgarh,21.23996,81.688469,2,Standard
ST000685,Chhattisgarh,21.299014,81.909047,2,Standard
ST000686,Chhattisgarh,21.314312,81.85963,2,Standard
ST000687,Chhattisgarh,21.338743,81.788072,2,Standard
ST000688,Chhattisgarh,21.28173,82.040224,2,Standard
ST000689,Chhattisgarh,21.181757,81.900792,2,Standard
ST000690,Chhattisgarh,21.203549,81.957838,2,Standard
ST000691,Chhattisgarh,21.319138,81.933052,2,Standard
ST000692,Chhattisgarh,21.329376,81.856239,2,Standard
ST000693,Chhattisgarh,21.242732,81.811913,2,Standard
ST000694,Chhattisgarh,21.282546,81.840209,4,Standard
ST000695,Chhattisgarh,21.367831,81.848993,2,Standard
ST000696,Chhattisgarh,21.279987,81.880743,2,Standard
ST000697,Chhattisgarh,21.328919,81.95712,4,Standard
ST000698,Chhattisgarh,21.192524,82.007718,4,Standard
ST000699,Chhattisgarh,21.233574,81.887028,2,Standard
ST000700,Chhattisgarh,21.173937,81.771199,2,Standard
ST000701,Chhattisgarh,21.295393,81.895172,4,Standard
ST000702,Chhattisgarh,21.422088,81.899736,2,Standard
ST000703,Chhattisgarh,21.229766,81.784758,2,Standard
ST000704,Chhattisgarh,21.368575,81.732359,2,Standard
ST000705,Chhattisgarh,21.129426,81.77737,2,Standard
ST000706,Chhattisgarh,21.284831,81.887628,4,Standard
ST000707,Chhattisgarh,21.277287,81.87743,2,Standard
ST000708,Chhattisgarh,21.09496,81.829648,6,Hub
ST000709,Chhattisgarh,21.30238,81.872076,2,Standard
ST000710,Chhattisgarh,21.100286,81.921357,2,Standard
ST000711,D&D and DNH,20.139935,73.109708,2,Standard
ST000712,Delhi,28.732762,77.110162,6,Hub
ST000713,Delhi,28.896443,77.086304,2,Standard
ST000714,Delhi,28.894371,77.108408,2,Standard
ST000715,Delhi,28.592716,76.969365,2,Standard
ST000716,Delhi,28.605122,77.131431,2,Standard
ST000717,Delhi,28.571055,77.111839,2,Standard
ST000718,Delhi,28.707931,77.107111,2,Standard
ST000719,Delhi,28.653927,77.234203,4,Standard
ST000720,Delhi,28.744226,77.23107,2,Standard
ST000721,Delhi,28.722546,77.098971,2,Standard
ST000722,Delhi,28.662622,77.024039,2,Standard
ST000723,Delhi,28.72805,77.076391,2,Standard
ST000724,Delhi,28.644974,76.945651,2,Standard
ST000725,Delhi,28.832558,77.0559,4,Standard
ST000726,Delhi,28.58055,77.104693,2,Standard
ST000727,Delhi,28.781648,77.018773,4,Standard
ST000728,Delhi,28.886906,77.137833,4,Standard
ST000729,Delhi,28.653918,76.976847,2,Standard
ST000730,Delhi,28.7323,77.231224,2,Standard
ST000731,Delhi,28.601757,77.183061,2,Standard
ST000732,Delhi,28.807248,77.184176,2,Standard
ST000733,Delhi,28.713742,77.102464,2,Standard
ST000734,Delhi,28.784646,77.090868,2,Standard
ST000735,Delhi,28.811755,76.988941,2,Standard
ST000736,Delhi,28.569311,77.042133,4,Standard
ST000737,Delhi,28.762502,77.046622,2,Standard
ST000738,Delhi,28.641969,77.220682,2,Standard
ST000739,Delhi,28.7583,76.960002,2,Standard
ST000740,Delhi,28.72988,77.019285,2,Standard
ST000741,Delhi,28.71404,77.080609,2,Standard
ST000742,Delhi,28.702993,77.102182,6,Hub
ST000743,Delhi,28.670996,77.16789,4,Standard
ST000744,Delhi,28.593569,77.186939,2,Standard
ST000745,Delhi,28.635476,77.160326,2,Standard
ST000746,Delhi,28.709936,77.176922,2,Standard
ST000747,Delhi,28.706184,77.11699,2,Standard
ST000748,Delhi,28.597708,77.021623,4,Standard
ST000749,Delhi,28.636323,77.03926,6,Hub
ST000750,Delhi,28.578391,77.220868,2,Standard
ST000751,Delhi,28.608952,77.091037,2,Standard
ST000752,Delhi,28.771466,77.113448,2,Standard
ST000753,Delhi,28.645887,77.157031,2,Standard
ST000754,Delhi,28.610636,77.050986,2,Standard
ST000755,Delhi,28.584956,77.006549,2,Standard
ST000756,Delhi,28.759467,76.969977,2,Standard
ST000757,Delhi,28.707605,77.101494,2,Standard
ST000758,Delhi,28.704605,77.103926,2,Standard
ST000759,Delhi,28.596238,76.958889,2,Standard
ST000760,Delhi,28.711691,77.287751,2,Standard
ST000761,Delhi,28.877747,77.17159,2,Standard
ST000762,Delhi,28.692011,77.118788,2,Standard
ST000763,Delhi,28.652947,77.107053,6,Hub
ST000764,Delhi,28.690741,77.162489,2,Standard
ST000765,Delhi,28.739366,77.000597,6,Hub
ST000766,Delhi,28.658233,77.215622,2,Standard
ST000767,Delhi,28.692591,77.049204,2,Standard
ST000768,Delhi,28.683231,77.1151,2,Standard
ST000769,Delhi,28.76121,77.226174,2,Standard
ST000770,Delhi,28.74796,77.197937,2,Standard
ST000771,Delhi,28.69866,77.081828,2,Standard
ST000772,Delhi,28.657309,77.081439,2,Standard
ST000773,Delhi,28.798197,77.080176,2,Standard
ST000774,Delhi,28.742022,76.999195,2,Standard
ST000775,Delhi,28.826049,77.136614,2,Standard
ST000776,Delhi,28.818857,77.066329,4,Standard
ST000777,Delhi,28.778579,76.942108,4,Standard
ST000778,Delhi,28.709922,77.144507,2,Standard
ST000779,Delhi,28.641084,77.049711,2,Standard
ST000780,Delhi,28.800419,76.950433,2,Standard
ST000781,Delhi,28.675437,77.140219,6,Hub
ST000782,Delhi,28.714577,77.048547,2,Standard
ST000783,Delhi,28.741438,77.026421,4,Standard
ST000784,Delhi,28.694638,77.0859,2,Standard
ST000785,Delhi,28.639754,77.03907,8,Hub
ST000786,Delhi,28.675351,77.085103,2,Standard
ST000787,Delhi,28.689884,76.930527,2,Standard
ST000788,Delhi,28.708071,77.121226,2,Standard
ST000789,Delhi,28.831081,77.1215,6,Hub
ST000790,Delhi,28.618594,77.034354,6,Hub
ST000791,Delhi,28.712949,77.180179,2,Standard
ST000792,Delhi,28.621743,77.046926,4,Standard
ST000793,Delhi,28.731308,77.100408,2,Standard
ST000794,Delhi,28.676777,77.026392,4,Standard
ST000795,Delhi,28.574939,77.165073,4,Standard
ST000796,Delhi,28.633949,76.917075,2,Standard
ST000797,Delhi,28.718506,77.117534,2,Standard
ST000798,Delhi,28.68553,76.988323,2,Standard
ST000799,Delhi,28.701698,77.118201,2,Standard
ST000800,Delhi,28.857656,77.194172,4,Standard
ST000801,Delhi,28.727201,77.162908,2,Standard
ST000802,Delhi,28.714476,77.172737,2,Standard
ST000803,Delhi,28.798191,77.146361,2,Standard
ST000804,Delhi,28.849943,77.168475,2,Standard
ST000805,Delhi,28.715134,77.209937,2,Standard
ST000806,Delhi,28.799038,77.013436,4,Standard
ST000807,Delhi,28.640619,77.089163,2,Standard
ST000808,Delhi,28.637393,77.218598,4,Standard
ST000809,Delhi,28.836378,77.097627,2,Standard
ST000810,Delhi,28.567496,77.050603,4,Standard
ST000811,Delhi,28.692358,77.105109,2,Standard
ST000812,Delhi,28.52706,77.029432,2,Standard
ST000813,Delhi,28.766517,77.225579,2,Standard
ST000814,Delhi,28.736617,77.204613,6,Hub
ST000815,Delhi,28.778061,77.153911,2,Standard
ST000816,Delhi,28.706791,77.033038,2,Standard
ST000817,Delhi,28.623041,76.965609,4,Standard
ST000818,Delhi,28.746201,77.081769,2,Standard
ST000819,Delhi,28.679516,77.120523,2,Standard
ST000820,Delhi,28.889293,77.093747,2,Standard
ST000821,Delhi,28.540973,77.060663,2,Standard
ST000822,Delhi,28.580463,77.086124,2,Standard
ST000823,Delhi,28.832083,77.182736,2,Standard
ST000824,Delhi,28.818915,77.221298,4,Standard
ST000825,Delhi,28.732433,76.963612,2,Standard
ST000826,Delhi,28.763168,77.116156,2,Standard
ST000827,Delhi,28.698172,77.174283,2,Standard
ST000828,Delhi,28.86379,77.200555,2,Standard
ST000829,Delhi,28.646453,77.082235,2,Standard
ST000830,Delhi,28.632751,77.156435,4,Standard
ST000831,Delhi,28.620888,77.041567,6,Hub
ST000832,Delhi,28.791015,77.054285,4,Standard
ST000833,Delhi,28.874178,77.094113,2,Standard
ST000834,Delhi,28.752071,77.282331,4,Standard
ST000835,Delhi,28.825803,77.211667,4,Standard
ST000836,Delhi,28.575627,77.222201,2,Standard
ST000837,Delhi,28.812996,76.983663,2,Standard
ST000838,Delhi,28.719265,77.043481,2,Standard
ST000839,Delhi,28.774501,77.141735,2,Standard
ST000840,Delhi,28.768346,77.225751,6,Hub
ST000841,Delhi,28.593313,77.26312,2,Standard
ST000842,Delhi,28.600022,76.975116,2,Standard
ST000843,Delhi,28.82011,77.230033,2,Standard
ST000844,Delhi,28.790263,77.057057,2,Standard
ST000845,Delhi,28.583978,77.0078,2,Standard
ST000846,Delhi,28.749823,77.192012,6,Hub
ST000847,Delhi,28.680562,77.119906,2,Standard
ST000848,Delhi,28.694922,77.112582,4,Standard
ST000849,Delhi,28.730779,77.106865,2,Standard
ST000850,Delhi,28.811068,77.077256,2,Standard
ST000851,Delhi,28.788613,77.084067,2,Standard
ST000852,Delhi,28.665764,77.196188,4,Standard
ST000853,Delhi,28.684475,77.11034,2,Standard
ST000854,Delhi,28.676732,77.069065,2,Standard
ST000855,Delhi,28.609075,77.013727,2,Standard
ST000856,Delhi,28.711185,77.112518,6,Hub
ST000857,Delhi,28.721764,77.012252,2,Standard
ST000858,Delhi,28.889933,77.173608,2,Standard
ST000859,Delhi,28.834046,77.151865,2,Standard
ST000860,Delhi,28.751685,77.097603,2,Standard
ST000861,Delhi,28.719309,77.121423,4,Standard
ST000862,Delhi,28.697461,77.121587,6,Hub
ST000863,Delhi,28.699671,77.090855,2,Standard
ST000864,Delhi,28.50511,77.090706,4,Standard
ST000865,Delhi,28.752235,76.989262,2,Standard
ST000866,Delhi,28.660909,77.219566,2,Standard
ST000867,Delhi,28.62011,77.088091,4,Standard
ST000868,Delhi,28.824906,77.232302,2,Standard
ST000869,Delhi,28.667097,77.114578,2,Standard
ST000870,Delhi,28.648257,77.16367,2,Standard
ST000871,Delhi,28.772787,76.972848,2,Standard
ST000872,Delhi,28.704367,77.10031,2,Standard
ST000873,Delhi,28.620884,77.150903,2,Standard
ST000874,Delhi,28.755685,77.108751,4,Standard
ST000875,Delhi,28.705872,77.075135,2,Standard
ST000876,Delhi,28.662115,77.093029,2,Standard
ST000877,Delhi,28.7522,77.10617,6,Hub
ST000878,Delhi,28.862569,77.078292,2,Standard
ST000879,Delhi,28.798541,77.077984,2,Standard
ST000880,Delhi,28.788658,77.172216,2,Standard
ST000881,Delhi,28.542119,77.150248,2,Standard
ST000882,Delhi,28.783785,77.15894,2,Standard
ST000883,Delhi,28.742252,77.155045,2,Standard
ST000884,Delhi,28.696545,77.007597,4,Standard
ST000885,Delhi,28.648002,77.157975,8,Hub
ST000886,Delhi,28.552166,77.142074,4,Standard
ST000887,Delhi,28.852902,76.982648,2,Standard
ST000888,Delhi,28.718596,77.041107,2,Standard
ST000889,Delhi,28.67093,77.021509,4,Standard
ST000890,Delhi,28.699165,77.270602,2,Standard
ST000891,Delhi,28.879221,77.145622,4,Standard
ST000892,Delhi,28.580375,77.133046,2,Standard
ST000893,Delhi,28.607562,76.951736,2,Standard
ST000894,Delhi,28.62387,77.00955,2,Standard
ST000895,Delhi,28.798822,77.144662,2,Standard
ST000896,Delhi,28.790664,77.221911,2,Standard
ST000897,Delhi,28.568455,77.092063,2,Standard
ST000898,Delhi,28.72048,77.10689,2,Standard
ST000899,Delhi,28.701072,77.088405,4,Standard
ST000900,Delhi,28.706283,77.103548,6,Hub
ST000901,Delhi,28.846127,77.062686,2,Standard
ST000902,Delhi,28.668267,77.149758,2,Standard
ST000903,Delhi,28.613268,77.228011,2,Standard
ST000904,Delhi,28.684524,77.071057,2,Standard
ST000905,Delhi,28.713132,77.119984,2,Standard
ST000906,Delhi,28.622431,76.973268,2,Standard
ST000907,Delhi,28.703705,77.10667,4,Standard
ST000908,Delhi,28.87244,77.19806,4,Standard
ST000909,Delhi,28.660766,77.250116,2,Standard
ST000910,Delhi,28.649972,77.0486,2,Standard
ST000911,Delhi,28.710772,77.125842,2,Standard
ST000912,Delhi,28.587896,77.000036,2,Standard
ST000913,Delhi,28.638519,77.019145,2,Standard
ST000914,Delhi,28.891108,77.152967,2,Standard
ST000915,Delhi,28.721747,77.046658,2,Standard
ST000916,Delhi,28.823524,77.087391,2,Standard
ST000917,Delhi,28.574104,77.028435,2,Standard
ST000918,Delhi,28.753788,76.980969,2,Standard
ST000919,Delhi,28.750999,77.15126,2,Standard
ST000920,Delhi,28.744514,77.082885,2,Standard
ST000921,Delhi,28.644092,77.164683,2,Standard
ST000922,Delhi,28.59029,77.148053,2,Standard
ST000923,Delhi,28.749192,77.085647,2,Standard
ST000924,Delhi,28.732634,77.129806,2,Standard
ST000925,Delhi,28.802012,77.018262,2,Standard
ST000926,Delhi,28.667595,77.261554,4,Standard
ST000927,Delhi,28.813137,76.972984,2,Standard
ST000928,Delhi,28.748143,77.077899,2,Standard
ST000929,Delhi,28.707017,77.010438,6,Hub
ST000930,Delhi,28.783708,76.980473,6,Hub
ST000931,Delhi,28.725807,76.973075,2,Standard
ST000932,Delhi,28.7521,77.200368,4,Standard
ST000933,Delhi,28.890709,77.08447,2,Standard
ST000934,Delhi,28.735858,77.111333,6,Hub
ST000935,Delhi,28.802338,77.209417,2,Standard
ST000936,Delhi,28.721742,77.063613,4,Standard
ST000937,Delhi,28.536073,77.096318,4,Standard
ST000938,Delhi,28.692404,76.994685,2,Standard
ST000939,Delhi,28.618375,77.047834,4,Standard
ST000940,Delhi,28.670839,77.210499,2,Standard
ST000941,Delhi,28.638666,76.940555,2,Standard
ST000942,Delhi,28.604362,76.987502,2,Standard
ST000943,Delhi,28.753528,77.180463,6,Hub
ST000944,Delhi,28.753351,77.105391,2,Standard
ST000945,Delhi,28.67487,76.906303,2,Standard
ST000946,Delhi,28.769306,77.149362,2,Standard
ST000947,Delhi,28.716727,77.063696,2,Standard
ST000948,Delhi,28.56618,77.052763,2,Standard
ST000949,Delhi,28.676047,77.077457,2,Standard
ST000950,Delhi,28.607723,77.226131,6,Hub
ST000951,Delhi,28.703114,77.10215,2,Standard
ST000952,Delhi,28.704587,77.095455,2,Standard
ST000953,Delhi,28.703015,77.062018,2,Standard
ST000954,Delhi,28.77515,77.083338,2,Standard
ST000955,Delhi,28.69026,77.128866,2,Standard
ST000956,Delhi,28.644083,77.267238,2,Standard
ST000957,Delhi,28.777742,77.100804,2,Standard
ST000958,Delhi,28.567149,77.148324,2,Standard
ST000959,Delhi,28.793657,77.024733,4,Standard
ST000960,Delhi,28.640013,77.154491,6,Hub
ST000961,Delhi,28.703884,77.101894,2,Standard
ST000962,Delhi,28.652146,77.053964,2,Standard
ST000963,Delhi,28.709199,77.084614,2,Standard
ST000964,Delhi,28.622303,77.051877,4,Standard
ST000965,Delhi,28.695979,77.092386,2,Standard
ST000966,Delhi,28.605688,77.048411,4,Standard
ST000967,Delhi,28.592064,77.057603,2,Standard
ST000968,Delhi,28.632335,76.958382,2,Standard
ST000969,Delhi,28.683603,77.266232,2,Standard
ST000970,Delhi,28.688689,77.102669,2,Standard
ST000971,Delhi,28.766475,77.126541,2,Standard
ST000972,Delhi,28.734886,76.964353,2,Standard
ST000973,Delhi,28.728955,77.002076,2,Standard
ST000974,Delhi,28.676667,77.113322,2,Standard
ST000975,Delhi,28.663148,77.179037,2,Standard
ST000976,Delhi,28.74156,77.125813,2,Standard
ST000977,Delhi,28.58411,77.01735,2,Standard
ST000978,Delhi,28.890713,77.100562,2,Standard
ST000979,Delhi,28.65145,77.036727,2,Standard
ST000980,Delhi,28.601063,76.983869,2,Standard
ST000981,Delhi,28.764445,77.157992,2,Standard
ST000982,Delhi,28.745153,77.037633,2,Standard
ST000983,Delhi,28.59833,77.0512,2,Standard
ST000984,Delhi,28.733091,77.168894,6,Hub
ST000985,Delhi,28.701447,77.107018,2,Standard
ST000986,Delhi,28.868522,77.127687,2,Standard
ST000987,Delhi,28.689133,77.205029,2,Standard
ST000988,Delhi,28.647397,77.281888,2,Standard
ST000989,Delhi,28.699083,77.188285,2,Standard
ST000990,Delhi,28.821457,76.981747,2,Standard
ST000991,Delhi,28.766833,77.250264,2,Standard
ST000992,Delhi,28.610821,77.127586,2,Standard
ST000993,Delhi,28.714876,77.11449,2,Standard
ST000994,Delhi,28.690381,77.00416,2,Standard
ST000995,Delhi,28.569533,77.158884,2,Standard
ST000996,Delhi,28.707193,77.070869,4,Standard
ST000997,Delhi,28.683266,77.085215,2,Standard
ST000998,Delhi,28.705235,76.971114,2,Standard
ST000999,Delhi,28.717382,77.098787,2,Standard
ST001000,Delhi,28.75695,77.122301,2,Standard
ST001001,Delhi,28.70047,77.151762,4,Standard
ST001002,Delhi,28.745599,77.074773,2,Standard
ST001003,Delhi,28.68322,77.252938,2,Standard
ST001004,Delhi,28.55644,77.150745,2,Standard
ST001005,Delhi,28.793505,77.141433,4,Standard
ST001006,Delhi,28.716352,77.105127,2,Standard
ST001007,Delhi,28.727274,77.087055,2,Standard
ST001008,Delhi,28.623581,77.085867,2,Standard
ST001009,Delhi,28.600763,77.249841,2,Standard
ST001010,Delhi,28.835612,77.120647,2,Standard
ST001011,Delhi,28.813183,77.076959,4,Standard
ST001012,Delhi,28.713739,77.098459,2,Standard
ST001013,Delhi,28.658696,77.127911,2,Standard
ST001014,Delhi,28.680507,76.907664,2,Standard
ST001015,Delhi,28.698733,77.233225,2,Standard
ST001016,Delhi,28.740322,77.209607,4,Standard
ST001017,Delhi,28.514669,77.146179,2,Standard
ST001018,Delhi,28.64983,77.058444,2,Standard
ST001019,Delhi,28.726904,77.122375,4,Standard
ST001020,Delhi,28.711853,77.152091,2,Standard
ST001021,Delhi,28.770427,77.011948,2,Standard
ST001022,Delhi,28.681394,77.099139,4,Standard
ST001023,Delhi,28.796346,76.991193,2,Standard
ST001024,Delhi,28.833063,77.160893,2,Standard
ST001025,Delhi,28.688363,77.098084,2,Standard
ST001026,Delhi,28.610469,77.127609,2,Standard
ST001027,Delhi,28.799586,77.265767,2,Standard
ST001028,Delhi,28.782732,76.994238,2,Standard
ST001029,Delhi,28.624047,77.121828,2,Standard
ST001030,Delhi,28.640522,77.013857,2,Standard
ST001031,Delhi,28.798854,77.14159,2,Standard
ST001032,Delhi,28.735973,77.01636,2,Standard
ST001033,Delhi,28.85305,77.15293,2,Standard
ST001034,Delhi,28.719662,77.151828,2,Standard
ST001035,Delhi,28.737823,77.159284,2,Standard
ST001036,Delhi,28.708505,76.998716,2,Standard
ST001037,Delhi,28.753207,77.271058,2,Standard
ST001038,Delhi,28.830711,76.982977,2,Standard
ST001039,Delhi,28.710448,77.192524,2,Standard
ST001040,Delhi,28.857816,77.087959,2,Standard
ST001041,Delhi,28.716951,77.104715,2,Standard
ST001042,Delhi,28.526906,77.143359,6,Hub
ST001043,Delhi,28.607467,77.078527,2,Standard
ST001044,Delhi,28.807652,77.183318,2,Standard
ST001045,Delhi,28.737402,77.034091,4,Standard
ST001046,Delhi,28.735008,76.912097,2,Standard
ST001047,Delhi,28.734079,77.202781,2,Standard
ST001048,Delhi,28.667433,77.256773,6,Hub
ST001049,Delhi,28.59197,77.043046,2,Standard
ST001050,Delhi,28.727583,77.026868,4,Standard
ST001051,Delhi,28.795891,77.048285,2,Standard
ST001052,Delhi,28.78018,77.219045,4,Standard
ST001053,Delhi,28.721109,77.041474,2,Standard
ST001054,Delhi,28.817127,76.960836,2,Standard
ST001055,Delhi,28.671006,77.2964,2,Standard
ST001056,Delhi,28.729714,77.133746,2,Standard
ST001057,Delhi,28.775908,77.266245,2,Standard
ST001058,Delhi,28.686889,77.077416,2,Standard
ST001059,Delhi,28.58959,77.147569,2,Standard
ST001060,Delhi,28.856866,77.190867,4,Standard
ST001061,Delhi,28.737491,77.007135,2,Standard
ST001062,Delhi,28.785876,77.085365,4,Standard
ST001063,Delhi,28.837019,77.089185,2,Standard
ST001064,Delhi,28.682099,77.077648,2,Standard
ST001065,Delhi,28.76713,77.044732,2,Standard
ST001066,Delhi,28.705421,77.104648,2,Standard
ST001067,Delhi,28.605968,77.063821,2,Standard
ST001068,Delhi,28.670026,76.927739,2,Standard
ST001069,Delhi,28.832565,77.172502,2,Standard
ST001070,Delhi,28.76987,77.261034,2,Standard
ST001071,Delhi,28.749575,77.004366,2,Standard
ST001072,Delhi,28.688558,77.041581,4,Standard
ST001073,Delhi,28.542462,77.132107,2,Standard
ST001074,Delhi,28.634871,77.120616,2,Standard
ST001075,Delhi,28.53856,77.108522,8,Hub
ST001076,Delhi,28.686371,77.13239,2,Standard
ST001077,Delhi,28.665046,76.941987,2,Standard
ST001078,Delhi,28.742799,77.130854,4,Standard
ST001079,Delhi,28.747789,77.156664,2,Standard
ST001080,Delhi,28.561563,77.148466,4,Standard
ST001081,Delhi,28.631832,77.001508,2,Standard
ST001082,Delhi,28.603161,77.237158,2,Standard
ST001083,Delhi,28.511457,77.137636,2,Standard
ST001084,Delhi,28.687298,77.083648,8,Hub
ST001085,Delhi,28.675011,77.044349,4,Standard
ST001086,Delhi,28.698675,77.089672,4,Standard
ST001087,Delhi,28.781913,77.254936,2,Standard
ST001088,Delhi,28.728022,77.26819,2,Standard
ST001089,Delhi,28.680582,77.228907,2,Standard
ST001090,Delhi,28.668855,77.006217,4,Standard
ST001091,Delhi,28.689616,77.142486,2,Standard
ST001092,Delhi,28.763572,77.115085,2,Standard
ST001093,Delhi,28.596834,76.948517,2,Standard
ST001094,Delhi,28.809824,76.991609,2,Standard
ST001095,Delhi,28.735917,76.973365,2,Standard
ST001096,Delhi,28.692381,77.28356,2,Standard
ST001097,Delhi,28.650554,77.004029,2,Standard
ST001098,Delhi,28.772637,77.15992,4,Standard
ST001099,Delhi,28.536523,77.145125,2,Standard
ST001100,Delhi,28.631264,77.080519,2,Standard
ST001101,Delhi,28.726009,77.099284,2,Standard
ST001102,Delhi,28.696671,77.106431,6,Hub
ST001103,Delhi,28.69246,76.919254,2,Standard
ST001104,Delhi,28.671893,77.27112,2,Standard
ST001105,Delhi,28.656346,77.278283,2,Standard
ST001106,Delhi,28.708107,76.941569,2,Standard
ST001107,Delhi,28.895431,77.12424,6,Hub
ST001108,Delhi,28.695198,77.042203,4,Standard
ST001109,Delhi,28.731037,77.053057,2,Standard
ST001110,Delhi,28.719795,77.086356,2,Standard
ST001111,Delhi,28.673074,76.998907,2,Standard
ST001112,Delhi,28.743849,77.130077,2,Standard
ST001113,Delhi,28.797569,77.109799,2,Standard
ST001114,Delhi,28.666216,77.216017,2,Standard
ST001115,Delhi,28.686557,77.159861,2,Standard
ST001116,Delhi,28.703688,77.09288,4,Standard
ST001117,Delhi,28.843799,77.004835,2,Standard
ST001118,Delhi,28.645514,76.999329,2,Standard
ST001119,Delhi,28.732999,77.079289,2,Standard
ST001120,Delhi,28.746225,77.125305,2,Standard
ST001121,Delhi,28.706017,77.095836,4,Standard
ST001122,Delhi,28.531357,77.003527,2,Standard
ST001123,Delhi,28.768379,77.020376,2,Standard
ST001124,Delhi,28.857258,77.16723,2,Standard
ST001125,Delhi,28.685417,77.089108,2,Standard
ST001126,Delhi,28.855297,77.203674,4,Standard
ST001127,Delhi,28.623468,76.957561,2,Standard
ST001128,Delhi,28.786957,77.023686,4,Standard
ST001129,Delhi,28.618531,77.093082,4,Standard
ST001130,Delhi,28.668607,77.181842,6,Hub
ST001131,Delhi,28.722095,76.983468,4,Standard
ST001132,Delhi,28.773314,77.047066,2,Standard
ST001133,Delhi,28.605358,77.02381,6,Hub
ST001134,Delhi,28.586259,77.025941,2,Standard
ST001135,Delhi,28.712183,77.204653,2,Standard
ST001136,Delhi,28.765094,77.149337,2,Standard
ST001137,Delhi,28.574047,77.112598,2,Standard
ST001138,Delhi,28.818474,77.065759,2,Standard
ST001139,Delhi,28.700026,77.001329,2,Standard
ST001140,Delhi,28.694659,77.091912,2,Standard
ST001141,Delhi,28.702103,77.174843,2,Standard
ST001142,Delhi,28.695106,77.10407,2,Standard
ST001143,Delhi,28.739383,77.145163,4,Standard
ST001144,Delhi,28.769312,77.09071,2,Standard
ST001145,Delhi,28.66513,77.106916,2,Standard
ST001146,Delhi,28.661022,77.066506,2,Standard
ST001147,Delhi,28.731679,77.202065,2,Standard
ST001148,Delhi,28.705632,77.102553,2,Standard
ST001149,Delhi,28.705518,77.109706,2,Standard
ST001150,Delhi,28.756851,77.145049,2,Standard
ST001151,Delhi,28.741218,76.994279,2,Standard
ST001152,Delhi,28.645588,77.097833,2,Standard
ST001153,Delhi,28.776314,77.069486,6,Hub
ST001154,Delhi,28.809492,77.166714,2,Standard
ST001155,Delhi,28.756223,77.147781,4,Standard
ST001156,Delhi,28.529445,77.09436,2,Standard
ST001157,Delhi,28.563764,77.108193,2,Standard
ST001158,Delhi,28.730371,77.101313,8,Hub
ST001159,Delhi,28.691886,77.180464,4,Standard
ST001160,Delhi,28.631614,77.141272,2,Standard
ST001161,Delhi,28.823513,77.024179,2,Standard
ST001162,Delhi,28.65591,77.063691,2,Standard
ST001163,Delhi,28.789522,76.931653,2,Standard
ST001164,Delhi,28.704235,77.102218,2,Standard
ST001165,Delhi,28.697405,77.094769,4,Standard
ST001166,Delhi,28.703531,77.114391,4,Standard
ST001167,Delhi,28.594964,77.01916,2,Standard
ST001168,Delhi,28.761847,77.153082,4,Standard
ST001169,Delhi,28.633062,77.122541,2,Standard
ST001170,Delhi,28.764809,77.16025,2,Standard
ST001171,Delhi,28.704205,77.088299,2,Standard
ST001172,Delhi,28.766239,77.136753,2,Standard
ST001173,Delhi,28.828951,77.054627,4,Standard
ST001174,Delhi,28.672734,77.037265,4,Standard
ST001175,Delhi,28.702415,77.101375,2,Standard
ST001176,Delhi,28.584253,76.964658,2,Standard
ST001177,Delhi,28.571279,76.988954,4,Standard
ST001178,Delhi,28.700175,77.07871,4,Standard
ST001179,Delhi,28.71497,77.094856,2,Standard
ST001180,Delhi,28.676318,77.096479,2,Standard
ST001181,Delhi,28.788279,77.108703,4,Standard
ST001182,Delhi,28.676958,77.195834,2,Standard
ST001183,Delhi,28.696361,77.098421,2,Standard
ST001184,Delhi,28.784089,77.180507,4,Standard
ST001185,Delhi,28.623523,77.224053,2,Standard
ST001186,Delhi,28.606674,76.964261,4,Standard
ST001187,Delhi,28.673702,77.022066,2,Standard
ST001188,Delhi,28.678471,77.05375,2,Standard
ST001189,Delhi,28.649425,77.250522,2,Standard
ST001190,Delhi,28.553387,77.155246,2,Standard
ST001191,Delhi,28.77948,76.94844,2,Standard
ST001192,Delhi,28.77874,77.059387,2,Standard
ST001193,Delhi,28.655274,77.208208,2,Standard
ST001194,Delhi,28.621164,77.189524,6,Hub
ST001195,Delhi,28.666175,76.970145,2,Standard
ST001196,Delhi,28.680569,77.126164,2,Standard
ST001197,Delhi,28.678255,77.114557,2,Standard
ST001198,Delhi,28.757428,77.058438,2,Standard
ST001199,Delhi,28.706975,77.1067,2,Standard
ST001200,Delhi,28.626549,77.001448,2,Standard
ST001201,Delhi,28.696369,77.11458,4,Standard
ST001202,Delhi,28.651624,77.135974,2,Standard
ST001203,Delhi,28.65054,76.993826,2,Standard
ST001204,Delhi,28.675365,77.135262,2,Standard
ST001205,Delhi,28.794644,77.095681,2,Standard
ST001206,Delhi,28.693469,77.076477,2,Standard
ST001207,Delhi,28.698615,77.102998,4,Standard
ST001208,Delhi,28.51141,77.095893,2,Standard
ST001209,Delhi,28.698276,77.107687,2,Standard
ST001210,Delhi,28.780234,77.117498,2,Standard
ST001211,Delhi,28.706602,77.106444,6,Hub
ST001212,Delhi,28.707679,77.010865,2,Standard
ST001213,Delhi,28.66016,77.277072,2,Standard
ST001214,Delhi,28.846601,77.229955,2,Standard
ST001215,Delhi,28.634595,77.266022,2,Standard
ST001216,Delhi,28.572156,77.002858,2,Standard
ST001217,Delhi,28.76149,77.096716,2,Standard
ST001218,Delhi,28.779685,77.083667,4,Standard
ST001219,Delhi,28.65289,77.147356,2,Standard
ST001220,Delhi,28.674309,77.094569,2,Standard
ST001221,Delhi,28.60187,77.066627,2,Standard
ST001222,Delhi,28.716557,76.936236,2,Standard
ST001223,Delhi,28.647818,77.124603,2,Standard
ST001224,Delhi,28.701818,77.141358,2,Standard
ST001225,Delhi,28.768146,77.126769,6,Hub
ST001226,Delhi,28.679577,77.294221,2,Standard
ST001227,Delhi,28.639161,77.077864,2,Standard
ST001228,Delhi,28.679744,77.089017,4,Standard
ST001229,Delhi,28.586515,77.145633,2,Standard
ST001230,Delhi,28.62394,77.108101,2,Standard
ST001231,Delhi,28.880031,77.095697,2,Standard
ST001232,Delhi,28.622775,77.022788,2,Standard
ST001233,Delhi,28.674865,77.074817,4,Standard
ST001234,Delhi,28.69786,77.107332,2,Standard
ST001235,Delhi,28.596775,77.119121,2,Standard
ST001236,Delhi,28.730967,77.293425,4,Standard
ST001237,Delhi,28.825779,77.024694,2,Standard
ST001238,Delhi,28.53392,77.066268,2,Standard
ST001239,Delhi,28.811855,77.218194,2,Standard
ST001240,Delhi,28.816545,77.214692,2,Standard
ST001241,Delhi,28.675823,77.275624,2,Standard
ST001242,Delhi,28.732039,77.092251,2,Standard
ST001243,Delhi,28.513273,77.148091,2,Standard
ST001244,Delhi,28.532328,77.120473,2,Standard
ST001245,Delhi,28.640401,77.062784,2,Standard
ST001246,Delhi,28.695038,77.142122,2,Standard
ST001247,Delhi,28.709826,77.025404,2,Standard
ST001248,Delhi,28.605882,77.09553,2,Standard
ST001249,Delhi,28.550994,77.021707,2,Standard
ST001250,Delhi,28.785021,77.092659,2,Standard
ST001251,Delhi,28.775665,76.967376,2,Standard
ST001252,Delhi,28.532936,77.017271,2,Standard
ST001253,Delhi,28.710791,77.123303,2,Standard
ST001254,Delhi,28.757478,77.032751,2,Standard
ST001255,Delhi,28.806318,76.956022,2,Standard
ST001256,Delhi,28.867361,77.170074,4,Standard
ST001257,Delhi,28.607349,77.13507,4,Standard
ST001258,Delhi,28.574407,76.970185,2,Standard
ST001259,Delhi,28.798782,77.113927,2,Standard
ST001260,Delhi,28.648973,76.968884,2,Standard
ST001261,Delhi,28.694601,77.077347,4,Standard
ST001262,Delhi,28.682189,77.170815,4,Standard
ST001263,Delhi,28.7228,77.049978,2,Standard
ST001264,Delhi,28.7509,77.288183,4,Standard
ST001265,Delhi,28.903355,77.113608,2,Standard
ST001266,Delhi,28.630571,76.954015,2,Standard
ST001267,Delhi,28.703308,77.105251,2,Standard
ST001268,Delhi,28.691397,76.936155,2,Standard
ST001269,Delhi,28.702391,77.073981,4,Standard
ST001270,Delhi,28.707412,76.948751,2,Standard
ST001271,Delhi,28.620816,76.973888,2,Standard
ST001272,Delhi,28.773666,77.001401,2,Standard
ST001273,Delhi,28.786899,77.154033,2,Standard
ST001274,Delhi,28.776099,77.140708,2,Standard
ST001275,Delhi,28.693084,77.109775,2,Standard
ST001276,Delhi,28.691185,77.120556,2,Standard
ST001277,Delhi,28.771915,76.92551,2,Standard
ST001278,Delhi,28.875741,77.186341,2,Standard
ST001279,Delhi,28.644789,77.09403,2,Standard
ST001280,Delhi,28.792774,77.148996,2,Standard
ST001281,Delhi,28.743141,76.966578,2,Standard
ST001282,Delhi,28.71796,77.107025,2,Standard
ST001283,Delhi,28.655702,77.136345,2,Standard
ST001284,Delhi,28.710308,77.158357,2,Standard
ST001285,Delhi,28.765383,76.927049,2,Standard
ST001286,Delhi,28.554149,77.204265,2,Standard
ST001287,Delhi,28.66272,77.188334,2,Standard
ST001288,Delhi,28.72332,77.229145,8,Hub
ST001289,Delhi,28.823748,77.086606,2,Standard
ST001290,Delhi,28.622892,77.203455,4,Standard
ST001291,Delhi,28.831407,77.226523,2,Standard
ST001292,Delhi,28.614247,77.100759,2,Standard
ST001293,Delhi,28.596892,77.038308,2,Standard
ST001294,Delhi,28.826974,77.162004,4,Standard
ST001295,Delhi,28.711336,77.245107,2,Standard
ST001296,Delhi,28.77487,76.95812,2,Standard
ST001297,Delhi,28.605675,77.068801,2,Standard
ST001298,Delhi,28.80077,77.223749,2,Standard
ST001299,Delhi,28.690777,77.200942,4,Standard
ST001300,Delhi,28.69838,77.128647,4,Standard
ST001301,Delhi,28.696639,77.094599,2,Standard
ST001302,Delhi,28.703559,77.038985,2,Standard
ST001303,Delhi,28.806326,77.102587,4,Standard
ST001304,Delhi,28.756958,77.118526,2,Standard
ST001305,Delhi,28.700752,77.090417,2,Standard
ST001306,Delhi,28.704507,77.101853,4,Standard
ST001307,Delhi,28.707057,77.250651,2,Standard
ST001308,Delhi,28.695858,77.121137,2,Standard
ST001309,Delhi,28.669568,77.144118,2,Standard
ST001310,Delhi,28.738577,77.050166,2,Standard
ST001311,Delhi,28.7473,76.929436,2,Standard
ST001312,Delhi,28.537621,77.176015,2,Standard
ST001313,Delhi,28.565787,77.236841,2,Standard
ST001314,Delhi,28.820441,77.175606,4,Standard
ST001315,Delhi,28.626629,77.105513,4,Standard
ST001316,Delhi,28.609498,76.998255,2,Standard
ST001317,Delhi,28.737478,77.103415,4,Standard
ST001318,Delhi,28.673432,76.972799,4,Standard
ST001319,Delhi,28.852857,77.070275,2,Standard
ST001320,Delhi,28.83794,77.05973,2,Standard
ST001321,Delhi,28.697834,77.12262,2,Standard
ST001322,Delhi,28.729689,76.976237,2,Standard
ST001323,Delhi,28.772835,77.12397,2,Standard
ST001324,Delhi,28.800516,77.075667,2,Standard
ST001325,Delhi,28.620616,77.14005,2,Standard
ST001326,Delhi,28.72294,77.173794,2,Standard
ST001327,Delhi,28.696941,77.110141,2,Standard
ST001328,Delhi,28.713276,77.019706,2,Standard
ST001329,Delhi,28.778613,76.949623,4,Standard
ST001330,Delhi,28.735197,77.23024,2,Standard
ST001331,Delhi,28.530732,77.133003,2,Standard
ST001332,Delhi,28.733056,77.234934,2,Standard
ST001333,Delhi,28.658066,77.0655,2,Standard
ST001334,Delhi,28.7893,77.201122,2,Standard
ST001335,Delhi,28.699581,77.039536,4,Standard
ST001336,Delhi,28.655599,77.040108,2,Standard
ST001337,Delhi,28.694971,77.063717,4,Standard
ST001338,Delhi,28.74844,77.06592,2,Standard
ST001339,Delhi,28.696265,77.111079,2,Standard
ST001340,Delhi,28.782967,77.169017,2,Standard
ST001341,Delhi,28.685667,77.268576,2,Standard
ST001342,Delhi,28.779596,77.10949,2,Standard
ST001343,Delhi,28.702083,77.105798,2,Standard
ST001344,Delhi,28.76283,77.160765,8,Hub
ST001345,Delhi,28.623323,77.106124,4,Standard
ST001346,Delhi,28.587315,77.079508,4,Standard
ST001347,Delhi,28.796739,77.108284,2,Standard
ST001348,Delhi,28.805188,77.078901,2,Standard
ST001349,Delhi,28.676675,77.04648,2,Standard
ST001350,Delhi,28.727314,76.949669,2,Standard
ST001351,Delhi,28.510642,77.076458,2,Standard
ST001352,Delhi,28.706488,77.104905,2,Standard
ST001353,Delhi,28.724492,76.942362,2,Standard
ST001354,Delhi,28.742773,77.138911,4,Standard
ST001355,Delhi,28.762405,77.108956,6,Hub
ST001356,Delhi,28.71911,77.000001,2,Standard
ST001357,Delhi,28.661122,77.163167,4,Standard
ST001358,Delhi,28.764058,77.10301,2,Standard
ST001359,Delhi,28.586098,76.947459,2,Standard
ST001360,Delhi,28.706803,77.098632,4,Standard
ST001361,Delhi,28.829986,77.009287,2,Standard
ST001362,Delhi,28.721477,77.012564,4,Standard
ST001363,Delhi,28.655537,77.138721,2,Standard
ST001364,Delhi,28.745913,77.120811,4,Standard
ST001365,Delhi,28.706166,77.199293,8,Hub
ST001366,Delhi,28.702578,77.00775,2,Standard
ST001367,Delhi,28.883145,77.170599,2,Standard
ST001368,Delhi,28.851078,77.047198,2,Standard
ST001369,Delhi,28.812835,77.096569,2,Standard
ST001370,Delhi,28.718809,77.098995,2,Standard
ST001371,Delhi,28.674146,77.136184,4,Standard
ST001372,Delhi,28.7135,77.129045,2,Standard
ST001373,Delhi,28.591823,76.993815,6,Hub
ST001374,Delhi,28.678193,77.088616,2,Standard
ST001375,Delhi,28.751756,76.984574,2,Standard
ST001376,Delhi,28.601212,77.189633,2,Standard
ST001377,Delhi,28.699806,77.171405,2,Standard
ST001378,Delhi,28.754566,77.073709,2,Standard
ST001379,Delhi,28.529228,77.135872,2,Standard
ST001380,Delhi,28.700834,77.090496,2,Standard
ST001381,Delhi,28.705043,77.103753,2,Standard
ST001382,Delhi,28.643188,77.036878,2,Standard
ST001383,Delhi,28.831452,77.245633,4,Standard
ST001384,Delhi,28.656559,77.093536,4,Standard
ST001385,Delhi,28.568177,77.101985,2,Standard
ST001386,Delhi,28.752857,77.127823,2,Standard
ST001387,Delhi,28.736307,77.016393,2,Standard
ST001388,Delhi,28.621217,77.077527,6,Hub
ST001389,Delhi,28.735997,77.111528,2,Standard
ST001390,Delhi,28.664688,77.116538,2,Standard
ST001391,Delhi,28.864579,77.154619,2,Standard
ST001392,Delhi,28.861622,77.083798,2,Standard
ST001393,Delhi,28.733469,77.064035,2,Standard
ST001394,Delhi,28.742286,77.092856,2,Standard
ST001395,Delhi,28.893871,77.042719,2,Standard
ST001396,Delhi,28.65736,76.911919,2,Standard
ST001397,Delhi,28.657068,77.080534,2,Standard
ST001398,Delhi,28.594569,77.148276,2,Standard
ST001399,Delhi,28.815675,77.157667,4,Standard
ST001400,Delhi,28.741856,77.098014,2,Standard
ST001401,Delhi,28.752119,76.927385,6,Hub
ST001402,Delhi,28.884238,77.035981,2,Standard
ST001403,Delhi,28.510413,77.076225,2,Standard
ST001404,Delhi,28.705585,77.0702,2,Standard
ST001405,Delhi,28.561944,77.123279,2,Standard
ST001406,Delhi,28.706241,77.230605,2,Standard
ST001407,Delhi,28.687818,77.074326,2,Standard
ST001408,Delhi,28.5625,77.041134,4,Standard
ST001409,Delhi,28.701679,77.102517,2,Standard
ST001410,Delhi,28.775391,77.106553,2,Standard
ST001411,Delhi,28.745005,77.082043,4,Standard
ST001412,Delhi,28.674595,77.069301,2,Standard
ST001413,Delhi,28.630278,77.2552,2,Standard
ST001414,Delhi,28.701573,77.083588,2,Standard
ST001415,Delhi,28.698842,77.105027,2,Standard
ST001416,Delhi,28.572567,77.11837,2,Standard
ST001417,Delhi,28.746588,77.141653,2,Standard
ST001418,Delhi,28.5568,77.21261,2,Standard
ST001419,Delhi,28.713074,77.102119,2,Standard
ST001420,Delhi,28.709238,77.028333,2,Standard
ST001421,Delhi,28.586395,77.196851,2,Standard
ST001422,Delhi,28.869847,77.009234,2,Standard
ST001423,Delhi,28.640899,77.069228,2,Standard
ST001424,Delhi,28.715834,77.05369,4,Standard
ST001425,Delhi,28.638118,77.074402,2,Standard
ST001426,Delhi,28.677484,77.062459,2,Standard
ST001427,Delhi,28.769993,77.27392,2,Standard
ST001428,Delhi,28.785286,77.162903,4,Standard
ST001429,Delhi,28.705518,77.110156,2,Standard
ST001430,Delhi,28.738251,77.110363,2,Standard
ST001431,Delhi,28.74193,77.06054,2,Standard
ST001432,Delhi,28.814834,77.066873,8,Hub
ST001433,Delhi,28.597162,77.147494,2,Standard
ST001434,Delhi,28.553179,77.086607,2,Standard
ST001435,Delhi,28.689783,77.171643,2,Standard
ST001436,Delhi,28.853007,76.985633,2,Standard
ST001437,Delhi,28.769589,77.050073,2,Standard
ST001438,Delhi,28.722166,77.008962,4,Standard
ST001439,Delhi,28.663169,77.103133,2,Standard
ST001440,Delhi,28.672811,77.08233,2,Standard
ST001441,Delhi,28.620248,77.251537,2,Standard
ST001442,Delhi,28.707892,77.116217,2,Standard
ST001443,Delhi,28.874846,77.18155,2,Standard
ST001444,Delhi,28.622295,77.098941,2,Standard
ST001445,Delhi,28.766495,76.947416,2,Standard
ST001446,Delhi,28.635602,77.223133,2,Standard
ST001447,Delhi,28.721426,76.972721,2,Standard
ST001448,Delhi,28.805641,77.245246,4,Standard
ST001449,Delhi,28.649301,77.088762,2,Standard
ST001450,Delhi,28.6974,77.105902,4,Standard
ST001451,Delhi,28.810397,77.212697,2,Standard
ST001452,Delhi,28.787413,77.102506,2,Standard
ST001453,Delhi,28.693282,77.10096,2,Standard
ST001454,Delhi,28.74868,77.094886,2,Standard
ST001455,Delhi,28.683797,77.159798,2,Standard
ST001456,Delhi,28.704136,77.102793,4,Standard
ST001457,Delhi,28.679075,76.910757,6,Hub
ST001458,Delhi,28.725426,77.233383,2,Standard
ST001459,Delhi,28.695464,76.933035,4,Standard
ST001460,Delhi,28.650533,77.130807,2,Standard
ST001461,Delhi,28.63916,77.22937,6,Hub
ST001462,Delhi,28.718897,77.069328,2,Standard
ST001463,Delhi,28.579841,77.233265,4,Standard
ST001464,Delhi,28.77279,76.917894,2,Standard
ST001465,Delhi,28.706199,77.023889,4,Standard
ST001466,Delhi,28.592762,77.031215,2,Standard
ST001467,Delhi,28.800034,77.154034,2,Standard
ST001468,Delhi,28.69564,77.070123,2,Standard
ST001469,Delhi,28.726433,76.987901,4,Standard
ST001470,Delhi,28.712205,77.099991,2,Standard
ST001471,Delhi,28.692532,77.222253,2,Standard
ST001472,Delhi,28.662893,77.239314,2,Standard
ST001473,Delhi,28.705259,77.08203,4,Standard
ST001474,Delhi,28.602707,77.093651,2,Standard
ST001475,Delhi,28.57699,77.23909,2,Standard
ST001476,Delhi,28.769354,76.979269,4,Standard
ST001477,Delhi,28.683575,77.012467,2,Standard
ST001478,Delhi,28.826252,77.036337,2,Standard
ST001479,Delhi,28.681406,76.931663,2,Standard
ST001480,Delhi,28.67978,77.262071,4,Standard
ST001481,Delhi,28.727398,77.16752,2,Standard
ST001482,Delhi,28.603833,77.270568,2,Standard
ST001483,Delhi,28.791117,76.992529,4,Standard
ST001484,Delhi,28.687951,76.991251,2,Standard
ST001485,Delhi,28.797918,77.070109,4,Standard
ST001486,Delhi,28.680258,77.124744,2,Standard
ST001487,Delhi,28.737228,76.959396,2,Standard
ST001488,Delhi,28.700334,77.105847,2,Standard
ST001489,Delhi,28.705311,77.100564,2,Standard
ST001490,Delhi,28.648441,76.916602,2,Standard
ST001491,Delhi,28.660664,77.12044,2,Standard
ST001492,Delhi,28.658379,76.9456,6,Hub
ST001493,Delhi,28.518865,77.046874,2,Standard
ST001494,Delhi,28.799785,77.134703,4,Standard
ST001495,Delhi,28.670127,76.93335,2,Standard
ST001496,Delhi,28.772901,77.246953,2,Standard
ST001497,Delhi,28.629099,77.076712,4,Standard
ST001498,Delhi,28.821201,77.229924,2,Standard
ST001499,Delhi,28.73819,77.154236,4,Standard
ST001500,Delhi,28.660709,77.271295,2,Standard
ST001501,Delhi,28.629721,76.961589,2,Standard
ST001502,Delhi,28.703733,77.227474,2,Standard
ST001503,Delhi,28.554174,77.029931,2,Standard
ST001504,Delhi,28.70612,77.101147,2,Standard
ST001505,Delhi,28.699337,77.093292,2,Standard
ST001506,Delhi,28.649263,77.085116,2,Standard
ST001507,Delhi,28.679448,77.168647,2,Standard
ST001508,Delhi,28.655771,77.056371,4,Standard
ST001509,Delhi,28.695322,77.022072,4,Standard
ST001510,Delhi,28.846616,77.167771,2,Standard
ST001511,Delhi,28.684817,77.186878,2,Standard
ST001512,Delhi,28.677863,77.041404,2,Standard
ST001513,Delhi,28.774207,77.128532,2,Standard
ST001514,Delhi,28.824708,77.058606,2,Standard
ST001515,Delhi,28.644212,76.991124,8,Hub
ST001516,Delhi,28.730458,77.181907,2,Standard
ST001517,Delhi,28.70422,77.082226,2,Standard
ST001518,Delhi,28.694478,77.15692,4,Standard
ST001519,Delhi,28.525642,77.183727,2,Standard
ST001520,Delhi,28.798648,77.145192,4,Standard
ST001521,Delhi,28.787459,77.277828,2,Standard
ST001522,Delhi,28.765215,77.155233,2,Standard
ST001523,Delhi,28.693384,76.961997,4,Standard
ST001524,Delhi,28.642804,77.134842,2,Standard
ST001525,Delhi,28.66181,77.134206,2,Standard
ST001526,Delhi,28.730859,77.195328,2,Standard
ST001527,Delhi,28.69742,77.159603,4,Standard
ST001528,Delhi,28.596995,76.941097,2,Standard
ST001529,Delhi,28.691855,77.093168,2,Standard
ST001530,Delhi,28.873327,77.189509,2,Standard
ST001531,Delhi,28.698709,77.120106,2,Standard
ST001532,Delhi,28.602753,77.029793,2,Standard
ST001533,Delhi,28.67226,77.059531,2,Standard
ST001534,Delhi,28.896234,77.120797,2,Standard
ST001535,Delhi,28.703341,77.237703,2,Standard
ST001536,Delhi,28.671264,76.985,4,Standard
ST001537,Delhi,28.683223,77.152539,2,Standard
ST001538,Delhi,28.562486,77.002748,2,Standard
ST001539,Delhi,28.724106,77.095543,2,Standard
ST001540,Delhi,28.810472,77.25866,2,Standard
ST001541,Delhi,28.689177,76.926533,4,Standard
ST001542,Delhi,28.738561,77.214851,2,Standard
ST001543,Delhi,28.662994,76.972837,2,Standard
ST001544,Delhi,28.70152,77.10418,2,Standard
ST001545,Delhi,28.660197,77.077302,4,Standard
ST001546,Delhi,28.521863,77.161391,2,Standard
ST001547,Delhi,28.568818,77.202046,2,Standard
ST001548,Delhi,28.754754,77.227088,2,Standard
ST001549,Delhi,28.724266,77.099566,4,Standard
ST001550,Delhi,28.790698,77.107031,2,Standard
ST001551,Delhi,28.829136,77.184775,6,Hub
ST001552,Delhi,28.77869,77.058101,2,Standard
ST001553,Delhi,28.699347,77.189251,2,Standard
ST001554,Delhi,28.703799,77.100714,4,Standard
ST001555,Delhi,28.600311,77.037132,2,Standard
ST001556,Delhi,28.672707,77.065656,2,Standard
ST001557,Delhi,28.700007,77.084686,6,Hub
ST001558,Delhi,28.759095,77.269154,2,Standard
ST001559,Delhi,28.703905,77.099758,2,Standard
ST001560,Delhi,28.704537,77.145379,2,Standard
ST001561,Delhi,28.697646,77.151589,2,Standard
ST001562,Delhi,28.788895,77.13764,4,Standard
ST001563,Delhi,28.690961,76.981867,2,Standard
ST001564,Delhi,28.696539,77.088139,2,Standard
ST001565,Delhi,28.864069,77.052174,2,Standard
ST001566,Delhi,28.759943,76.947666,2,Standard
ST001567,Delhi,28.803366,77.057838,4,Standard
ST001568,Delhi,28.742011,77.219887,4,Standard
ST001569,Delhi,28.697501,76.955064,2,Standard
ST001570,Delhi,28.690532,77.10066,2,Standard
ST001571,Delhi,28.577103,77.235857,4,Standard
ST001572,Delhi,28.611238,77.048015,2,Standard
ST001573,Delhi,28.695391,77.175673,2,Standard
ST001574,Delhi,28.809599,77.021033,2,Standard
ST001575,Delhi,28.72525,77.014127,2,Standard
ST001576,Delhi,28.67015,77.066234,4,Standard
ST001577,Delhi,28.680478,77.020307,2,Standard
ST001578,Delhi,28.582606,77.148369,6,Hub
ST001579,Delhi,28.715889,77.097511,2,Standard
ST001580,Delhi,28.730564,77.050354,2,Standard
ST001581,Delhi,28.699987,77.104013,6,Hub
ST001582,Delhi,28.672408,77.1979,4,Standard
ST001583,Delhi,28.796264,77.136453,2,Standard
ST001584,Delhi,28.723006,77.09318,2,Standard
ST001585,Delhi,28.711524,77.020903,4,Standard
ST001586,Delhi,28.674892,77.059421,2,Standard
ST001587,Delhi,28.721382,77.129542,2,Standard
ST001588,Delhi,28.737647,77.118413,2,Standard
ST001589,Delhi,28.613593,76.95116,2,Standard
ST001590,Delhi,28.757828,76.976446,2,Standard
ST001591,Delhi,28.748564,77.139488,2,Standard
ST001592,Delhi,28.685753,77.149003,2,Standard
ST001593,Delhi,28.597465,77.092416,2,Standard
ST001594,Delhi,28.660073,77.157892,2,Standard
ST001595,Delhi,28.77889,76.963483,2,Standard
ST001596,Delhi,28.639182,77.273339,2,Standard
ST001597,Delhi,28.766598,77.083409,2,Standard
ST001598,Delhi,28.642408,77.182629,2,Standard
ST001599,Delhi,28.867507,77.03913,8,Hub
ST001600,Delhi,28.766892,77.149688,2,Standard
ST001601,Delhi,28.609079,77.069385,2,Standard
ST001602,Delhi,28.763436,77.263689,2,Standard
ST001603,Delhi,28.629846,76.952267,2,Standard
ST001604,Delhi,28.798606,76.986439,4,Standard
ST001605,Delhi,28.59079,77.148014,2,Standard
ST001606,Delhi,28.77603,77.216421,4,Standard
ST001607,Delhi,28.763782,77.227802,2,Standard
ST001608,Delhi,28.707105,77.125817,2,Standard
ST001609,Delhi,28.704302,77.102843,2,Standard
ST001610,Delhi,28.675514,76.958836,2,Standard
ST001611,Delhi,28.671969,77.099476,4,Standard
ST001612,Delhi,28.707411,77.104417,2,Standard
ST001613,Delhi,28.794075,77.256284,2,Standard
ST001614,Delhi,28.707866,77.173254,2,Standard
ST001615,Delhi,28.739181,77.129834,4,Standard
ST001616,Delhi,28.583435,77.087853,4,Standard
ST001617,Delhi,28.704437,77.114042,2,Standard
ST001618,Delhi,28.667816,77.132123,2,Standard
ST001619,Delhi,28.7406,77.290971,2,Standard
ST001620,Delhi,28.62116,77.028166,2,Standard
ST001621,Delhi,28.630046,77.14581,2,Standard
ST001622,Delhi,28.569389,77.067094,2,Standard
ST001623,Delhi,28.69393,77.069702,8,Hub
ST001624,Delhi,28.621708,77.102442,4,Standard
ST001625,Delhi,28.790852,77.01073,2,Standard
ST001626,Delhi,28.681501,77.097819,2,Standard
ST001627,Delhi,28.685636,77.088059,8,Hub
ST001628,Delhi,28.689218,77.126886,2,Standard
ST001629,Delhi,28.689416,77.063952,2,Standard
ST001630,Delhi,28.56475,77.215065,4,Standard
ST001631,Delhi,28.732853,77.199906,2,Standard
ST001632,Delhi,28.700932,77.104261,2,Standard
ST001633,Delhi,28.707765,77.089186,2,Standard
ST001634,Delhi,28.593428,77.12056,2,Standard
ST001635,Delhi,28.608832,77.003039,2,Standard
ST001636,Delhi,28.704059,77.104495,2,Standard
ST001637,Delhi,28.686307,76.996857,2,Standard
ST001638,Delhi,28.788715,76.96169,8,Hub
ST001639,Delhi,28.757786,77.021688,2,Standard
ST001640,Delhi,28.62469,77.239455,2,Standard
ST001641,Delhi,28.669116,77.113553,2,Standard
ST001642,Delhi,28.812263,76.963011,2,Standard
ST001643,Delhi,28.689298,77.105681,2,Standard
ST001644,Delhi,28.581683,77.206621,2,Standard
ST001645,Delhi,28.737287,77.078949,2,Standard
ST001646,Delhi,28.864262,77.174179,2,Standard
ST001647,Delhi,28.620872,77.171878,2,Standard
ST001648,Delhi,28.717146,77.099847,2,Standard
ST001649,Delhi,28.695262,77.090602,2,Standard
ST001650,Delhi,28.590089,77.215841,2,Standard
ST001651,Delhi,28.521835,77.183459,8,Hub
ST001652,Delhi,28.644239,77.079208,4,Standard
ST001653,Delhi,28.717188,77.171372,2,Standard
ST001654,Delhi,28.694534,77.112367,4,Standard
ST001655,Delhi,28.640723,77.170353,2,Standard
ST001656,Delhi,28.681711,76.973076,4,Standard
ST001657,Delhi,28.703671,77.100883,2,Standard
ST001658,Delhi,28.7308,77.232115,2,Standard
ST001659,Delhi,28.703043,77.102607,2,Standard
ST001660,Delhi,28.755994,76.95691,2,Standard
ST001661,Delhi,28.691418,77.098518,2,Standard
ST001662,Delhi,28.716192,76.986385,2,Standard
ST001663,Delhi,28.734089,76.955172,2,Standard
ST001664,Delhi,28.737967,77.00459,2,Standard
ST001665,Delhi,28.789451,77.206101,2,Standard
ST001666,Delhi,28.596187,77.000557,2,Standard
ST001667,Delhi,28.722912,77.136658,4,Standard
ST001668,Delhi,28.819919,77.007187,2,Standard
ST001669,Delhi,28.831308,77.019771,4,Standard
ST001670,Delhi,28.596902,77.027506,4,Standard
ST001671,Delhi,28.79289,77.028223,2,Standard
ST001672,Delhi,28.683022,77.079367,2,Standard
ST001673,Delhi,28.56274,77.125873,2,Standard
ST001674,Delhi,28.698793,77.142601,6,Hub
ST001675,Delhi,28.685245,77.146968,2,Standard
ST001676,Delhi,28.722681,77.185414,2,Standard
ST001677,Delhi,28.788979,77.047003,2,Standard
ST001678,Delhi,28.709954,77.116738,6,Hub
ST001679,Delhi,28.67869,77.03028,2,Standard
ST001680,Delhi,28.76163,76.983805,4,Standard
ST001681,Delhi,28.719681,77.05039,2,Standard
ST001682,Delhi,28.685388,77.053114,2,Standard
ST001683,Delhi,28.822161,77.054955,2,Standard
ST001684,Delhi,28.679776,77.150602,8,Hub
ST001685,Delhi,28.75449,77.231968,2,Standard
ST001686,Delhi,28.727353,77.219268,6,Hub
ST001687,Delhi,28.691943,77.234334,4,Standard
ST001688,Delhi,28.765844,76.959669,4,Standard
ST001689,Delhi,28.706658,77.065043,2,Standard
ST001690,Delhi,28.822882,77.176202,2,Standard
ST001691,Delhi,28.645565,77.166145,2,Standard
ST001692,Delhi,28.755024,77.112596,6,Hub
ST001693,Delhi,28.876015,77.139429,6,Hub
ST001694,Delhi,28.708723,77.213872,2,Standard
ST001695,Delhi,28.833489,77.134839,2,Standard
ST001696,Delhi,28.62456,77.263509,2,Standard
ST001697,Delhi,28.753734,77.060441,8,Hub
ST001698,Delhi,28.865986,76.98637,2,Standard
ST001699,Delhi,28.781206,76.952144,4,Standard
ST001700,Delhi,28.704818,77.217838,2,Standard
ST001701,Delhi,28.721414,77.110285,2,Standard
ST001702,Delhi,28.769426,77.102045,4,Standard
ST001703,Delhi,28.702259,76.941177,2,Standard
ST001704,Delhi,28.829363,76.947195,2,Standard
ST001705,Delhi,28.704531,77.110559,6,Hub
ST001706,Delhi,28.68203,77.116275,2,Standard
ST001707,Delhi,28.775471,77.112624,4,Standard
ST001708,Delhi,28.727925,76.991799,4,Standard
ST001709,Delhi,28.653808,77.223319,2,Standard
ST001710,Delhi,28.704424,77.105358,2,Standard
ST001711,Delhi,28.715335,76.978258,2,Standard
ST001712,Delhi,28.704701,77.094736,2,Standard
ST001713,Delhi,28.768588,76.996699,2,Standard
ST001714,Delhi,28.588957,77.054046,4,Standard
ST001715,Delhi,28.781416,77.014171,2,Standard
ST001716,Delhi,28.531045,77.006012,2,Standard
ST001717,Delhi,28.70784,77.01412,2,Standard
ST001718,Delhi,28.68351,77.027426,2,Standard
ST001719,Delhi,28.719897,77.22082,2,Standard
ST001720,Delhi,28.871327,77.021463,4,Standard
ST001721,Delhi,28.646489,77.190923,2,Standard
ST001722,Delhi,28.751636,77.295869,2,Standard
ST001723,Delhi,28.833089,77.087125,2,Standard
ST001724,Delhi,28.752051,76.967758,2,Standard
ST001725,Delhi,28.695207,77.096605,2,Standard
ST001726,Delhi,28.574557,77.140344,4,Standard
ST001727,Delhi,28.671283,77.035479,2,Standard
ST001728,Delhi,28.73535,77.09051,2,Standard
ST001729,Delhi,28.565924,77.102188,2,Standard
ST001730,Delhi,28.661798,76.979863,2,Standard
ST001731,Delhi,28.699157,77.133348,2,Standard
ST001732,Delhi,28.625367,77.012125,2,Standard
ST001733,Delhi,28.764663,77.229862,2,Standard
ST001734,Delhi,28.575811,77.139621,2,Standard
ST001735,Delhi,28.721812,77.073542,2,Standard
ST001736,Delhi,28.858795,77.121199,2,Standard
ST001737,Delhi,28.596114,77.013512,2,Standard
ST001738,Delhi,28.788556,76.965945,4,Standard
ST001739,Delhi,28.808072,77.076444,2,Standard
ST001740,Delhi,28.623932,77.108305,4,Standard
ST001741,Delhi,28.769247,77.196686,2,Standard
ST001742,Delhi,28.672976,77.284114,2,Standard
ST001743,Delhi,28.601364,77.043308,2,Standard
ST001744,Delhi,28.697731,77.110719,4,Standard
ST001745,Delhi,28.787089,77.119275,2,Standard
ST001746,Delhi,28.808736,77.163997,2,Standard
ST001747,Delhi,28.83356,76.98241,2,Standard
ST001748,Delhi,28.68125,77.066967,2,Standard
ST001749,Delhi,28.819614,76.968102,2,Standard
ST001750,Delhi,28.752614,77.241778,2,Standard
ST001751,Delhi,28.667588,77.258821,2,Standard
ST001752,Delhi,28.710104,77.102396,2,Standard
ST001753,Delhi,28.803619,77.027648,2,Standard
ST001754,Delhi,28.795804,77.087019,2,Standard
ST001755,Delhi,28.711268,77.092285,2,Standard
ST001756,Delhi,28.697257,77.114025,2,Standard
ST001757,Delhi,28.865538,77.077287,2,Standard
ST001758,Delhi,28.816779,76.952518,2,Standard
ST001759,Delhi,28.770454,77.1418,2,Standard
ST001760,Delhi,28.742129,77.120698,2,Standard
ST001761,Delhi,28.71623,77.195534,2,Standard
ST001762,Delhi,28.70175,77.122558,2,Standard
ST001763,Delhi,28.718695,77.128085,2,Standard
ST001764,Delhi,28.853791,77.076933,2,Standard
ST001765,Delhi,28.79025,77.084807,2,Standard
ST001766,Delhi,28.675792,77.259629,2,Standard
ST001767,Delhi,28.676497,77.155635,6,Hub
ST001768,Delhi,28.706945,77.128279,2,Standard
ST001769,Delhi,28.701215,77.173505,2,Standard
ST001770,Delhi,28.698349,77.091387,2,Standard
ST001771,Delhi,28.74384,77.259349,2,Standard
ST001772,Delhi,28.745445,77.157152,6,Hub
ST001773,Delhi,28.724541,77.079214,4,Standard
ST001774,Delhi,28.788205,77.150639,4,Standard
ST001775,Delhi,28.667654,77.209125,6,Hub
ST001776,Delhi,28.713197,77.076623,2,Standard
ST001777,Delhi,28.615719,77.053405,2,Standard
ST001778,Delhi,28.78116,77.200667,4,Standard
ST001779,Delhi,28.689661,77.198993,2,Standard
ST001780,Delhi,28.784007,77.147927,6,Hub
ST001781,Delhi,28.646965,77.256734,2,Standard
ST001782,Delhi,28.782513,77.131837,2,Standard
ST001783,Delhi,28.564016,77.139943,6,Hub
ST001784,Delhi,28.584932,77.042451,2,Standard
ST001785,Delhi,28.733266,76.932544,2,Standard
ST001786,Delhi,28.662064,77.201554,2,Standard
ST001787,Delhi,28.810248,76.935488,2,Standard
ST001788,Delhi,28.761201,77.054971,6,Hub
ST001789,Delhi,28.737159,77.194627,2,Standard
ST001790,Delhi,28.698929,77.004122,2,Standard
ST001791,Delhi,28.537389,77.120184,2,Standard
ST001792,Delhi,28.593325,77.234025,4,Standard
ST001793,Delhi,28.64939,77.138781,2,Standard
ST001794,Delhi,28.557938,77.145972,2,Standard
ST001795,Delhi,28.731702,77.130452,2,Standard
ST001796,Delhi,28.737578,77.091957,4,Standard
ST001797,Delhi,28.59857,77.05467,4,Standard
ST001798,Delhi,28.575425,77.1109,2,Standard
ST001799,Delhi,28.718073,77.212146,2,Standard
ST001800,Delhi,28.612203,77.197721,4,Standard
ST001801,Delhi,28.7762,77.191031,2,Standard
ST001802,Delhi,28.726146,77.153683,6,Hub
ST001803,Delhi,28.711243,77.138363,2,Standard
ST001804,Delhi,28.730269,77.051703,2,Standard
ST001805,Delhi,28.878102,77.016747,2,Standard
ST001806,Delhi,28.678319,77.090118,6,Hub
ST001807,Delhi,28.591604,77.215636,2,Standard
ST001808,Delhi,28.692396,77.11538,2,Standard
ST001809,Delhi,28.545721,77.043465,2,Standard
ST001810,Delhi,28.714067,77.068924,4,Standard
ST001811,Delhi,28.683529,77.063491,2,Standard
ST001812,Delhi,28.738789,77.273838,2,Standard
ST001813,Delhi,28.70421,77.155149,2,Standard
ST001814,Delhi,28.878232,77.103215,2,Standard
ST001815,Delhi,28.737279,76.981501,2,Standard
ST001816,Delhi,28.704151,77.07209,2,Standard
ST001817,Delhi,28.636251,77.120685,2,Standard
ST001818,Delhi,28.784932,77.156529,2,Standard
ST001819,Delhi,28.711139,77.098673,4,Standard
ST001820,Delhi,28.693409,77.142608,4,Standard
ST001821,Delhi,28.717619,77.283683,2,Standard
ST001822,Delhi,28.612711,77.121085,2,Standard
ST001823,Delhi,28.706152,77.07167,2,Standard
ST001824,Delhi,28.618378,77.109374,2,Standard
ST001825,Delhi,28.540118,76.988156,2,Standard
ST001826,Delhi,28.7138,77.02352,2,Standard
ST001827,Delhi,28.720086,77.072332,2,Standard
ST001828,Delhi,28.744243,77.110279,2,Standard
ST001829,Delhi,28.649161,77.188578,2,Standard
ST001830,Delhi,28.567587,76.98195,2,Standard
ST001831,Delhi,28.604037,77.096297,2,Standard
ST001832,Delhi,28.710737,77.104668,2,Standard
ST001833,Delhi,28.620953,77.074812,2,Standard
ST001834,Delhi,28.721179,77.075278,2,Standard
ST001835,Delhi,28.792805,77.116533,2,Standard
ST001836,Delhi,28.70488,77.112392,2,Standard
ST001837,Delhi,28.700553,77.080465,2,Standard
ST001838,Delhi,28.660414,77.06713,4,Standard
ST001839,Delhi,28.739219,77.169843,2,Standard
ST001840,Delhi,28.729009,77.028143,2,Standard
ST001841,Delhi,28.704221,77.077403,4,Standard
ST001842,Delhi,28.710857,77.055598,2,Standard
ST001843,Delhi,28.65425,77.000916,2,Standard
ST001844,Delhi,28.774014,77.069141,2,Standard
ST001845,Delhi,28.707605,77.104047,2,Standard
ST001846,Delhi,28.752834,77.009554,2,Standard
ST001847,Delhi,28.711505,77.056203,2,Standard
ST001848,Delhi,28.700713,77.107478,2,Standard
ST001849,Delhi,28.833783,77.070496,2,Standard
ST001850,Delhi,28.752591,77.080863,2,Standard
ST001851,Delhi,28.600341,77.015044,4,Standard
ST001852,Delhi,28.63425,77.257072,4,Standard
ST001853,Delhi,28.871407,77.04482,2,Standard
ST001854,Delhi,28.700291,77.047138,2,Standard
ST001855,Delhi,28.666077,77.291383,2,Standard
ST001856,Delhi,28.847011,77.111748,2,Standard
ST001857,Delhi,28.670292,76.982639,2,Standard
ST001858,Delhi,28.766355,77.098626,2,Standard
ST001859,Delhi,28.695643,77.115832,6,Hub
ST001860,Delhi,28.655226,77.120863,2,Standard
ST001861,Delhi,28.611684,77.241496,2,Standard
ST001862,Delhi,28.738236,77.087851,2,Standard
ST001863,Delhi,28.574843,77.235868,2,Standard
ST001864,Delhi,28.721197,77.109495,2,Standard
ST001865,Delhi,28.766114,77.204114,4,Standard
ST001866,Delhi,28.817439,77.259475,2,Standard
ST001867,Delhi,28.609366,77.135458,8,Hub
ST001868,Delhi,28.706077,77.196671,2,Standard
ST001869,Delhi,28.625131,76.974693,2,Standard
ST001870,Delhi,28.706909,76.986956,2,Standard
ST001871,Delhi,28.838942,77.010067,2,Standard
ST001872,Delhi,28.704592,77.09139,2,Standard
ST001873,Delhi,28.74655,77.104336,2,Standard
ST001874,Delhi,28.661582,77.032104,2,Standard
ST001875,Delhi,28.559415,77.204314,4,Standard
ST001876,Delhi,28.848171,76.991561,2,Standard
ST001877,Delhi,28.650105,77.229728,2,Standard
ST001878,Delhi,28.698934,77.14027,2,Standard
ST001879,Delhi,28.731418,77.165231,2,Standard
ST001880,Delhi,28.553746,77.1733,2,Standard
ST001881,Delhi,28.811316,77.203045,2,Standard
ST001882,Delhi,28.647632,77.091192,2,Standard
ST001883,Delhi,28.644173,77.105206,2,Standard
ST001884,Delhi,28.632668,77.053242,4,Standard
ST001885,Delhi,28.716044,77.122525,2,Standard
ST001886,Delhi,28.53133,77.050303,2,Standard
ST001887,Delhi,28.622494,77.224287,2,Standard
ST001888,Delhi,28.60295,76.946038,2,Standard
ST001889,Delhi,28.752981,77.000263,2,Standard
ST001890,Delhi,28.60501,76.952616,2,Standard
ST001891,Delhi,28.65134,77.141077,2,Standard
ST001892,Delhi,28.869029,77.113721,2,Standard
ST001893,Delhi,28.710678,77.082672,2,Standard
ST001894,Delhi,28.621915,77.059409,2,Standard
ST001895,Delhi,28.848145,77.235585,2,Standard
ST001896,Delhi,28.707058,77.115617,2,Standard
ST001897,Delhi,28.5818,77.019556,4,Standard
ST001898,Delhi,28.833116,77.12917,2,Standard
ST001899,Delhi,28.683871,77.098338,2,Standard
ST001900,Delhi,28.757239,77.202899,4,Standard
ST001901,Delhi,28.650208,77.282259,4,Standard
ST001902,Delhi,28.786445,76.923851,2,Standard
ST001903,Delhi,28.692322,77.296087,2,Standard
ST001904,Delhi,28.640984,77.131605,4,Standard
ST001905,Delhi,28.714129,77.105783,2,Standard
ST001906,Delhi,28.671464,77.016926,2,Standard
ST001907,Delhi,28.722149,77.22396,4,Standard
ST001908,Delhi,28.702025,77.218008,2,Standard
ST001909,Delhi,28.599742,77.229932,2,Standard
ST001910,Delhi,28.745127,77.016295,2,Standard
ST001911,Delhi,28.661177,77.160943,4,Standard
ST001912,Delhi,28.72661,77.040845,2,Standard
ST001913,Delhi,28.708409,77.11888,2,Standard
ST001914,Delhi,28.609777,77.122533,2,Standard
ST001915,Delhi,28.728022,77.065276,2,Standard
ST001916,Delhi,28.585552,77.212442,4,Standard
ST001917,Delhi,28.738428,77.033662,2,Standard
ST001918,Delhi,28.645432,77.117908,2,Standard
ST001919,Delhi,28.72573,77.092743,4,Standard
ST001920,Delhi,28.829194,77.047196,2,Standard
ST001921,Delhi,28.697696,77.101213,2,Standard
ST001922,Delhi,28.623507,77.114955,2,Standard
ST001923,Delhi,28.773593,77.21388,4,Standard
ST001924,Delhi,28.814696,77.08223,2,Standard
ST001925,Delhi,28.701093,77.089144,2,Standard
ST001926,Delhi,28.683873,77.114009,2,Standard
ST001927,Delhi,28.561601,76.980336,2,Standard
ST001928,Delhi,28.696015,77.089439,2,Standard
ST001929,Delhi,28.636782,77.189663,4,Standard
ST001930,Delhi,28.567266,77.197762,2,Standard
ST001931,Delhi,28.752465,76.990098,2,Standard
ST001932,Delhi,28.668342,77.138958,2,Standard
ST001933,Delhi,28.759945,77.146311,2,Standard
ST001934,Delhi,28.588556,77.172636,2,Standard
ST001935,Delhi,28.69645,77.090749,4,Standard
ST001936,Delhi,28.675337,77.124736,2,Standard
ST001937,Delhi,28.795538,77.240399,2,Standard
ST001938,Delhi,28.785046,77.124325,2,Standard
ST001939,Delhi,28.790558,77.255647,4,Standard
ST001940,Delhi,28.660764,77.086268,2,Standard
ST001941,Delhi,28.55782,77.100269,4,Standard
ST001942,Delhi,28.746671,77.091031,6,Hub
ST001943,Delhi,28.84518,76.979971,6,Hub
ST001944,Delhi,28.814059,77.038788,4,Standard
ST001945,Delhi,28.64883,77.043777,2,Standard
ST001946,Delhi,28.705701,76.996253,4,Standard
ST001947,Delhi,28.666371,77.025561,2,Standard
ST001948,Delhi,28.684972,76.938719,4,Standard
ST001949,Delhi,28.80501,77.235045,2,Standard
ST001950,Delhi,28.540553,77.060183,2,Standard
ST001951,Delhi,28.635245,77.134215,2,Standard
ST001952,Delhi,28.747348,77.076945,4,Standard
ST001953,Delhi,28.758115,77.022167,2,Standard
ST001954,Delhi,28.642648,77.097043,2,Standard
ST001955,Delhi,28.645788,77.073687,4,Standard
ST001956,Delhi,28.756852,77.115787,2,Standard
ST001957,Delhi,28.899614,77.110341,2,Standard
ST001958,Delhi,28.781308,77.085622,2,Standard
ST001959,Delhi,28.69473,77.033976,2,Standard
ST001960,Delhi,28.627468,76.96081,2,Standard
ST001961,Delhi,28.779705,77.076219,6,Hub
ST001962,Delhi,28.715146,77.050474,2,Standard
ST001963,Delhi,28.709244,77.102187,2,Standard
ST001964,Delhi,28.599135,77.022624,2,Standard
ST001965,Delhi,28.694962,77.080224,6,Hub
ST001966,Delhi,28.737667,77.08885,2,Standard
ST001967,Delhi,28.672167,77.071456,2,Standard
ST001968,Delhi,28.66565,77.204805,2,Standard
ST001969,Delhi,28.676295,77.118431,4,Standard
ST001970,Delhi,28.743957,77.17602,4,Standard
ST001971,Delhi,28.712315,76.923095,2,Standard
ST001972,Delhi,28.771991,77.14215,2,Standard
ST001973,Delhi,28.706782,77.104455,2,Standard
ST001974,Delhi,28.640641,77.000076,2,Standard
ST001975,Delhi,28.728403,77.142451,2,Standard
ST001976,Delhi,28.86924,77.127283,2,Standard
ST001977,Delhi,28.73085,77.09821,2,Standard
ST001978,Delhi,28.72427,77.275007,4,Standard
ST001979,Delhi,28.779225,77.065088,2,Standard
ST001980,Delhi,28.711583,77.104964,2,Standard
ST001981,Delhi,28.633852,77.067289,2,Standard
ST001982,Delhi,28.818865,77.123387,2,Standard
ST001983,Delhi,28.861177,77.113674,2,Standard
ST001984,Delhi,28.701305,77.110051,2,Standard
ST001985,Delhi,28.636507,77.06058,2,Standard
ST001986,Delhi,28.811468,77.084664,6,Hub
ST001987,Delhi,28.681693,77.242607,4,Standard
ST001988,Delhi,28.679753,77.281702,2,Standard
ST001989,Delhi,28.626473,77.180399,6,Hub
ST001990,Delhi,28.785058,77.129127,2,Standard
ST001991,Delhi,28.783813,76.962469,2,Standard
ST001992,Delhi,28.711364,77.147128,2,Standard
ST001993,Delhi,28.780467,76.932813,2,Standard
ST001994,Delhi,28.778432,77.153263,4,Standard
ST001995,Delhi,28.613156,77.251003,2,Standard
ST001996,Delhi,28.740643,77.123657,2,Standard
ST001997,Delhi,28.704259,77.092242,2,Standard
ST001998,Delhi,28.615776,77.106646,4,Standard
ST001999,Delhi,28.664185,77.170576,4,Standard
ST002000,Delhi,28.672396,77.096464,2,Standard
ST002001,Delhi,28.559216,77.03209,2,Standard
ST002002,Delhi,28.706064,77.071783,2,Standard
ST002003,Delhi,28.73583,77.145742,2,Standard
ST002004,Delhi,28.651604,77.165091,2,Standard
ST002005,Delhi,28.699254,77.092252,2,Standard
ST002006,Delhi,28.780629,77.119441,2,Standard
ST002007,Delhi,28.691491,77.065925,2,Standard
ST002008,Delhi,28.671356,77.062148,2,Standard
ST002009,Delhi,28.839279,76.984954,2,Standard
ST002010,Delhi,28.690633,77.146483,4,Standard
ST002011,Delhi,28.663273,77.127943,2,Standard
ST002012,Delhi,28.626685,76.956547,2,Standard
ST002013,Delhi,28.627495,76.956507,2,Standard
ST002014,Delhi,28.679159,77.121351,2,Standard
ST002015,Delhi,28.698647,77.030612,2,Standard
ST002016,Delhi,28.678403,77.05486,8,Hub
ST002017,Delhi,28.877317,77.199477,2,Standard
ST002018,Delhi,28.813978,77.266835,2,Standard
ST002019,Delhi,28.861249,77.079913,2,Standard
ST002020,Delhi,28.641826,77.005153,2,Standard
ST002021,Delhi,28.742682,77.059344,8,Hub
ST002022,Delhi,28.582767,77.127483,2,Standard
ST002023,Delhi,28.631572,77.14777,4,Standard
ST002024,Delhi,28.649559,77.201291,8,Hub
ST002025,Delhi,28.727909,77.069978,2,Standard
ST002026,Delhi,28.830387,77.047316,2,Standard
ST002027,Delhi,28.753523,77.002844,2,Standard
ST002028,Delhi,28.704697,77.099315,4,Standard
ST002029,Delhi,28.707444,77.095202,2,Standard
ST002030,Delhi,28.856895,76.975957,2,Standard
ST002031,Delhi,28.692601,77.142962,2,Standard
ST002032,Delhi,28.708977,77.05213,2,Standard
ST002033,Delhi,28.717757,77.087119,4,Standard
ST002034,Delhi,28.841739,77.241802,2,Standard
ST002035,Delhi,28.626105,76.952149,2,Standard
ST002036,Delhi,28.643185,77.223308,2,Standard
ST002037,Delhi,28.604007,77.035172,2,Standard
ST002038,Delhi,28.656768,76.997613,2,Standard
ST002039,Delhi,28.654307,77.12629,2,Standard
ST002040,Delhi,28.709371,77.057554,2,Standard
ST002041,Delhi,28.687565,77.058861,2,Standard
ST002042,Delhi,28.598667,76.996628,2,Standard
ST002043,Delhi,28.706442,77.114258,2,Standard
ST002044,Delhi,28.786525,77.191357,4,Standard
ST002045,Delhi,28.709364,77.095201,4,Standard
ST002046,Delhi,28.697313,77.034574,2,Standard
ST002047,Delhi,28.520016,77.127487,2,Standard
ST002048,Delhi,28.658258,77.183494,4,Standard
ST002049,Delhi,28.720359,77.103901,2,Standard
ST002050,Delhi,28.703799,77.108062,6,Hub
ST002051,Delhi,28.646261,77.039832,4,Standard
ST002052,Delhi,28.670757,77.092094,2,Standard
ST002053,Delhi,28.666314,77.229774,2,Standard
ST002054,Delhi,28.713945,77.100319,2,Standard
ST002055,Delhi,28.793176,77.029171,2,Standard
ST002056,Delhi,28.612006,77.063387,4,Standard
ST002057,Delhi,28.720394,77.110092,6,Hub
ST002058,Delhi,28.649162,77.062102,2,Standard
ST002059,Delhi,28.774677,77.062107,2,Standard
ST002060,Delhi,28.792926,77.214495,2,Standard
ST002061,Delhi,28.675825,77.203719,2,Standard
ST002062,Delhi,28.646134,76.932033,2,Standard
ST002063,Delhi,28.739541,76.971953,6,Hub
ST002064,Delhi,28.623155,76.931506,2,Standard
ST002065,Delhi,28.704037,77.102713,2,Standard
ST002066,Delhi,28.698108,77.145664,2,Standard
ST002067,Delhi,28.637426,76.994712,2,Standard
ST002068,Delhi,28.701396,77.1007,2,Standard
ST002069,Delhi,28.695498,77.038368,2,Standard
ST002070,Delhi,28.647469,77.006666,2,Standard
ST002071,Delhi,28.68929,77.124975,4,Standard
ST002072,Delhi,28.841987,77.195474,2,Standard
ST002073,Delhi,28.817347,77.038749,2,Standard
ST002074,Delhi,28.768115,77.151154,4,Standard
ST002075,Delhi,28.683522,76.947899,4,Standard
ST002076,Delhi,28.704105,77.102504,2,Standard
ST002077,Delhi,28.687293,77.033189,2,Standard
ST002078,Delhi,28.704027,77.105078,4,Standard
ST002079,Delhi,28.539298,77.059855,2,Standard
ST002080,Delhi,28.813263,77.072733,2,Standard
ST002081,Delhi,28.687159,77.100956,2,Standard
ST002082,Delhi,28.631659,77.079528,2,Standard
ST002083,Delhi,28.643314,77.05403,2,Standard
ST002084,Delhi,28.705257,77.121458,2,Standard
ST002085,Delhi,28.696433,77.120243,4,Standard
ST002086,Delhi,28.791645,77.279501,4,Standard
ST002087,Delhi,28.604219,77.139096,6,Hub
ST002088,Delhi,28.843667,76.960489,2,Standard
ST002089,Delhi,28.563061,77.0218,2,Standard
ST002090,Delhi,28.675677,77.156641,4,Standard
ST002091,Delhi,28.593959,77.179698,2,Standard
ST002092,Delhi,28.678044,77.045088,2,Standard
ST002093,Delhi,28.788804,77.196427,2,Standard
ST002094,Delhi,28.784184,77.186003,2,Standard
ST002095,Delhi,28.655331,76.971139,2,Standard
ST002096,Delhi,28.707908,76.92797,2,Standard
ST002097,Delhi,28.55805,77.102538,6,Hub
ST002098,Delhi,28.676757,77.077089,2,Standard
ST002099,Delhi,28.760269,77.111646,8,Hub
ST002100,Delhi,28.588501,77.145739,4,Standard
ST002101,Delhi,28.727162,77.070741,2,Standard
ST002102,Delhi,28.839885,77.239227,2,Standard
ST002103,Delhi,28.778581,77.16259,2,Standard
ST002104,Delhi,28.611099,77.047054,2,Standard
ST002105,Delhi,28.713879,77.108369,2,Standard
ST002106,Delhi,28.796423,77.174563,2,Standard
ST002107,Delhi,28.659155,77.089643,2,Standard
ST002108,Delhi,28.597797,76.9776,2,Standard
ST002109,Delhi,28.800346,77.128232,2,Standard
ST002110,Delhi,28.68532,77.055662,2,Standard
ST002111,Delhi,28.660524,77.217231,2,Standard
ST002112,Delhi,28.833902,77.005596,2,Standard
ST002113,Delhi,28.577529,77.029639,2,Standard
ST002114,Delhi,28.619432,77.198754,4,Standard
ST002115,Delhi,28.666967,77.110511,2,Standard
ST002116,Delhi,28.670867,76.996285,2,Standard
ST002117,Delhi,28.589139,77.243941,2,Standard
ST002118,Delhi,28.766709,77.110783,2,Standard
ST002119,Delhi,28.847718,77.156132,2,Standard
ST002120,Delhi,28.684458,77.039207,2,Standard
ST002121,Delhi,28.668444,77.031794,8,Hub
ST002122,Delhi,28.707668,77.011733,2,Standard
ST002123,Delhi,28.544838,77.2004,2,Standard
ST002124,Delhi,28.703967,77.126589,2,Standard
ST002125,Delhi,28.53695,77.004294,2,Standard
ST002126,Delhi,28.695172,77.111115,4,Standard
ST002127,Delhi,28.650255,77.18817,2,Standard
ST002128,Delhi,28.773278,77.214475,4,Standard
ST002129,Delhi,28.794439,77.101222,2,Standard
ST002130,Delhi,28.655089,77.165907,2,Standard
ST002131,Delhi,28.836503,77.219446,2,Standard
ST002132,Delhi,28.637475,77.142001,2,Standard
ST002133,Delhi,28.656584,77.027948,4,Standard
ST002134,Delhi,28.696767,77.092639,2,Standard
ST002135,Delhi,28.777417,76.929276,2,Standard
ST002136,Delhi,28.590689,76.948923,6,Hub
ST002137,Delhi,28.759526,77.18025,2,Standard
ST002138,Delhi,28.610755,77.033049,2,Standard
ST002139,Delhi,28.649034,77.14174,2,Standard
ST002140,Delhi,28.758862,77.158532,2,Standard
ST002141,Delhi,28.780714,77.227807,2,Standard
ST002142,Delhi,28.707096,77.113823,2,Standard
ST002143,Delhi,28.59144,77.064034,4,Standard
ST002144,Delhi,28.7841,77.019335,2,Standard
ST002145,Delhi,28.613427,77.235058,4,Standard
ST002146,Delhi,28.688749,77.09853,2,Standard
ST002147,Delhi,28.53782,77.029487,2,Standard
ST002148,Delhi,28.656973,77.138437,2,Standard
ST002149,Delhi,28.722894,77.126253,4,Standard
ST002150,Delhi,28.595436,77.151341,2,Standard
ST002151,Delhi,28.868419,77.193664,2,Standard
ST002152,Delhi,28.707884,76.985236,2,Standard
ST002153,Delhi,28.711688,77.088371,6,Hub
ST002154,Delhi,28.579413,77.120774,8,Hub
ST002155,Delhi,28.778423,76.964554,2,Standard
ST002156,Delhi,28.672249,77.287961,2,Standard
ST002157,Delhi,28.82837,77.225753,2,Standard
ST002158,Delhi,28.738942,77.096067,6,Hub
ST002159,Delhi,28.702693,77.094567,2,Standard
ST002160,Delhi,28.618545,77.160312,2,Standard
ST002161,Delhi,28.540433,77.011657,6,Hub
ST002162,Delhi,28.658926,77.017503,2,Standard
ST002163,Delhi,28.773722,76.925601,2,Standard
ST002164,Delhi,28.898719,77.129657,2,Standard
ST002165,Delhi,28.843702,77.186406,2,Standard
ST002166,Delhi,28.699092,77.128457,2,Standard
ST002167,Delhi,28.584396,77.15002,2,Standard
ST002168,Delhi,28.6961,77.109923,2,Standard
ST002169,Delhi,28.55773,76.996911,2,Standard
ST002170,Delhi,28.671968,77.131475,2,Standard
ST002171,Delhi,28.69505,77.105915,6,Hub
ST002172,Delhi,28.774926,76.953177,2,Standard
ST002173,Delhi,28.644002,77.065412,2,Standard
ST002174,Delhi,28.738238,76.996946,2,Standard
ST002175,Delhi,28.762093,76.990311,2,Standard
ST002176,Delhi,28.729778,76.985574,8,Hub
ST002177,Delhi,28.53972,77.200915,2,Standard
ST002178,Delhi,28.587098,77.071584,2,Standard
ST002179,Delhi,28.72717,77.225485,4,Standard
ST002180,Delhi,28.670811,77.086423,2,Standard
ST002181,Delhi,28.816599,77.146704,2,Standard
ST002182,Delhi,28.713095,76.998207,4,Standard
ST002183,Delhi,28.723486,77.234387,2,Standard
ST002184,Delhi,28.781508,77.145122,2,Standard
ST002185,Delhi,28.723204,77.13406,2,Standard
ST002186,Delhi,28.726937,77.176393,4,Standard
ST002187,Delhi,28.779585,77.127631,2,Standard
ST002188,Delhi,28.607703,77.095396,2,Standard
ST002189,Delhi,28.579767,77.215229,6,Hub
ST002190,Delhi,28.765925,77.182543,2,Standard
ST002191,Delhi,28.717263,77.107908,2,Standard
ST002192,Delhi,28.602871,77.051827,2,Standard
ST002193,Delhi,28.784485,77.025123,2,Standard
ST002194,Delhi,28.71353,77.100066,2,Standard
ST002195,Delhi,28.711294,77.107591,6,Hub
ST002196,Delhi,28.74692,77.201925,2,Standard
ST002197,Delhi,28.698538,77.095276,2,Standard
ST002198,Delhi,28.862921,77.046413,2,Standard
ST002199,Delhi,28.699643,77.11728,2,Standard
ST002200,Delhi,28.716347,77.12474,2,Standard
ST002201,Delhi,28.778222,77.175041,2,Standard
ST002202,Delhi,28.705969,77.174104,2,Standard
ST002203,Delhi,28.840665,77.093482,4,Standard
ST002204,Delhi,28.731159,77.093516,2,Standard
ST002205,Delhi,28.62221,77.177354,2,Standard
ST002206,Delhi,28.704842,77.102888,2,Standard
ST002207,Delhi,28.642567,76.989846,4,Standard
ST002208,Delhi,28.621157,77.154562,6,Hub
ST002209,Delhi,28.699961,77.104932,2,Standard
ST002210,Delhi,28.686,77.132942,2,Standard
ST002211,Delhi,28.860007,77.213431,2,Standard
ST002212,Delhi,28.585857,77.017316,2,Standard
ST002213,Delhi,28.672708,77.174591,4,Standard
ST002214,Delhi,28.705692,77.121828,2,Standard
ST002215,Delhi,28.77289,77.246407,2,Standard
ST002216,Delhi,28.656005,77.004255,2,Standard
ST002217,Delhi,28.521868,77.131257,2,Standard
ST002218,Delhi,28.754461,77.127264,2,Standard
ST002219,Delhi,28.61217,77.229135,2,Standard
ST002220,Delhi,28.752181,77.100237,2,Standard
ST002221,Delhi,28.821055,76.984522,2,Standard
ST002222,Delhi,28.716764,77.181356,2,Standard
ST002223,Delhi,28.539128,77.207671,2,Standard
ST002224,Delhi,28.771341,77.247499,2,Standard
ST002225,Delhi,28.63033,77.228694,2,Standard
ST002226,Delhi,28.602732,77.158218,6,Hub
ST002227,Delhi,28.783884,76.962851,4,Standard
ST002228,Delhi,28.712065,77.093627,2,Standard
ST002229,Delhi,28.69413,77.076338,2,Standard
ST002230,Delhi,28.609375,77.157864,2,Standard
ST002231,Delhi,28.618986,77.162128,2,Standard
ST002232,Delhi,28.731137,77.10191,2,Standard
ST002233,Delhi,28.668346,77.031829,2,Standard
ST002234,Delhi,28.725391,77.12605,2,Standard
ST002235,Delhi,28.87116,77.047374,4,Standard
ST002236,Delhi,28.869532,76.993149,4,Standard
ST002237,Delhi,28.722507,77.171164,2,Standard
ST002238,Delhi,28.65707,77.017938,2,Standard
ST002239,Delhi,28.641742,77.137608,2,Standard
ST002240,Delhi,28.608395,77.038525,2,Standard
ST002241,Delhi,28.753922,77.18262,4,Standard
ST002242,Delhi,28.59642,77.064897,4,Standard
ST002243,Delhi,28.740922,77.246315,2,Standard
ST002244,Delhi,28.774179,77.113689,2,Standard
ST002245,Delhi,28.725381,76.991747,2,Standard
ST002246,Delhi,28.69436,77.241149,6,Hub
ST002247,Delhi,28.558915,77.037066,2,Standard
ST002248,Delhi,28.692636,76.981018,2,Standard
ST002249,Delhi,28.677537,77.104477,2,Standard
ST002250,Delhi,28.698136,77.186107,2,Standard
ST002251,Delhi,28.620715,77.042477,4,Standard
ST002252,Delhi,28.703793,77.103756,2,Standard
ST002253,Delhi,28.646991,77.10385,2,Standard
ST002254,Delhi,28.703638,77.097733,2,Standard
ST002255,Delhi,28.541923,77.006826,4,Standard
ST002256,Delhi,28.747237,77.186389,4,Standard
ST002257,Delhi,28.809153,77.170493,4,Standard
ST002258,Delhi,28.626699,77.077065,2,Standard
ST002259,Delhi,28.5264,77.078488,4,Standard
ST002260,Delhi,28.705594,77.106758,2,Standard
ST002261,Delhi,28.7786,77.014339,2,Standard
ST002262,Delhi,28.796405,77.02678,2,Standard
ST002263,Delhi,28.735816,77.022632,2,Standard
ST002264,Delhi,28.703939,76.919892,2,Standard
ST002265,Delhi,28.671592,77.08667,4,Standard
ST002266,Delhi,28.699419,77.141952,2,Standard
ST002267,Delhi,28.70531,77.163771,2,Standard
ST002268,Delhi,28.593488,77.062572,2,Standard
ST002269,Delhi,28.59391,77.157343,2,Standard
ST002270,Delhi,28.719401,77.11111,2,Standard
ST002271,Delhi,28.75297,77.193867,2,Standard
ST002272,Delhi,28.716808,77.157713,4,Standard
ST002273,Delhi,28.57255,77.197682,2,Standard
ST002274,Delhi,28.833483,77.113798,4,Standard
ST002275,Delhi,28.626163,76.963073,4,Standard
ST002276,Delhi,28.707773,77.100848,2,Standard
ST002277,Delhi,28.804838,77.248321,2,Standard
ST002278,Delhi,28.594996,77.131598,2,Standard
ST002279,Delhi,28.633522,76.986466,2,Standard
ST002280,Delhi,28.885431,77.019582,4,Standard
ST002281,Delhi,28.693392,77.046063,4,Standard
ST002282,Delhi,28.711266,77.09575,2,Standard
ST002283,Delhi,28.725385,77.280711,8,Hub
ST002284,Delhi,28.702384,77.146597,2,Standard
ST002285,Delhi,28.815176,77.233592,4,Standard
ST002286,Delhi,28.569121,77.102451,2,Standard
ST002287,Delhi,28.714507,77.25375,4,Standard
ST002288,Delhi,28.708028,77.040104,2,Standard
ST002289,Delhi,28.668594,77.124819,2,Standard
ST002290,Delhi,28.831823,77.083553,2,Standard
ST002291,Delhi,28.759717,77.078243,2,Standard
ST002292,Delhi,28.734587,76.952393,2,Standard
ST002293,Delhi,28.634877,76.922204,4,Standard
ST002294,Delhi,28.683589,77.11871,2,Standard
ST002295,Delhi,28.635207,76.973933,2,Standard
ST002296,Delhi,28.667252,77.083707,4,Standard
ST002297,Delhi,28.641687,77.100752,4,Standard
ST002298,Delhi,28.588227,77.159296,2,Standard
ST002299,Delhi,28.702704,77.056076,4,Standard
ST002300,Delhi,28.659515,77.132667,2,Standard
ST002301,Delhi,28.753795,77.251087,2,Standard
ST002302,Delhi,28.766432,77.062531,2,Standard
ST002303,Delhi,28.705542,76.923107,2,Standard
ST002304,Delhi,28.724864,77.072406,2,Standard
ST002305,Delhi,28.776612,77.08207,2,Standard
ST002306,Delhi,28.69746,77.113074,2,Standard
ST002307,Delhi,28.682379,77.104392,4,Standard
ST002308,Delhi,28.704682,77.165886,2,Standard
ST002309,Delhi,28.767355,76.939227,6,Hub
ST002310,Delhi,28.648505,77.264992,2,Standard
ST002311,Delhi,28.799517,76.982987,6,Hub
ST002312,Delhi,28.787554,77.212487,2,Standard
ST002313,Delhi,28.832545,77.056279,4,Standard
ST002314,Delhi,28.65498,77.189738,2,Standard
ST002315,Delhi,28.641882,77.02153,2,Standard
ST002316,Delhi,28.74961,77.145211,2,Standard
ST002317,Delhi,28.759799,76.939469,2,Standard
ST002318,Delhi,28.827987,77.247185,2,Standard
ST002319,Delhi,28.641146,77.219047,2,Standard
ST002320,Delhi,28.705962,76.940121,2,Standard
ST002321,Delhi,28.763083,77.081578,2,Standard
ST002322,Delhi,28.720697,77.08205,2,Standard
ST002323,Delhi,28.662736,76.959986,2,Standard
ST002324,Delhi,28.681963,77.057152,2,Standard
ST002325,Delhi,28.727685,77.078328,2,Standard
ST002326,Delhi,28.839522,77.149947,2,Standard
ST002327,Delhi,28.536293,77.128564,4,Standard
ST002328,Delhi,28.67908,77.12501,2,Standard
ST002329,Delhi,28.760838,77.008516,4,Standard
ST002330,Delhi,28.757814,77.23619,2,Standard
ST002331,Delhi,28.583532,77.094067,4,Standard
ST002332,Delhi,28.543335,77.142812,2,Standard
ST002333,Delhi,28.772108,76.977984,2,Standard
ST002334,Delhi,28.836405,77.205662,2,Standard
ST002335,Delhi,28.63772,76.979914,4,Standard
ST002336,Delhi,28.589486,77.235875,2,Standard
ST002337,Delhi,28.700629,77.080251,2,Standard
ST002338,Delhi,28.555762,77.19957,2,Standard
ST002339,Delhi,28.88799,77.158689,2,Standard
ST002340,Delhi,28.649734,76.988527,2,Standard
ST002341,Delhi,28.69769,77.151844,2,Standard
ST002342,Delhi,28.759845,77.081259,2,Standard
ST002343,Delhi,28.716646,77.024883,6,Hub
ST002344,Delhi,28.705474,77.104145,6,Hub
ST002345,Delhi,28.516441,77.048928,2,Standard
ST002346,Delhi,28.65548,77.154841,2,Standard
ST002347,Delhi,28.646075,77.188939,2,Standard
ST002348,Delhi,28.540206,77.1666,2,Standard
ST002349,Delhi,28.60261,77.098978,2,Standard
ST002350,Delhi,28.830927,77.252653,2,Standard
ST002351,Delhi,28.704102,77.117173,6,Hub
ST002352,Delhi,28.642297,77.000722,4,Standard
ST002353,Delhi,28.631381,77.145416,2,Standard
ST002354,Delhi,28.712654,77.064304,2,Standard
ST002355,Delhi,28.759531,76.985187,4,Standard
ST002356,Delhi,28.624113,77.14715,4,Standard
ST002357,Delhi,28.697819,77.252792,2,Standard
ST002358,Delhi,28.640139,77.097315,2,Standard
ST002359,Delhi,28.540132,76.989479,2,Standard
ST002360,Delhi,28.534986,77.175352,2,Standard
ST002361,Delhi,28.697946,77.111553,2,Standard
ST002362,Delhi,28.727845,77.182802,4,Standard
ST002363,Delhi,28.704109,77.102545,2,Standard
ST002364,Delhi,28.849373,77.016587,2,Standard
ST002365,Delhi,28.702475,77.068976,2,Standard
ST002366,Delhi,28.713935,77.111778,2,Standard
ST002367,Delhi,28.673922,76.919206,4,Standard
ST002368,Delhi,28.682506,77.112573,2,Standard
ST002369,Delhi,28.634545,77.097073,8,Hub
ST002370,Delhi,28.616327,77.190466,2,Standard
ST002371,Delhi,28.69978,77.080805,2,Standard
ST002372,Delhi,28.898015,77.146601,2,Standard
ST002373,Delhi,28.705266,77.113203,2,Standard
ST002374,Delhi,28.706974,77.109742,2,Standard
ST002375,Delhi,28.579292,77.20338,4,Standard
ST002376,Delhi,28.655914,77.177133,2,Standard
ST002377,Delhi,28.658228,77.011645,2,Standard
ST002378,Delhi,28.815714,76.97005,2,Standard
ST002379,Delhi,28.859408,77.112184,2,Standard
ST002380,Delhi,28.51232,77.150799,2,Standard
ST002381,Delhi,28.507815,77.123257,6,Hub
ST002382,Delhi,28.705527,77.0528,4,Standard
ST002383,Delhi,28.511419,77.055094,6,Hub
ST002384,Delhi,28.716279,77.087305,2,Standard
ST002385,Delhi,28.68539,77.035965,2,Standard
ST002386,Delhi,28.784719,77.106039,2,Standard
ST002387,Delhi,28.719764,77.265523,4,Standard
ST002388,Delhi,28.617774,77.243708,2,Standard
ST002389,Delhi,28.765663,77.102731,2,Standard
ST002390,Delhi,28.706692,77.149142,2,Standard
ST002391,Delhi,28.738142,77.118048,2,Standard
ST002392,Delhi,28.649341,77.082572,2,Standard
ST002393,Delhi,28.638653,77.139888,2,Standard
ST002394,Delhi,28.832854,76.975201,2,Standard
ST002395,Delhi,28.638133,77.105421,8,Hub
ST002396,Delhi,28.853435,77.221067,2,Standard
ST002397,Delhi,28.759418,77.124493,2,Standard
ST002398,Delhi,28.68504,77.16368,4,Standard
ST002399,Delhi,28.784436,77.236961,2,Standard
ST002400,Delhi,28.79529,77.190867,2,Standard
ST002401,Delhi,28.714147,77.112403,4,Standard
ST002402,Delhi,28.736133,77.08201,2,Standard
ST002403,Delhi,28.751251,77.004308,2,Standard
ST002404,Delhi,28.872778,77.192295,2,Standard
ST002405,Delhi,28.707383,77.274398,2,Standard
ST002406,Delhi,28.787495,77.251544,2,Standard
ST002407,Delhi,28.806103,77.110998,2,Standard
ST002408,Delhi,28.726882,76.916934,2,Standard
ST002409,Delhi,28.842064,77.013972,2,Standard
ST002410,Delhi,28.73451,77.076755,2,Standard
ST002411,Delhi,28.691782,77.158966,2,Standard
ST002412,Delhi,28.647763,77.157401,2,Standard
ST002413,Delhi,28.673369,77.093665,2,Standard
ST002414,Delhi,28.692007,77.071244,2,Standard
ST002415,Delhi,28.66686,77.196028,2,Standard
ST002416,Delhi,28.746645,76.960858,2,Standard
ST002417,Delhi,28.685088,77.077819,2,Standard
ST002418,Delhi,28.687369,77.097405,2,Standard
ST002419,Delhi,28.644758,77.160105,2,Standard
ST002420,Delhi,28.757192,77.116065,6,Hub
ST002421,Delhi,28.887469,77.050037,2,Standard
ST002422,Delhi,28.698932,77.109399,2,Standard
ST002423,Delhi,28.737903,77.173287,2,Standard
ST002424,Delhi,28.730833,77.0934,4,Standard
ST002425,Delhi,28.705944,77.080842,2,Standard
ST002426,Delhi,28.779895,77.093533,2,Standard
ST002427,Delhi,28.714918,77.034841,2,Standard
ST002428,Delhi,28.677404,77.074893,2,Standard
ST002429,Delhi,28.818136,77.251478,4,Standard
ST002430,Delhi,28.858358,77.014702,6,Hub
ST002431,Delhi,28.590105,76.987883,2,Standard
ST002432,Delhi,28.764857,77.130642,2,Standard
ST002433,Delhi,28.654563,77.219581,4,Standard
ST002434,Delhi,28.685755,77.125859,2,Standard
ST002435,Delhi,28.570237,77.009712,2,Standard
ST002436,Delhi,28.684576,77.12035,2,Standard
ST002437,Delhi,28.719714,77.147357,2,Standard
ST002438,Delhi,28.664452,77.224792,6,Hub
ST002439,Delhi,28.59196,77.020003,2,Standard
ST002440,Delhi,28.59707,77.227813,2,Standard
ST002441,Delhi,28.730788,77.192432,2,Standard
ST002442,Delhi,28.715436,77.068298,4,Standard
ST002443,Delhi,28.840375,77.215039,2,Standard
ST002444,Delhi,28.6287,77.216614,2,Standard
ST002445,Delhi,28.840363,77.124388,6,Hub
ST002446,Delhi,28.699602,77.1127,2,Standard
ST002447,Delhi,28.666955,77.071845,2,Standard
ST002448,Delhi,28.691891,77.11302,2,Standard
ST002449,Delhi,28.739983,77.150082,2,Standard
ST002450,Delhi,28.858055,77.199876,2,Standard
ST002451,Delhi,28.800802,77.106176,2,Standard
ST002452,Delhi,28.748089,77.145531,2,Standard
ST002453,Delhi,28.733011,77.088011,2,Standard
ST002454,Delhi,28.744314,77.093732,4,Standard
ST002455,Delhi,28.698309,76.993318,2,Standard
ST002456,Delhi,28.786971,77.028956,8,Hub
ST002457,Delhi,28.665926,77.094078,2,Standard
ST002458,Delhi,28.796185,77.260988,2,Standard
ST002459,Delhi,28.669139,77.168193,2,Standard
ST002460,Delhi,28.70828,77.034864,2,Standard
ST002461,Delhi,28.845041,77.058716,2,Standard
ST002462,Delhi,28.559914,77.00126,2,Standard
ST002463,Delhi,28.753035,77.118266,2,Standard
ST002464,Delhi,28.659795,77.112393,2,Standard
ST002465,Delhi,28.697062,76.918793,2,Standard
ST002466,Delhi,28.643373,77.134035,4,Standard
ST002467,Delhi,28.790487,77.081215,4,Standard
ST002468,Delhi,28.633936,77.107336,2,Standard
ST002469,Delhi,28.800004,77.041255,2,Standard
ST002470,Delhi,28.716508,76.940613,2,Standard
ST002471,Delhi,28.656775,77.175191,4,Standard
ST002472,Delhi,28.746237,77.043317,4,Standard
ST002473,Delhi,28.755395,76.921427,2,Standard
ST002474,Delhi,28.598045,76.998804,2,Standard
ST002475,Delhi,28.761447,76.943519,2,Standard
ST002476,Delhi,28.695997,77.108781,2,Standard
ST002477,Delhi,28.594158,77.180414,2,Standard
ST002478,Delhi,28.561537,77.148475,2,Standard
ST002479,Delhi,28.625049,77.201832,2,Standard
ST002480,Delhi,28.762393,77.240573,2,Standard
ST002481,Delhi,28.664958,77.090942,6,Hub
ST002482,Delhi,28.665127,77.24706,2,Standard
ST002483,Delhi,28.661152,77.107214,2,Standard
ST002484,Delhi,28.844112,77.073295,2,Standard
ST002485,Delhi,28.786442,77.079771,2,Standard
ST002486,Delhi,28.526702,77.130482,4,Standard
ST002487,Delhi,28.564393,77.080328,2,Standard
ST002488,Delhi,28.70288,77.191837,2,Standard
ST002489,Delhi,28.733512,77.131345,2,Standard
ST002490,Delhi,28.711953,77.102547,2,Standard
ST002491,Delhi,28.752078,77.095605,2,Standard
ST002492,Delhi,28.617144,76.958965,2,Standard
ST002493,Delhi,28.67501,77.092914,2,Standard
ST002494,Delhi,28.687645,76.983583,2,Standard
ST002495,Delhi,28.686006,76.949618,2,Standard
ST002496,Delhi,28.817446,77.084847,2,Standard
ST002497,Delhi,28.633482,77.211281,2,Standard
ST002498,Delhi,28.867239,77.177324,2,Standard
ST002499,Delhi,28.752072,77.147199,2,Standard
ST002500,Delhi,28.752057,76.993086,2,Standard
ST002501,Delhi,28.629783,77.161174,2,Standard
ST002502,Delhi,28.745625,77.04865,2,Standard
ST002503,Delhi,28.716138,77.089624,2,Standard
ST002504,Delhi,28.732507,76.935388,2,Standard
ST002505,Delhi,28.739855,77.180791,2,Standard
ST002506,Delhi,28.775656,77.224366,2,Standard
ST002507,Delhi,28.580156,77.074511,8,Hub
ST002508,Delhi,28.718072,77.142478,2,Standard
ST002509,Delhi,28.766336,77.119105,4,Standard
ST002510,Delhi,28.544461,77.039591,4,Standard
ST002511,Delhi,28.660684,77.027016,8,Hub
ST002512,Delhi,28.841754,77.060739,2,Standard
ST002513,Delhi,28.799622,77.057672,4,Standard
ST002514,Delhi,28.703509,77.113049,6,Hub
ST002515,Delhi,28.700468,77.078513,2,Standard
ST002516,Delhi,28.669431,77.203193,2,Standard
ST002517,Delhi,28.593688,77.0552,2,Standard
ST002518,Delhi,28.742244,77.168174,2,Standard
ST002519,Delhi,28.560388,76.972236,2,Standard
ST002520,Delhi,28.678251,76.919799,2,Standard
ST002521,Delhi,28.713172,76.984505,4,Standard
ST002522,Delhi,28.751605,77.227088,2,Standard
ST002523,Delhi,28.618035,77.01817,4,Standard
ST002524,Delhi,28.598586,77.109281,2,Standard
ST002525,Delhi,28.651543,77.192083,2,Standard
ST002526,Delhi,28.756208,77.254871,2,Standard
ST002527,Delhi,28.710773,77.118128,2,Standard
ST002528,Delhi,28.582861,77.153841,2,Standard
ST002529,Delhi,28.652934,77.123612,2,Standard
ST002530,Delhi,28.639284,77.077695,2,Standard
ST002531,Delhi,28.872455,77.026952,4,Standard
ST002532,Delhi,28.63853,77.101523,2,Standard
ST002533,Delhi,28.703507,77.095181,4,Standard
ST002534,Delhi,28.637679,77.113119,2,Standard
ST002535,Delhi,28.706208,77.101351,2,Standard
ST002536,Delhi,28.564049,77.05424,2,Standard
ST002537,Delhi,28.687095,77.104106,8,Hub
ST002538,Delhi,28.806155,77.084663,2,Standard
ST002539,Delhi,28.668444,77.071387,4,Standard
ST002540,Delhi,28.618731,77.111383,8,Hub
ST002541,Delhi,28.723024,77.112127,2,Standard
ST002542,Delhi,28.729154,77.0616,2,Standard
ST002543,Delhi,28.738331,77.197503,4,Standard
ST002544,Delhi,28.705556,77.090197,2,Standard
ST002545,Delhi,28.682981,77.091435,2,Standard
ST002546,Delhi,28.714373,77.104896,2,Standard
ST002547,Delhi,28.716004,77.082128,4,Standard
ST002548,Delhi,28.788179,77.127014,4,Standard
ST002549,Delhi,28.733324,77.058908,2,Standard
ST002550,Delhi,28.697062,77.106271,2,Standard
ST002551,Delhi,28.59444,77.138834,4,Standard
ST002552,Delhi,28.644105,77.07385,2,Standard
ST002553,Delhi,28.695565,77.122042,2,Standard
ST002554,Delhi,28.690773,77.117277,2,Standard
ST002555,Delhi,28.724215,76.910295,4,Standard
ST002556,Delhi,28.874065,77.07016,4,Standard
ST002557,Delhi,28.591109,77.019545,2,Standard
ST002558,Delhi,28.676421,77.22558,2,Standard
ST002559,Delhi,28.611415,77.129018,2,Standard
ST002560,Delhi,28.706854,77.046184,2,Standard
ST002561,Delhi,28.627428,77.270785,2,Standard
ST002562,Delhi,28.795229,77.136103,2,Standard
ST002563,Delhi,28.808304,77.038914,2,Standard
ST002564,Delhi,28.65626,77.088141,2,Standard
ST002565,Delhi,28.609848,77.244472,4,Standard
ST002566,Delhi,28.608196,77.065073,2,Standard
ST002567,Delhi,28.706698,77.104377,2,Standard
ST002568,Delhi,28.777543,77.085445,2,Standard
ST002569,Delhi,28.691394,77.09287,4,Standard
ST002570,Delhi,28.628004,76.932216,2,Standard
ST002571,Delhi,28.681674,77.090955,2,Standard
ST002572,Delhi,28.570595,77.027213,2,Standard
ST002573,Delhi,28.557686,77.200109,4,Standard
ST002574,Delhi,28.597187,76.957878,4,Standard
ST002575,Delhi,28.68536,77.084108,2,Standard
ST002576,Delhi,28.689316,77.140054,2,Standard
ST002577,Delhi,28.831901,77.020067,2,Standard
ST002578,Delhi,28.677245,77.048629,4,Standard
ST002579,Delhi,28.765017,77.240984,2,Standard
ST002580,Delhi,28.659536,77.1098,2,Standard
ST002581,Delhi,28.698104,77.097104,2,Standard
ST002582,Delhi,28.660943,77.185682,4,Standard
ST002583,Delhi,28.821887,77.260322,2,Standard
ST002584,Delhi,28.710727,77.127714,2,Standard
ST002585,Delhi,28.74837,77.249804,2,Standard
ST002586,Delhi,28.60318,77.153518,2,Standard
ST002587,Delhi,28.710926,77.103406,2,Standard
ST002588,Delhi,28.55014,77.157029,2,Standard
ST002589,Delhi,28.717125,77.091052,2,Standard
ST002590,Delhi,28.526734,77.0589,2,Standard
ST002591,Delhi,28.577619,77.209877,2,Standard
ST002592,Delhi,28.828963,77.241811,2,Standard
ST002593,Delhi,28.705784,76.914241,2,Standard
ST002594,Delhi,28.671763,77.037409,2,Standard
ST002595,Delhi,28.755108,77.081627,2,Standard
ST002596,Delhi,28.634906,77.224391,2,Standard
ST002597,Delhi,28.721961,76.917479,2,Standard
ST002598,Goa,15.344017,74.277207,2,Standard
ST002599,Goa,15.298383,74.111274,2,Standard
ST002600,Goa,15.256361,74.160803,4,Standard
ST002601,Goa,15.2333,74.309179,2,Standard
ST002602,Goa,15.209751,74.011824,2,Standard
ST002603,Goa,15.373928,74.112956,2,Standard
ST002604,Goa,15.327109,74.041663,2,Standard
ST002605,Goa,15.323956,74.097589,2,Standard
ST002606,Goa,15.340712,74.109876,4,Standard
ST002607,Goa,15.229608,74.258224,2,Standard
ST002608,Goa,15.20377,74.199305,2,Standard
ST002609,Goa,15.159739,74.174668,2,Standard
ST002610,Goa,15.300887,74.135583,2,Standard
ST002611,Goa,15.270026,74.214232,2,Standard
ST002612,Goa,15.334256,74.185752,2,Standard
ST002613,Goa,15.290015,74.130748,2,Standard
ST002614,Goa,15.146113,74.035591,2,Standard
ST002615,Goa,15.368513,74.221491,2,Standard
ST002616,Goa,15.25649,74.051882,2,Standard
ST002617,Goa,15.274455,74.045701,4,Standard
ST002618,Goa,15.29783,74.123957,4,Standard
ST002619,Goa,15.251941,74.000501,4,Standard
ST002620,Goa,15.370817,74.141598,4,Standard
ST002621,Goa,15.382718,74.112946,2,Standard
ST002622,Goa,15.117328,74.121776,2,Standard
ST002623,Goa,15.275522,74.01004,2,Standard
ST002624,Goa,15.350448,73.958867,4,Standard
ST002625,Goa,15.207743,74.149426,2,Standard
ST002626,Goa,15.153431,74.250898,2,Standard
ST002627,Goa,15.293876,74.108264,4,Standard
ST002628,Goa,15.361931,74.051096,4,Standard
ST002629,Goa,15.399143,74.170031,4,Standard
ST002630,Goa,15.146996,74.211299,2,Standard
ST002631,Goa,15.346417,74.282435,2,Standard
ST002632,Goa,15.289088,74.120127,2,Standard
ST002633,Goa,15.400223,74.105958,2,Standard
ST002634,Goa,15.275452,74.214802,2,Standard
ST002635,Goa,15.337535,74.076495,2,Standard
ST002636,Goa,15.308398,74.148158,2,Standard
ST002637,Goa,15.25309,74.273009,2,Standard
ST002638,Goa,15.254525,74.132068,2,Standard
ST002639,Goa,15.332747,74.181529,4,Standard
ST002640,Goa,15.363076,74.098714,2,Standard
ST002641,Goa,15.396076,74.116765,2,Standard
ST002642,Goa,15.376032,74.284865,2,Standard
ST002643,Goa,15.161746,74.158991,2,Standard
ST002644,Goa,15.309283,74.122975,2,Standard
ST002645,Goa,15.417606,74.206256,2,Standard
ST002646,Goa,15.291978,74.160126,4,Standard
ST002647,Goa,15.303536,74.12507,2,Standard
ST002648,Goa,15.30342,74.097431,4,Standard
ST002649,Goa,15.180604,74.148409,2,Standard
ST002650,Goa,15.294419,74.126359,2,Standard
ST002651,Goa,15.299739,74.121944,2,Standard
ST002652,Goa,15.312635,73.945837,4,Standard
ST002653,Goa,15.201587,74.167868,2,Standard
ST002654,Goa,15.222271,74.135218,2,Standard
ST002655,Goa,15.435195,74.007823,2,Standard
ST002656,Goa,15.236139,74.229561,2,Standard
ST002657,Goa,15.471775,74.038708,2,Standard
ST002658,Goa,15.208878,74.118905,2,Standard
ST002659,Goa,15.264912,74.312666,2,Standard
ST002660,Goa,15.371628,74.214646,2,Standard
ST002661,Goa,15.287967,74.178639,2,Standard
ST002662,Goa,15.134106,74.236314,2,Standard
ST002663,Goa,15.408176,74.163172,2,Standard
ST002664,Goa,15.326137,74.139324,4,Standard
ST002665,Goa,15.204481,74.161843,2,Standard
ST002666,Goa,15.295805,74.187195,2,Standard
ST002667,Goa,15.351113,74.155513,2,Standard
ST002668,Goa,15.484086,74.084591,2,Standard
ST002669,Goa,15.241258,74.222316,6,Hub
ST002670,Goa,15.300343,74.123335,2,Standard
ST002671,Goa,15.36988,73.947947,2,Standard
ST002672,Goa,15.326418,74.141528,2,Standard
ST002673,Goa,15.403555,74.097752,2,Standard
ST002674,Goa,15.350622,74.12859,2,Standard
ST002675,Goa,15.167516,74.166871,6,Hub
ST002676,Goa,15.278275,73.926029,4,Standard
ST002677,Goa,15.274164,74.228668,2,Standard
ST002678,Goa,15.219943,74.107137,2,Standard
ST002679,Goa,15.394379,74.294812,4,Standard
ST002680,Goa,15.35955,74.044606,2,Standard
ST002681,Goa,15.263081,74.09654,2,Standard
ST002682,Goa,15.165533,74.08624,2,Standard
ST002683,Goa,15.102142,74.105154,2,Standard
ST002684,Goa,15.242533,74.076226,2,Standard
ST002685,Goa,15.30403,74.090237,2,Standard
ST002686,Goa,15.247388,74.170048,6,Hub
ST002687,Goa,15.157078,74.188963,2,Standard
ST002688,Goa,15.141282,74.139766,4,Standard
ST002689,Goa,15.238636,74.092372,2,Standard
ST002690,Goa,15.316838,74.079686,2,Standard
ST002691,Goa,15.315471,74.223596,2,Standard
ST002692,Goa,15.299176,74.125813,2,Standard
ST002693,Goa,15.238336,74.041951,2,Standard
ST002694,Goa,15.117127,74.188917,4,Standard
ST002695,Goa,15.143607,74.049299,2,Standard
ST002696,Goa,15.372168,74.211465,2,Standard
ST002697,Goa,15.378047,74.03798,2,Standard
ST002698,Goa,15.284446,74.051089,4,Standard
ST002699,Goa,15.375859,74.174255,2,Standard
ST002700,Goa,15.162626,74.230733,2,Standard
ST002701,Goa,15.306593,74.317209,4,Standard
ST002702,Goa,15.347123,74.111123,2,Standard
ST002703,Goa,15.195803,74.270182,2,Standard
ST002704,Goa,15.386045,74.105537,2,Standard
ST002705,Goa,15.253904,74.218922,2,Standard
ST002706,Goa,15.278455,74.073433,4,Standard
ST002707,Goa,15.298423,74.113706,2,Standard
ST002708,Goa,15.372881,74.147548,2,Standard
ST002709,Goa,15.26109,74.174249,4,Standard
ST002710,Goa,15.235255,74.127618,2,Standard
ST002711,Gujarat,22.280666,71.250265,4,Standard
ST002712,Gujarat,22.339903,71.179489,2,Standard
ST002713,Gujarat,22.150279,71.231655,2,Standard
ST002714,Gujarat,22.306756,71.187351,2,Standard
ST002715,Gujarat,22.198775,71.062345,4,Standard
ST002716,Gujarat,22.244862,71.181339,2,Standard
ST002717,Gujarat,22.253015,71.180911,4,Standard
ST002718,Gujarat,22.136961,71.108383,2,Standard
ST002719,Gujarat,22.299566,71.355688,2,Standard
ST002720,Gujarat,22.424403,71.224391,2,Standard
ST002721,Gujarat,22.216527,71.203135,2,Standard
ST002722,Gujarat,22.385881,71.334445,2,Standard
ST002723,Gujarat,22.29444,71.209955,4,Standard
ST002724,Gujarat,22.187167,71.293744,2,Standard
ST002725,Gujarat,22.23456,71.185419,2,Standard
ST002726,Gujarat,22.246904,71.23867,6,Hub
ST002727,Gujarat,22.277372,71.272481,2,Standard
ST002728,Gujarat,22.246313,71.150711,4,Standard
ST002729,Gujarat,22.206381,71.250498,2,Standard
ST002730,Gujarat,22.447548,71.164259,2,Standard
ST002731,Gujarat,22.273675,71.146447,2,Standard
ST002732,Gujarat,22.316377,71.218677,2,Standard
ST002733,Gujarat,22.248042,71.293022,2,Standard
ST002734,Gujarat,22.288456,71.023334,6,Hub
ST002735,Gujarat,22.299083,71.132869,4,Standard
ST002736,Gujarat,22.23466,71.134636,2,Standard
ST002737,Gujarat,22.388864,71.244794,8,Hub
ST002738,Gujarat,22.340381,71.19745,2,Standard
ST002739,Gujarat,22.192367,71.314182,4,Standard
ST002740,Gujarat,22.264897,71.131898,2,Standard
ST002741,Gujarat,22.280897,71.137969,2,Standard
ST002742,Gujarat,22.121487,71.240512,2,Standard
ST002743,Gujarat,22.189386,71.007491,2,Standard
ST002744,Gujarat,22.279289,71.323254,2,Standard
ST002745,Gujarat,22.117448,71.076021,2,Standard
ST002746,Gujarat,22.342147,71.317478,2,Standard
ST002747,Gujarat,22.208743,71.169553,2,Standard
ST002748,Gujarat,22.192804,71.203077,6,Hub
ST002749,Gujarat,22.102524,71.107417,2,Standard
ST002750,Gujarat,22.144146,71.139105,2,Standard
ST002751,Gujarat,22.248538,71.191197,2,Standard
ST002752,Gujarat,22.269278,71.29023,2,Standard
ST002753,Gujarat,22.245268,71.22618,2,Standard
ST002754,Gujarat,22.19416,71.190724,4,Standard
ST002755,Gujarat,22.253975,71.285077,2,Standard
ST002756,Gujarat,22.382899,71.330252,2,Standard
ST002757,Gujarat,22.35408,71.087845,4,Standard
ST002758,Gujarat,22.380584,71.28844,4,Standard
ST002759,Gujarat,22.31339,71.048916,2,Standard
ST002760,Gujarat,22.355852,71.276935,2,Standard
ST002761,Gujarat,22.317057,71.092761,2,Standard
ST002762,Gujarat,22.203156,71.11947,2,Standard
ST002763,Gujarat,22.251936,71.191167,2,Standard
ST002764,Gujarat,22.248235,71.179917,2,Standard
ST002765,Gujarat,22.204981,71.215641,2,Standard
ST002766,Gujarat,22.233096,71.184887,2,Standard
ST002767,Gujarat,22.201697,71.043967,2,Standard
ST002768,Gujarat,22.269505,71.210247,2,Standard
ST002769,Gujarat,22.36577,71.331361,2,Standard
ST002770,Gujarat,22.16671,71.175934,2,Standard
ST002771,Gujarat,22.360488,71.273123,2,Standard
ST002772,Gujarat,22.37056,71.07024,2,Standard
ST002773,Gujarat,22.248125,71.181684,2,Standard
ST002774,Gujarat,22.266203,71.1988,2,Standard
ST002775,Gujarat,22.257425,71.219502,2,Standard
ST002776,Gujarat,22.253841,71.269258,2,Standard
ST002777,Gujarat,22.373025,71.149596,2,Standard
ST002778,Gujarat,22.331,71.070102,2,Standard
ST002779,Gujarat,22.370618,71.287991,4,Standard
ST002780,Gujarat,22.238626,71.318635,2,Standard
ST002781,Gujarat,22.150768,71.360223,2,Standard
ST002782,Gujarat,22.253952,71.248024,2,Standard
ST002783,Gujarat,22.263169,71.19032,2,Standard
ST002784,Gujarat,22.211012,71.055397,2,Standard
ST002785,Gujarat,22.359355,71.025517,2,Standard
ST002786,Gujarat,22.271602,71.190406,2,Standard
ST002787,Gujarat,22.315085,71.076084,2,Standard
ST002788,Gujarat,22.243267,71.171887,2,Standard
ST002789,Gujarat,22.143389,71.033295,6,Hub
ST002790,Gujarat,22.333387,71.146191,4,Standard
ST002791,Gujarat,22.328888,71.210397,2,Standard
ST002792,Gujarat,22.323484,71.067953,2,Standard
ST002793,Gujarat,22.248037,71.195185,2,Standard
ST002794,Gujarat,22.174618,71.233989,2,Standard
ST002795,Gujarat,22.374214,71.136757,4,Standard
ST002796,Gujarat,22.219011,71.289679,2,Standard
ST002797,Gujarat,22.4367,71.270833,2,Standard
ST002798,Gujarat,22.197751,71.266018,6,Hub
ST002799,Gujarat,22.174844,71.300109,4,Standard
ST002800,Gujarat,22.183744,71.070543,4,Standard
ST002801,Gujarat,22.251519,71.255124,4,Standard
ST002802,Gujarat,22.351257,71.285249,2,Standard
ST002803,Gujarat,22.374519,71.22198,2,Standard
ST002804,Gujarat,22.380415,71.062289,2,Standard
ST002805,Gujarat,22.171508,71.221314,2,Standard
ST002806,Gujarat,22.377469,71.254778,2,Standard
ST002807,Gujarat,22.279884,71.148292,4,Standard
ST002808,Gujarat,22.111028,71.272018,2,Standard
ST002809,Gujarat,22.293546,71.15847,2,Standard
ST002810,Gujarat,22.222129,71.180372,2,Standard
ST002811,Gujarat,22.404848,71.301241,2,Standard
ST002812,Gujarat,22.32386,71.055067,4,Standard
ST002813,Gujarat,22.419586,71.2433,2,Standard
ST002814,Gujarat,22.195344,71.218389,2,Standard
ST002815,Gujarat,22.241203,71.18714,2,Standard
ST002816,Gujarat,22.263563,71.076015,2,Standard
ST002817,Gujarat,22.273305,71.227098,4,Standard
ST002818,Gujarat,22.263277,71.202841,2,Standard
ST002819,Gujarat,22.115562,71.104315,6,Hub
ST002820,Gujarat,22.268442,71.193475,6,Hub
ST002821,Gujarat,22.111637,71.120045,8,Hub
ST002822,Gujarat,22.226277,71.254351,2,Standard
ST002823,Gujarat,22.213603,71.161191,6,Hub
ST002824,Gujarat,22.403695,71.21687,2,Standard
ST002825,Gujarat,22.176905,71.109934,4,Standard
ST002826,Gujarat,22.251647,71.057538,4,Standard
ST002827,Gujarat,22.277992,71.260205,4,Standard
ST002828,Gujarat,22.276936,71.210892,4,Standard
ST002829,Gujarat,22.181892,71.038815,2,Standard
ST002830,Gujarat,22.38094,71.163242,2,Standard
ST002831,Gujarat,22.267201,71.211745,2,Standard
ST002832,Gujarat,22.303232,71.085558,4,Standard
ST002833,Gujarat,22.143621,71.086644,2,Standard
ST002834,Gujarat,22.210407,71.032648,2,Standard
ST002835,Gujarat,22.398975,71.244114,2,Standard
ST002836,Gujarat,22.292585,71.146283,2,Standard
ST002837,Gujarat,22.218785,71.143874,6,Hub
ST002838,Gujarat,22.265153,71.190655,2,Standard
ST002839,Gujarat,22.229498,71.176395,4,Standard
ST002840,Gujarat,22.250428,71.158208,2,Standard
ST002841,Gujarat,22.267768,71.290857,4,Standard
ST002842,Gujarat,22.295124,71.170808,2,Standard
ST002843,Gujarat,22.352308,71.311896,2,Standard
ST002844,Gujarat,22.076344,71.19169,4,Standard
ST002845,Gujarat,22.336839,71.295275,2,Standard
ST002846,Gujarat,22.262066,71.223571,2,Standard
ST002847,Gujarat,22.210471,71.083899,2,Standard
ST002848,Gujarat,22.260577,71.130536,2,Standard
ST002849,Gujarat,22.1819,71.21844,2,Standard
ST002850,Gujarat,22.316858,71.186567,2,Standard
ST002851,Gujarat,22.238995,71.260517,2,Standard
ST002852,Gujarat,22.212335,71.172476,2,Standard
ST002853,Gujarat,22.304487,71.165434,2,Standard
ST002854,Gujarat,22.275117,71.1798,2,Standard
ST002855,Gujarat,22.158218,71.041376,6,Hub
ST002856,Gujarat,22.35333,71.361372,2,Standard
ST002857,Gujarat,22.077785,71.24758,4,Standard
ST002858,Gujarat,22.231933,71.138347,2,Standard
ST002859,Gujarat,22.281664,71.248639,2,Standard
ST002860,Gujarat,22.282698,71.208275,2,Standard
ST002861,Gujarat,22.325649,71.244102,2,Standard
ST002862,Gujarat,22.266688,71.165275,2,Standard
ST002863,Gujarat,22.346602,71.286385,2,Standard
ST002864,Gujarat,22.26506,71.210857,4,Standard
ST002865,Gujarat,22.35089,71.3525,2,Standard
ST002866,Gujarat,22.289442,71.128608,4,Standard
ST002867,Gujarat,22.19876,71.103216,6,Hub
ST002868,Gujarat,22.198344,71.069931,2,Standard
ST002869,Gujarat,22.221961,71.153895,2,Standard
ST002870,Gujarat,22.347091,71.214508,2,Standard
ST002871,Gujarat,22.346904,71.120336,2,Standard
ST002872,Gujarat,22.356844,71.020062,2,Standard
ST002873,Gujarat,22.330161,71.310872,4,Standard
ST002874,Gujarat,22.168948,71.018167,8,Hub
ST002875,Gujarat,22.395474,71.179992,4,Standard
ST002876,Gujarat,22.265106,71.351983,2,Standard
ST002877,Gujarat,22.380845,71.289664,2,Standard
ST002878,Gujarat,22.323398,71.151453,2,Standard
ST002879,Gujarat,22.20006,71.129453,2,Standard
ST002880,Gujarat,22.201311,71.216059,2,Standard
ST002881,Gujarat,22.272956,71.005708,2,Standard
ST002882,Gujarat,22.291262,71.179685,4,Standard
ST002883,Gujarat,22.36282,71.087944,4,Standard
ST002884,Gujarat,22.25846,71.205855,2,Standard
ST002885,Gujarat,22.238113,71.373676,6,Hub
ST002886,Gujarat,22.1621,71.085324,2,Standard
ST002887,Gujarat,22.252236,71.336132,2,Standard
ST002888,Gujarat,22.332596,71.205594,4,Standard
ST002889,Gujarat,22.238268,71.171512,8,Hub
ST002890,Gujarat,22.279513,71.150253,2,Standard
ST002891,Gujarat,22.212011,71.126162,2,Standard
ST002892,Gujarat,22.241006,71.180204,4,Standard
ST002893,Gujarat,22.439587,71.211695,2,Standard
ST002894,Gujarat,22.238532,71.35509,2,Standard
ST002895,Gujarat,22.300986,71.192227,2,Standard
ST002896,Gujarat,22.246082,71.32437,4,Standard
ST002897,Gujarat,22.437564,71.152948,2,Standard
ST002898,Gujarat,22.099704,71.189527,4,Standard
ST002899,Gujarat,22.38729,71.339642,2,Standard
ST002900,Gujarat,22.290628,71.185127,2,Standard
ST002901,Gujarat,22.252579,71.211473,6,Hub
ST002902,Gujarat,22.236501,71.354074,2,Standard
ST002903,Gujarat,22.245941,71.204638,2,Standard
ST002904,Gujarat,22.151223,71.356635,2,Standard
ST002905,Gujarat,22.201603,71.13184,4,Standard
ST002906,Gujarat,22.357455,71.363131,2,Standard
ST002907,Gujarat,22.282941,71.141591,2,Standard
ST002908,Gujarat,22.268945,71.197226,2,Standard
ST002909,Gujarat,22.343183,71.272114,2,Standard
ST002910,Gujarat,22.348262,71.149402,2,Standard
ST002911,Gujarat,22.307869,71.118002,2,Standard
ST002912,Gujarat,22.221038,71.050954,2,Standard
ST002913,Gujarat,22.291916,71.256554,2,Standard
ST002914,Gujarat,22.249504,71.18166,2,Standard
ST002915,Gujarat,22.189727,71.27415,4,Standard
ST002916,Gujarat,22.35358,71.190149,2,Standard
ST002917,Gujarat,22.293545,71.113323,2,Standard
ST002918,Gujarat,22.292921,71.07834,2,Standard
ST002919,Gujarat,22.320892,71.138668,2,Standard
ST002920,Gujarat,22.158801,71.115607,2,Standard
ST002921,Gujarat,22.23364,71.206719,2,Standard
ST002922,Gujarat,22.261475,71.194249,4,Standard
ST002923,Gujarat,22.291833,71.158651,2,Standard
ST002924,Gujarat,22.293957,71.335322,4,Standard
ST002925,Gujarat,22.215598,71.283972,2,Standard
ST002926,Gujarat,22.358982,71.356071,2,Standard
ST002927,Gujarat,22.361628,71.053652,2,Standard
ST002928,Gujarat,22.131646,71.276691,6,Hub
ST002929,Gujarat,22.259766,71.193755,2,Standard
ST002930,Gujarat,22.375098,71.207084,2,Standard
ST002931,Gujarat,22.159139,71.221057,2,Standard
ST002932,Gujarat,22.343144,71.196363,2,Standard
ST002933,Gujarat,22.241055,71.105637,2,Standard
ST002934,Gujarat,22.253504,71.146087,2,Standard
ST002935,Gujarat,22.304175,71.083855,2,Standard
ST002936,Gujarat,22.270254,71.238313,2,Standard
ST002937,Gujarat,22.143585,71.072815,4,Standard
ST002938,Gujarat,22.214131,71.218522,8,Hub
ST002939,Gujarat,22.348481,71.093122,2,Standard
ST002940,Gujarat,22.166265,71.223668,2,Standard
ST002941,Gujarat,22.294236,71.312618,2,Standard
ST002942,Gujarat,22.132987,71.34683,2,Standard
ST002943,Gujarat,22.162275,71.204468,2,Standard
ST002944,Gujarat,22.090821,71.118683,2,Standard
ST002945,Gujarat,22.287022,71.106734,6,Hub
ST002946,Gujarat,22.23579,71.077413,2,Standard
ST002947,Gujarat,22.220281,71.194244,2,Standard
ST002948,Gujarat,22.210793,71.203445,2,Standard
ST002949,Gujarat,22.316406,71.158196,2,Standard
ST002950,Gujarat,22.360552,71.160901,4,Standard
ST002951,Gujarat,22.185138,71.112525,2,Standard
ST002952,Gujarat,22.310366,71.246992,6,Hub
ST002953,Gujarat,22.359888,71.265091,2,Standard
ST002954,Gujarat,22.111691,71.243379,2,Standard
ST002955,Gujarat,22.264772,71.224748,8,Hub
ST002956,Gujarat,22.104561,71.295277,2,Standard
ST002957,Gujarat,22.238079,71.111193,2,Standard
ST002958,Gujarat,22.241956,71.190576,4,Standard
ST002959,Gujarat,22.391356,71.179504,2,Standard
ST002960,Gujarat,22.232852,71.306675,2,Standard
ST002961,Gujarat,22.407938,71.315045,2,Standard
ST002962,Gujarat,22.317696,71.3078,2,Standard
ST002963,Gujarat,22.262798,71.335854,2,Standard
ST002964,Gujarat,22.28129,71.059624,4,Standard
ST002965,Gujarat,22.124439,71.074782,2,Standard
ST002966,Gujarat,22.31697,71.223782,2,Standard
ST002967,Gujarat,22.260826,71.389991,2,Standard
ST002968,Gujarat,22.146161,71.286229,2,Standard
ST002969,Gujarat,22.241787,71.153501,2,Standard
ST002970,Gujarat,22.262586,71.248523,2,Standard
ST002971,Gujarat,22.218954,71.217231,2,Standard
ST002972,Gujarat,22.43324,71.214061,2,Standard
ST002973,Gujarat,22.325425,71.177753,2,Standard
ST002974,Gujarat,22.257951,71.193605,2,Standard
ST002975,Gujarat,22.188644,71.042913,2,Standard
ST002976,Gujarat,22.278016,71.217829,4,Standard
ST002977,Gujarat,22.289415,71.07303,2,Standard
ST002978,Gujarat,22.378296,71.227032,2,Standard
ST002979,Gujarat,22.23202,71.261149,2,Standard
ST002980,Gujarat,22.278756,71.031458,2,Standard
ST002981,Gujarat,22.105198,71.303401,8,Hub
ST002982,Gujarat,22.130234,71.27799,2,Standard
ST002983,Gujarat,22.080114,71.210553,2,Standard
ST002984,Gujarat,22.273328,71.182825,2,Standard
ST002985,Gujarat,22.410836,71.128253,2,Standard
ST002986,Gujarat,22.269013,71.153564,2,Standard
ST002987,Gujarat,22.316414,71.032468,4,Standard
ST002988,Gujarat,22.212322,71.377119,2,Standard
ST002989,Gujarat,22.287223,71.20164,4,Standard
ST002990,Gujarat,22.146737,71.16546,2,Standard
ST002991,Gujarat,22.256622,71.189716,4,Standard
ST002992,Gujarat,22.267343,71.190202,2,Standard
ST002993,Gujarat,22.260445,71.194594,2,Standard
ST002994,Gujarat,22.088458,71.116357,6,Hub
ST002995,Gujarat,22.175791,71.050285,2,Standard
ST002996,Gujarat,22.366726,71.201436,2,Standard
ST002997,Gujarat,22.16211,71.217483,4,Standard
ST002998,Gujarat,22.381737,71.2524,2,Standard
ST002999,Gujarat,22.105702,71.189304,2,Standard
ST003000,Gujarat,22.228951,71.195157,4,Standard
ST003001,Gujarat,22.238131,71.164731,8,Hub
ST003002,Gujarat,22.343977,71.104285,2,Standard
ST003003,Gujarat,22.364668,71.353069,2,Standard
ST003004,Gujarat,22.244217,71.190721,2,Standard
ST003005,Gujarat,22.223307,71.156182,2,Standard
ST003006,Gujarat,22.31284,71.038056,2,Standard
ST003007,Gujarat,22.358197,71.179161,4,Standard
ST003008,Gujarat,22.114,71.234482,2,Standard
ST003009,Gujarat,22.332331,71.27329,2,Standard
ST003010,Gujarat,22.241556,71.187273,2,Standard
ST003011,Gujarat,22.110205,71.276502,6,Hub
ST003012,Gujarat,22.270978,71.176806,2,Standard
ST003013,Gujarat,22.302932,71.220752,6,Hub
ST003014,Gujarat,22.276903,71.174144,6,Hub
ST003015,Gujarat,22.254908,71.172525,4,Standard
ST003016,Gujarat,22.207759,71.142637,4,Standard
ST003017,Gujarat,22.270014,71.147052,4,Standard
ST003018,Gujarat,22.228472,71.156232,4,Standard
ST003019,Gujarat,22.219149,71.022199,2,Standard
ST003020,Gujarat,22.37986,71.316335,2,Standard
ST003021,Gujarat,22.237547,71.178299,2,Standard
ST003022,Gujarat,22.229805,71.206546,2,Standard
ST003023,Gujarat,22.212115,71.047953,2,Standard
ST003024,Gujarat,22.338374,71.254843,2,Standard
ST003025,Gujarat,22.332654,71.020392,4,Standard
ST003026,Gujarat,22.069329,71.176277,2,Standard
ST003027,Gujarat,22.181836,71.174869,2,Standard
ST003028,Gujarat,22.315749,71.111985,4,Standard
ST003029,Gujarat,22.162162,71.209622,2,Standard
ST003030,Gujarat,22.353762,71.055841,2,Standard
ST003031,Gujarat,22.203918,71.23038,4,Standard
ST003032,Gujarat,22.144293,71.198207,2,Standard
ST003033,Gujarat,22.270326,71.350765,2,Standard
ST003034,Gujarat,22.192132,71.198067,2,Standard
ST003035,Gujarat,22.296107,71.222108,2,Standard
ST003036,Gujarat,22.316648,71.173282,4,Standard
ST003037,Gujarat,22.303664,71.272818,2,Standard
ST003038,Gujarat,22.256231,71.198984,6,Hub
ST003039,Gujarat,22.210429,71.28993,2,Standard
ST003040,Gujarat,22.191119,71.169635,2,Standard
ST003041,Gujarat,22.076085,71.255176,4,Standard
ST003042,Gujarat,22.221646,71.228376,6,Hub
ST003043,Gujarat,22.262457,71.283876,2,Standard
ST003044,Gujarat,22.261163,71.151276,2,Standard
ST003045,Gujarat,22.25763,71.188308,2,Standard
ST003046,Gujarat,22.123225,71.268065,2,Standard
ST003047,Gujarat,22.199047,71.288074,2,Standard
ST003048,Gujarat,22.300121,71.334901,4,Standard
ST003049,Gujarat,22.420092,71.247407,2,Standard
ST003050,Gujarat,22.314622,71.358097,2,Standard
ST003051,Gujarat,22.171896,71.307968,2,Standard
ST003052,Gujarat,22.182355,71.356712,4,Standard
ST003053,Gujarat,22.283685,71.217905,2,Standard
ST003054,Gujarat,22.242328,71.193117,2,Standard
ST003055,Gujarat,22.321543,71.370385,2,Standard
ST003056,Gujarat,22.333132,71.181324,2,Standard
ST003057,Gujarat,22.35525,71.141888,2,Standard
ST003058,Gujarat,22.241319,71.3318,2,Standard
ST003059,Gujarat,22.15155,71.026106,2,Standard
ST003060,Gujarat,22.246011,71.326212,2,Standard
ST003061,Gujarat,22.280226,71.199698,2,Standard
ST003062,Gujarat,22.458532,71.197321,2,Standard
ST003063,Gujarat,22.309455,71.043466,2,Standard
ST003064,Gujarat,22.198799,71.188735,4,Standard
ST003065,Gujarat,22.291799,71.238726,2,Standard
ST003066,Gujarat,22.151091,71.298704,2,Standard
ST003067,Gujarat,22.243682,71.188578,2,Standard
ST003068,Gujarat,22.279035,71.194713,2,Standard
ST003069,Gujarat,22.100803,71.291912,2,Standard
ST003070,Gujarat,22.154476,71.070521,2,Standard
ST003071,Gujarat,22.187975,71.207569,2,Standard
ST003072,Gujarat,22.394799,71.302706,2,Standard
ST003073,Gujarat,22.265655,71.159504,6,Hub
ST003074,Gujarat,22.161514,71.184898,2,Standard
ST003075,Gujarat,22.124966,71.058512,2,Standard
ST003076,Gujarat,22.163946,71.140486,6,Hub
ST003077,Gujarat,22.270658,71.196312,2,Standard
ST003078,Gujarat,22.261191,71.198397,2,Standard
ST003079,Gujarat,22.25266,71.04786,2,Standard
ST003080,Gujarat,22.368447,71.318562,2,Standard
ST003081,Gujarat,22.292624,71.242174,2,Standard
ST003082,Gujarat,22.259179,71.26686,2,Standard
ST003083,Gujarat,22.255835,71.290148,2,Standard
ST003084,Gujarat,22.093846,71.300825,2,Standard
ST003085,Gujarat,22.285399,71.202188,2,Standard
ST003086,Gujarat,22.377037,71.233187,2,Standard
ST003087,Gujarat,22.416272,71.248581,4,Standard
ST003088,Gujarat,22.153595,71.184501,2,Standard
ST003089,Gujarat,22.227064,71.179506,4,Standard
ST003090,Gujarat,22.279282,71.25275,2,Standard
ST003091,Gujarat,22.223722,71.169109,2,Standard
ST003092,Gujarat,22.40316,71.321923,2,Standard
ST003093,Gujarat,22.417711,71.214503,4,Standard
ST003094,Gujarat,22.272771,71.134647,2,Standard
ST003095,Gujarat,22.277875,71.214323,2,Standard
ST003096,Gujarat,22.217004,71.070788,2,Standard
ST003097,Gujarat,22.297005,71.008858,2,Standard
ST003098,Gujarat,22.247577,71.163282,2,Standard
ST003099,Gujarat,22.265638,71.360696,2,Standard
ST003100,Gujarat,22.262368,71.206433,4,Standard
ST003101,Gujarat,22.235406,71.115339,4,Standard
ST003102,Gujarat,22.37268,71.129776,6,Hub
ST003103,Gujarat,22.418492,71.294398,2,Standard
ST003104,Gujarat,22.255076,71.259745,2,Standard
ST003105,Gujarat,22.250327,71.198303,2,Standard
ST003106,Gujarat,22.234042,71.19294,6,Hub
ST003107,Gujarat,22.201704,71.233282,2,Standard
ST003108,Gujarat,22.281673,71.033417,2,Standard
ST003109,Gujarat,22.300509,71.25262,4,Standard
ST003110,Gujarat,22.23751,71.214033,2,Standard
ST003111,Gujarat,22.3011,71.057459,2,Standard
ST003112,Gujarat,22.285536,71.260658,2,Standard
ST003113,Gujarat,22.357585,71.269908,2,Standard
ST003114,Gujarat,22.401274,71.328618,4,Standard
ST003115,Gujarat,22.273653,71.115798,2,Standard
ST003116,Gujarat,22.098191,71.106036,2,Standard
ST003117,Gujarat,22.225797,71.180764,2,Standard
ST003118,Gujarat,22.136719,71.308832,2,Standard
ST003119,Gujarat,22.178426,71.089961,2,Standard
ST003120,Gujarat,22.378466,71.059646,2,Standard
ST003121,Gujarat,22.275311,71.18324,2,Standard
ST003122,Gujarat,22.116254,71.151863,2,Standard
ST003123,Gujarat,22.26398,71.071172,4,Standard
ST003124,Gujarat,22.338337,71.330578,2,Standard
ST003125,Gujarat,22.255484,71.175476,4,Standard
ST003126,Gujarat,22.2248,71.200244,2,Standard
ST003127,Gujarat,22.256811,71.195484,2,Standard
ST003128,Gujarat,22.169594,71.256857,6,Hub
ST003129,Gujarat,22.161729,71.101816,2,Standard
ST003130,Gujarat,22.280936,71.155488,2,Standard
ST003131,Gujarat,22.382495,71.309359,2,Standard
ST003132,Gujarat,22.36664,71.354743,2,Standard
ST003133,Gujarat,22.313719,71.108686,2,Standard
ST003134,Gujarat,22.278043,71.190132,2,Standard
ST003135,Gujarat,22.216925,71.313015,2,Standard
ST003136,Gujarat,22.149557,71.342609,2,Standard
ST003137,Gujarat,22.359373,71.236436,4,Standard
ST003138,Gujarat,22.148859,71.121851,2,Standard
ST003139,Gujarat,22.256105,71.265267,2,Standard
ST003140,Gujarat,22.280347,71.159973,2,Standard
ST003141,Gujarat,22.310961,71.092741,2,Standard
ST003142,Gujarat,22.269618,71.050097,2,Standard
ST003143,Gujarat,22.288711,71.302133,2,Standard
ST003144,Gujarat,22.316953,71.12856,2,Standard
ST003145,Gujarat,22.347158,71.173554,4,Standard
ST003146,Gujarat,22.307289,71.253273,4,Standard
ST003147,Gujarat,22.319722,71.173292,2,Standard
ST003148,Gujarat,22.377808,71.062487,4,Standard
ST003149,Gujarat,22.248897,71.20586,2,Standard
ST003150,Gujarat,22.248783,71.130892,2,Standard
ST003151,Gujarat,22.276884,71.105757,6,Hub
ST003152,Gujarat,22.103784,71.206782,2,Standard
ST003153,Gujarat,22.193201,71.252102,2,Standard
ST003154,Gujarat,22.206363,71.24396,2,Standard
ST003155,Gujarat,22.099085,71.166145,4,Standard
ST003156,Gujarat,22.190972,71.272441,2,Standard
ST003157,Gujarat,22.232955,71.14506,2,Standard
ST003158,Gujarat,22.226577,71.376298,2,Standard
ST003159,Gujarat,22.239593,71.078555,2,Standard
ST003160,Gujarat,22.255188,71.187709,2,Standard
ST003161,Gujarat,22.183591,71.123534,4,Standard
ST003162,Gujarat,22.189765,71.17202,2,Standard
ST003163,Gujarat,22.292411,71.211341,2,Standard
ST003164,Gujarat,22.336557,71.167505,4,Standard
ST003165,Gujarat,22.248388,71.194591,2,Standard
ST003166,Gujarat,22.398159,71.225943,2,Standard
ST003167,Gujarat,22.159859,71.16828,2,Standard
ST003168,Gujarat,22.265133,71.341211,4,Standard
ST003169,Gujarat,22.277368,71.225483,2,Standard
ST003170,Gujarat,22.20318,71.206391,2,Standard
ST003171,Gujarat,22.260757,71.321431,2,Standard
ST003172,Gujarat,22.162589,71.058401,2,Standard
ST003173,Gujarat,22.245994,71.199625,2,Standard
ST003174,Gujarat,22.229662,71.386238,2,Standard
ST003175,Gujarat,22.141933,71.111688,2,Standard
ST003176,Gujarat,22.36223,71.19719,2,Standard
ST003177,Gujarat,22.369396,71.218997,2,Standard
ST003178,Gujarat,22.428876,71.099915,2,Standard
ST003179,Gujarat,22.170018,71.169302,4,Standard
ST003180,Gujarat,22.385462,71.146778,6,Hub
ST003181,Gujarat,22.344208,71.229338,2,Standard
ST003182,Gujarat,22.264455,71.286184,2,Standard
ST003183,Gujarat,22.146799,71.224555,2,Standard
ST003184,Gujarat,22.238276,71.218134,2,Standard
ST003185,Gujarat,22.092705,71.18852,2,Standard
ST003186,Gujarat,22.22389,71.134365,2,Standard
ST003187,Haryana,29.226474,76.013694,4,Standard
ST003188,Haryana,29.060792,76.093228,4,Standard
ST003189,Haryana,29.049765,75.920325,2,Standard
ST003190,Haryana,29.233152,76.04991,2,Standard
ST003191,Haryana,28.973246,76.023001,2,Standard
ST003192,Haryana,29.107378,76.094186,2,Standard
ST003193,Haryana,28.937124,76.117155,4,Standard
ST003194,Haryana,28.919779,76.033316,2,Standard
ST003195,Haryana,29.03779,76.19662,2,Standard
ST003196,Haryana,29.129167,76.129112,4,Standard
ST003197,Haryana,29.05894,75.94692,2,Standard
ST003198,Haryana,29.114282,76.082334,2,Standard
ST003199,Haryana,28.992898,76.08635,2,Standard
ST003200,Haryana,28.899208,76.148089,4,Standard
ST003201,Haryana,28.987904,75.923977,2,Standard
ST003202,Haryana,29.109099,76.252873,2,Standard
ST003203,Haryana,29.224137,76.150776,2,Standard
ST003204,Haryana,29.028811,76.140911,4,Standard
ST003205,Haryana,28.871204,76.071324,2,Standard
ST003206,Haryana,29.126095,76.106433,2,Standard
ST003207,Haryana,29.107965,76.023494,8,Hub
ST003208,Haryana,29.085481,76.16626,4,Standard
ST003209,Haryana,28.921048,76.206198,6,Hub
ST003210,Haryana,29.066368,75.984861,2,Standard
ST003211,Haryana,29.151607,76.078806,4,Standard
ST003212,Haryana,29.107782,76.104369,2,Standard
ST003213,Haryana,29.029917,76.097869,2,Standard
ST003214,Haryana,29.203921,76.03598,2,Standard
ST003215,Haryana,29.045253,76.202982,2,Standard
ST003216,Haryana,29.02521,75.900365,2,Standard
ST003217,Haryana,29.134633,76.015841,2,Standard
ST003218,Haryana,29.076145,75.974517,4,Standard
ST003219,Haryana,29.037098,76.078139,2,Standard
ST003220,Haryana,29.13315,76.161021,2,Standard
ST003221,Haryana,29.058303,76.089778,2,Standard
ST003222,Haryana,29.057697,76.079197,4,Standard
ST003223,Haryana,28.969714,76.024831,2,Standard
ST003224,Haryana,29.153789,76.066746,2,Standard
ST003225,Haryana,29.160444,76.128529,2,Standard
ST003226,Haryana,29.166785,75.918006,4,Standard
ST003227,Haryana,29.000778,76.11275,2,Standard
ST003228,Haryana,29.090656,76.064431,2,Standard
ST003229,Haryana,28.998079,76.031775,2,Standard
ST003230,Haryana,29.125957,76.103331,4,Standard
ST003231,Haryana,29.04569,76.222191,2,Standard
ST003232,Haryana,29.109658,76.068647,2,Standard
ST003233,Haryana,29.062971,76.075344,2,Standard
ST003234,Haryana,29.045093,76.082253,6,Hub
ST003235,Haryana,29.199092,76.023876,2,Standard
ST003236,Haryana,28.968722,75.947621,2,Standard
ST003237,Haryana,28.942465,75.930616,2,Standard
ST003238,Haryana,29.017278,75.90539,2,Standard
ST003239,Haryana,29.035523,76.083085,2,Standard
ST003240,Haryana,29.033822,76.081131,2,Standard
ST003241,Haryana,28.978144,76.032623,6,Hub
ST003242,Haryana,29.057358,76.084201,2,Standard
ST003243,Haryana,29.092179,76.178023,4,Standard
ST003244,Haryana,29.131841,76.062123,2,Standard
ST003245,Haryana,28.931697,76.150995,6,Hub
ST003246,Haryana,29.011284,76.049317,2,Standard
ST003247,Haryana,29.021919,76.108741,2,Standard
ST003248,Haryana,29.084334,76.080064,2,Standard
ST003249,Haryana,29.055219,76.089326,2,Standard
ST003250,Haryana,29.086333,76.239247,2,Standard
ST003251,Haryana,29.063636,76.100865,2,Standard
ST003252,Haryana,29.056832,76.085919,2,Standard
ST003253,Haryana,29.197952,76.167619,2,Standard
ST003254,Haryana,29.083419,75.904236,2,Standard
ST003255,Haryana,29.142216,75.977383,2,Standard
ST003256,Haryana,29.206982,76.13616,2,Standard
ST003257,Haryana,29.149054,75.953708,2,Standard
ST003258,Haryana,29.012286,76.08312,2,Standard
ST003259,Haryana,29.140794,75.965485,2,Standard
ST003260,Haryana,29.089711,76.081845,2,Standard
ST003261,Haryana,29.065252,76.127465,4,Standard
ST003262,Haryana,29.068673,76.049546,2,Standard
ST003263,Haryana,29.24125,76.166822,2,Standard
ST003264,Haryana,29.223822,76.111543,2,Standard
ST003265,Haryana,28.947195,76.211604,2,Standard
ST003266,Haryana,28.888989,76.024921,2,Standard
ST003267,Haryana,29.060427,76.084786,2,Standard
ST003268,Haryana,29.103355,76.108448,2,Standard
ST003269,Haryana,28.972545,75.93029,2,Standard
ST003270,Haryana,28.94123,76.115832,2,Standard
ST003271,Haryana,29.119474,76.234723,2,Standard
ST003272,Haryana,29.111392,76.07465,4,Standard
ST003273,Haryana,29.041586,76.08616,2,Standard
ST003274,Haryana,28.965105,76.04909,2,Standard
ST003275,Haryana,29.113236,76.155268,2,Standard
ST003276,Haryana,29.006179,76.17573,2,Standard
ST003277,Haryana,29.057341,76.084729,2,Standard
ST003278,Haryana,29.068654,75.943338,4,Standard
ST003279,Haryana,29.051735,76.093485,2,Standard
ST003280,Haryana,29.06472,75.894657,2,Standard
ST003281,Haryana,29.062801,76.150181,2,Standard
ST003282,Haryana,29.105414,76.191152,2,Standard
ST003283,Haryana,29.098901,76.14448,2,Standard
ST003284,Haryana,29.02219,75.979728,2,Standard
ST003285,Haryana,28.995245,76.140601,6,Hub
ST003286,Haryana,29.057715,76.085154,2,Standard
ST003287,Haryana,29.214039,76.16906,2,Standard
ST003288,Haryana,29.183572,76.152044,2,Standard
ST003289,Haryana,29.106247,76.059531,4,Standard
ST003290,Haryana,28.980654,76.168304,4,Standard
ST003291,Haryana,29.197501,75.958126,2,Standard
ST003292,Haryana,29.057665,76.068313,6,Hub
ST003293,Haryana,29.018885,76.013901,2,Standard
ST003294,Haryana,29.049136,76.087399,2,Standard
ST003295,Haryana,29.116019,76.232985,4,Standard
ST003296,Haryana,29.000974,76.102811,2,Standard
ST003297,Haryana,28.93132,76.199393,4,Standard
ST003298,Haryana,29.058457,76.031138,4,Standard
ST003299,Haryana,29.096077,76.11952,8,Hub
ST003300,Haryana,29.160995,76.030049,2,Standard
ST003301,Haryana,28.942151,76.060693,2,Standard
ST003302,Haryana,28.95127,76.205992,2,Standard
ST003303,Haryana,29.0357,76.082196,2,Standard
ST003304,Haryana,29.13276,76.163438,2,Standard
ST003305,Haryana,29.115637,76.061667,2,Standard
ST003306,Haryana,29.16309,75.973899,4,Standard
ST003307,Haryana,29.0589,76.092867,6,Hub
ST003308,Haryana,29.175671,76.172602,2,Standard
ST003309,Haryana,29.081892,76.156172,2,Standard
ST003310,Haryana,28.913715,76.084051,2,Standard
ST003311,Haryana,29.120358,76.138666,2,Standard
ST003312,Haryana,28.95111,76.09573,2,Standard
ST003313,Haryana,29.073099,76.054383,4,Standard
ST003314,Haryana,29.108053,75.956072,2,Standard
ST003315,Haryana,28.927427,76.037489,2,Standard
ST003316,Haryana,29.035243,76.100134,2,Standard
ST003317,Haryana,29.005819,75.995023,2,Standard
ST003318,Haryana,29.015506,76.033683,2,Standard
ST003319,Haryana,29.156728,76.020714,2,Standard
ST003320,Haryana,29.136117,76.131589,4,Standard
ST003321,Haryana,29.065141,75.9269,2,Standard
ST003322,Haryana,28.879954,76.091674,2,Standard
ST003323,Haryana,29.049702,76.167214,2,Standard
ST003324,Haryana,29.202883,75.978964,2,Standard
ST003325,Haryana,28.991278,75.927629,2,Standard
ST003326,Haryana,29.205578,76.177169,2,Standard
ST003327,Haryana,29.043488,76.117812,2,Standard
ST003328,Haryana,29.064379,76.169007,2,Standard
ST003329,Haryana,29.05832,76.149712,2,Standard
ST003330,Haryana,29.097979,76.130028,2,Standard
ST003331,Haryana,28.979388,76.04683,2,Standard
ST003332,Haryana,28.973558,76.208162,2,Standard
ST003333,Haryana,29.177522,75.991716,2,Standard
ST003334,Haryana,28.985438,76.21516,2,Standard
ST003335,Haryana,29.073856,76.106875,2,Standard
ST003336,Haryana,28.967475,76.218848,2,Standard
ST003337,Haryana,29.05909,76.098247,2,Standard
ST003338,Haryana,29.175019,76.212055,2,Standard
ST003339,Haryana,29.025022,76.047871,2,Standard
ST003340,Haryana,28.959589,76.049673,2,Standard
ST003341,Haryana,29.032692,76.046955,6,Hub
ST003342,Haryana,29.099543,76.039035,2,Standard
ST003343,Haryana,29.057691,76.082572,2,Standard
ST003344,Haryana,29.009798,76.136066,2,Standard
ST003345,Haryana,29.044792,76.081675,2,Standard
ST003346,Haryana,29.069667,76.043421,2,Standard
ST003347,Haryana,28.987708,75.941545,4,Standard
ST003348,Haryana,28.921682,76.029432,4,Standard
ST003349,Haryana,29.021404,76.025122,2,Standard
ST003350,Haryana,29.080104,76.030645,2,Standard
ST003351,Haryana,28.924396,76.021099,4,Standard
ST003352,Haryana,29.014931,76.12734,2,Standard
ST003353,Haryana,28.900515,76.126935,2,Standard
ST003354,Haryana,29.157418,76.039134,2,Standard
ST003355,Haryana,28.96341,75.932183,2,Standard
ST003356,Haryana,29.096599,76.112538,2,Standard
ST003357,Haryana,29.016727,75.926314,2,Standard
ST003358,Haryana,29.110517,76.020654,2,Standard
ST003359,Haryana,29.13292,76.132208,2,Standard
ST003360,Haryana,29.065833,76.143413,2,Standard
ST003361,Haryana,29.060907,76.070642,2,Standard
ST003362,Haryana,29.098862,76.010029,2,Standard
ST003363,Haryana,29.044038,76.075423,2,Standard
ST003364,Haryana,29.04944,76.100905,2,Standard
ST003365,Haryana,29.215562,76.046967,2,Standard
ST003366,Haryana,29.01551,76.096821,2,Standard
ST003367,Haryana,29.121782,76.057616,6,Hub
ST003368,Haryana,29.118562,76.181071,2,Standard
ST003369,Haryana,29.059519,76.085335,2,Standard
ST003370,Haryana,29.072791,76.272767,2,Standard
ST003371,Haryana,29.069575,76.105521,2,Standard
ST003372,Haryana,28.902923,76.012026,2,Standard
ST003373,Haryana,28.861941,76.11411,2,Standard
ST003374,Haryana,29.052422,76.072228,2,Standard
ST003375,Haryana,29.140296,76.081927,2,Standard
ST003376,Haryana,29.03282,76.194109,2,Standard
ST003377,Haryana,29.053014,76.101895,2,Standard
ST003378,Haryana,29.148713,76.086407,2,Standard
ST003379,Haryana,29.118216,75.987766,2,Standard
ST003380,Haryana,29.116169,76.085314,4,Standard
ST003381,Haryana,29.052723,76.116967,2,Standard
ST003382,Haryana,29.088123,76.134523,2,Standard
ST003383,Haryana,29.106974,75.910972,4,Standard
ST003384,Haryana,29.10469,76.078358,2,Standard
ST003385,Haryana,29.107022,76.04105,2,Standard
ST003386,Haryana,29.190872,76.19889,2,Standard
ST003387,Haryana,29.037185,76.060736,2,Standard
ST003388,Haryana,29.006842,76.110117,2,Standard
ST003389,Haryana,29.051284,75.995229,2,Standard
ST003390,Haryana,29.069724,76.084863,2,Standard
ST003391,Haryana,28.999721,76.161749,2,Standard
ST003392,Haryana,28.995625,76.084356,4,Standard
ST003393,Haryana,29.036045,75.912137,2,Standard
ST003394,Haryana,29.20803,76.025122,2,Standard
ST003395,Haryana,29.123845,75.996756,2,Standard
ST003396,Haryana,29.086659,76.03167,2,Standard
ST003397,Haryana,29.007881,76.123344,2,Standard
ST003398,Haryana,29.002879,76.097222,2,Standard
ST003399,Haryana,29.119558,76.070654,2,Standard
ST003400,Haryana,29.144795,76.146479,4,Standard
ST003401,Haryana,29.079501,76.093363,2,Standard
ST003402,Haryana,29.076552,76.176758,2,Standard
ST003403,Haryana,28.912723,76.150728,2,Standard
ST003404,Haryana,29.053165,76.000523,2,Standard
ST003405,Haryana,29.027025,76.14034,6,Hub
ST003406,Haryana,29.060364,76.075304,2,Standard
ST003407,Haryana,29.217393,76.098404,2,Standard
ST003408,Haryana,29.032893,76.089346,2,Standard
ST003409,Haryana,29.075691,76.271334,2,Standard
ST003410,Haryana,29.148945,75.975938,6,Hub
ST003411,Haryana,28.955384,76.097198,4,Standard
ST003412,Haryana,29.249622,76.055677,2,Standard
ST003413,Haryana,29.09392,76.243974,2,Standard
ST003414,Haryana,29.072699,76.125983,2,Standard
ST003415,Haryana,29.022523,76.013177,2,Standard
ST003416,Haryana,29.07498,76.078177,2,Standard
ST003417,Haryana,28.875577,76.072308,2,Standard
ST003418,Haryana,29.084594,76.06786,2,Standard
ST003419,Haryana,28.975962,76.177634,2,Standard
ST003420,Haryana,29.163159,76.24867,2,Standard
ST003421,Haryana,29.087513,76.068558,2,Standard
ST003422,Haryana,29.071167,76.097383,2,Standard
ST003423,Haryana,29.091424,76.064736,2,Standard
ST003424,Haryana,28.981165,76.130671,2,Standard
ST003425,Haryana,29.047141,76.077239,4,Standard
ST003426,Haryana,29.085909,76.269915,2,Standard
ST003427,Haryana,29.18989,76.000559,2,Standard
ST003428,Haryana,29.123716,76.093553,2,Standard
ST003429,Haryana,29.020612,76.045966,2,Standard
ST003430,Haryana,29.165665,76.017391,2,Standard
ST003431,Haryana,29.222359,76.164972,2,Standard
ST003432,Haryana,29.073798,76.081524,2,Standard
ST003433,Haryana,28.999377,76.073348,4,Standard
ST003434,Haryana,29.030711,76.108005,2,Standard
ST003435,Haryana,28.889798,75.995338,2,Standard
ST003436,Haryana,29.04222,76.08528,2,Standard
ST003437,Haryana,29.009198,76.03902,2,Standard
ST003438,Haryana,29.112482,76.017218,2,Standard
ST003439,Haryana,29.072234,76.121382,2,Standard
ST003440,Haryana,29.065048,76.032851,2,Standard
ST003441,Haryana,29.06325,76.044664,4,Standard
ST003442,Haryana,29.018271,76.169412,2,Standard
ST003443,Haryana,29.233403,76.020494,4,Standard
ST003444,Haryana,29.077977,76.154629,2,Standard
ST003445,Haryana,29.119063,76.16789,2,Standard
ST003446,Haryana,28.884145,76.129763,2,Standard
ST003447,Haryana,29.128214,76.052939,2,Standard
ST003448,Haryana,28.879794,76.094901,2,Standard
ST003449,Haryana,29.059055,76.084915,4,Standard
ST003450,Haryana,29.022855,76.161913,2,Standard
ST003451,Haryana,29.063873,76.125191,4,Standard
ST003452,Haryana,29.183865,76.115862,4,Standard
ST003453,Haryana,29.057978,76.096037,2,Standard
ST003454,Haryana,29.077922,76.244839,2,Standard
ST003455,Haryana,29.116317,76.007973,2,Standard
ST003456,Haryana,28.889798,76.184019,4,Standard
ST003457,Haryana,29.071965,76.126611,4,Standard
ST003458,Haryana,29.049815,76.118963,2,Standard
ST003459,Haryana,28.926504,76.21083,2,Standard
ST003460,Haryana,28.997118,76.03098,2,Standard
ST003461,Haryana,29.067681,76.081718,4,Standard
ST003462,Haryana,29.086756,76.195271,4,Standard
ST003463,Haryana,29.052884,76.080347,2,Standard
ST003464,Haryana,28.952327,76.159893,2,Standard
ST003465,Haryana,29.017892,75.964706,2,Standard
ST003466,Haryana,29.050776,76.102496,2,Standard
ST003467,Haryana,29.035703,76.096985,4,Standard
ST003468,Haryana,29.148734,76.054887,2,Standard
ST003469,Haryana,28.995942,76.225378,2,Standard
ST003470,Haryana,28.996798,76.086399,2,Standard
ST003471,Haryana,29.124633,75.92515,2,Standard
ST003472,Haryana,29.054431,76.077285,2,Standard
ST003473,Haryana,28.919205,76.023809,4,Standard
ST003474,Haryana,29.088719,76.12019,2,Standard
ST003475,Haryana,29.061776,76.082891,2,Standard
ST003476,Haryana,29.060424,75.990859,2,Standard
ST003477,Haryana,29.057459,76.086066,2,Standard
ST003478,Haryana,29.089195,76.020369,2,Standard
ST003479,Haryana,28.927759,76.051282,2,Standard
ST003480,Haryana,29.002729,75.90281,2,Standard
ST003481,Haryana,28.980401,76.069959,2,Standard
ST003482,Haryana,29.181827,76.048768,4,Standard
ST003483,Haryana,29.051264,76.109744,2,Standard
ST003484,Haryana,29.09859,76.025071,2,Standard
ST003485,Haryana,29.00858,76.005947,2,Standard
ST003486,Haryana,29.096755,76.199795,4,Standard
ST003487,Haryana,29.135532,76.116362,2,Standard
ST003488,Haryana,28.975305,76.060421,2,Standard
ST003489,Haryana,29.057419,75.920021,2,Standard
ST003490,Haryana,29.059833,76.077906,2,Standard
ST003491,Haryana,29.095706,76.186376,4,Standard
ST003492,Haryana,29.211983,76.019108,4,Standard
ST003493,Haryana,29.092105,76.034922,2,Standard
ST003494,Haryana,28.973758,76.125979,2,Standard
ST003495,Haryana,29.062216,76.090791,2,Standard
ST003496,Haryana,29.104288,76.069835,2,Standard
ST003497,Haryana,29.059852,76.102243,4,Standard
ST003498,Haryana,29.163245,76.035251,2,Standard
ST003499,Haryana,28.96801,75.927499,2,Standard
ST003500,Haryana,28.988532,76.188134,4,Standard
ST003501,Haryana,29.09505,76.094617,2,Standard
ST003502,Haryana,29.133728,75.951798,2,Standard
ST003503,Haryana,29.014257,76.14639,2,Standard
ST003504,Haryana,29.058753,76.08559,4,Standard
ST003505,Haryana,29.06109,76.127183,4,Standard
ST003506,Haryana,29.058311,76.24678,2,Standard
ST003507,Haryana,29.0517,76.12324,4,Standard
ST003508,Haryana,28.885733,76.080963,2,Standard
ST003509,Haryana,29.059653,76.101284,2,Standard
ST003510,Haryana,28.966113,76.202939,4,Standard
ST003511,Haryana,28.903657,76.034446,2,Standard
ST003512,Haryana,29.21225,76.045781,2,Standard
ST003513,Haryana,28.980384,76.025714,2,Standard
ST003514,Haryana,29.249458,76.134641,2,Standard
ST003515,Haryana,29.036156,76.105951,2,Standard
ST003516,Haryana,29.030384,76.036352,2,Standard
ST003517,Haryana,28.958082,76.025369,2,Standard
ST003518,Haryana,28.901204,76.141523,2,Standard
ST003519,Haryana,29.050374,76.17493,2,Standard
ST003520,Haryana,28.92978,76.05446,4,Standard
ST003521,Haryana,29.075527,76.008431,4,Standard
ST003522,Haryana,29.040495,76.061678,4,Standard
ST003523,Haryana,29.128654,76.054138,2,Standard
ST003524,Haryana,29.058278,76.081565,2,Standard
ST003525,Haryana,29.085868,76.17918,2,Standard
ST003526,Haryana,29.134873,76.012574,2,Standard
ST003527,Haryana,29.146317,76.044331,2,Standard
ST003528,Haryana,29.034894,76.087036,2,Standard
ST003529,Haryana,29.074845,76.038886,4,Standard
ST003530,Haryana,29.205913,75.978168,2,Standard
ST003531,Haryana,29.156315,76.049318,2,Standard
ST003532,Haryana,28.989943,75.94595,4,Standard
ST003533,Haryana,29.140516,76.173739,2,Standard
ST003534,Haryana,29.156011,76.10688,4,Standard
ST003535,Haryana,29.079393,76.115838,4,Standard
ST003536,Haryana,29.001585,76.150458,2,Standard
ST003537,Haryana,29.048154,76.075196,2,Standard
ST003538,Haryana,29.022285,76.084753,2,Standard
ST003539,Haryana,28.944843,76.028457,2,Standard
ST003540,Haryana,28.920416,76.034093,2,Standard
ST003541,Haryana,28.980402,76.217013,2,Standard
ST003542,Haryana,28.970476,76.125302,4,Standard
ST003543,Haryana,29.056607,76.082655,4,Standard
ST003544,Haryana,28.988615,75.983718,2,Standard
ST003545,Haryana,29.052499,76.10156,2,Standard
ST003546,Haryana,29.214117,76.185452,2,Standard
ST003547,Haryana,29.049335,76.062007,2,Standard
ST003548,Haryana,28.985163,76.178439,2,Standard
ST003549,Haryana,29.063272,76.0781,4,Standard
ST003550,Haryana,29.073728,76.262923,4,Standard
ST003551,Haryana,29.099013,76.087918,2,Standard
ST003552,Haryana,29.177437,76.054363,2,Standard
ST003553,Haryana,29.057818,76.098962,2,Standard
ST003554,Haryana,29.106983,76.094225,2,Standard
ST003555,Haryana,29.119967,76.029226,2,Standard
ST003556,Haryana,29.024764,75.905124,2,Standard
ST003557,Haryana,29.026755,76.106494,2,Standard
ST003558,Haryana,28.878233,76.066104,2,Standard
ST003559,Haryana,29.063211,76.073195,2,Standard
ST003560,Haryana,29.018419,75.978586,2,Standard
ST003561,Haryana,29.079271,76.072146,2,Standard
ST003562,Haryana,28.886914,76.048271,4,Standard
ST003563,Haryana,28.9774,76.137241,6,Hub
ST003564,Himachal Pradesh,31.155066,77.197231,4,Standard
ST003565,Himachal Pradesh,31.019507,77.342087,4,Standard
ST003566,Himachal Pradesh,31.086013,77.263639,2,Standard
ST003567,Himachal Pradesh,31.089407,77.144848,2,Standard
ST003568,Himachal Pradesh,30.957628,77.185967,2,Standard
ST003569,Himachal Pradesh,31.18872,77.080419,2,Standard
ST003570,Himachal Pradesh,31.092501,77.15134,4,Standard
ST003571,Himachal Pradesh,31.129791,77.16454,4,Standard
ST003572,Himachal Pradesh,31.112978,77.121072,2,Standard
ST003573,Himachal Pradesh,31.236439,77.115048,2,Standard
ST003574,Himachal Pradesh,31.10585,77.129601,2,Standard
ST003575,Himachal Pradesh,30.989067,77.216684,2,Standard
ST003576,Himachal Pradesh,31.107402,77.152772,2,Standard
ST003577,Himachal Pradesh,31.27789,77.13169,2,Standard
ST003578,Himachal Pradesh,31.083819,77.336609,4,Standard
ST003579,Himachal Pradesh,31.01305,77.16279,2,Standard
ST003580,Himachal Pradesh,31.059033,77.280201,2,Standard
ST003581,Himachal Pradesh,31.094442,77.091869,2,Standard
ST003582,Himachal Pradesh,31.008558,77.071915,8,Hub
ST003583,Himachal Pradesh,31.102286,77.163315,4,Standard
ST003584,Himachal Pradesh,31.163108,77.102689,2,Standard
ST003585,Himachal Pradesh,31.101032,77.221606,8,Hub
ST003586,Himachal Pradesh,30.928443,77.192294,2,Standard
ST003587,Himachal Pradesh,30.996566,77.277174,2,Standard
ST003588,Himachal Pradesh,31.182931,77.227813,2,Standard
ST003589,Himachal Pradesh,31.258677,77.165355,2,Standard
ST003590,Himachal Pradesh,31.129418,77.27062,2,Standard
ST003591,Himachal Pradesh,31.113213,77.254879,6,Hub
ST003592,Himachal Pradesh,31.133783,77.021902,4,Standard
ST003593,Himachal Pradesh,31.130099,77.356101,2,Standard
ST003594,Himachal Pradesh,31.041309,77.131655,2,Standard
ST003595,Himachal Pradesh,30.983795,77.171928,2,Standard
ST003596,Himachal Pradesh,31.014326,77.137651,2,Standard
ST003597,Himachal Pradesh,31.069535,77.172307,2,Standard
ST003598,Himachal Pradesh,31.146411,77.073357,2,Standard
ST003599,Himachal Pradesh,31.208934,77.28581,2,Standard
ST003600,Himachal Pradesh,31.277448,77.095373,4,Standard
ST003601,Himachal Pradesh,31.086369,77.193272,2,Standard
ST003602,Himachal Pradesh,31.082428,77.170802,2,Standard
ST003603,Himachal Pradesh,31.138403,77.158604,2,Standard
ST003604,Himachal Pradesh,31.103387,77.254715,2,Standard
ST003605,Himachal Pradesh,30.986803,77.279872,2,Standard
ST003606,Himachal Pradesh,31.071925,77.182657,2,Standard
ST003607,Himachal Pradesh,31.093811,77.274628,2,Standard
ST003608,Jammu and Kashmir,33.851678,76.674005,4,Standard
ST003609,Jammu and Kashmir,33.647284,76.518816,2,Standard
ST003610,Jammu and Kashmir,33.946852,76.506596,2,Standard
ST003611,Jammu and Kashmir,33.824361,76.559933,2,Standard
ST003612,Jammu and Kashmir,33.819149,76.620675,4,Standard
ST003613,Jammu and Kashmir,33.931878,76.457127,2,Standard
ST003614,Jammu and Kashmir,33.792154,76.559187,2,Standard
ST003615,Jammu and Kashmir,33.858294,76.548737,2,Standard
ST003616,Jammu and Kashmir,33.866527,76.581373,2,Standard
ST003617,Jammu and Kashmir,33.88245,76.607248,2,Standard
ST003618,Jammu and Kashmir,33.728193,76.656605,8,Hub
ST003619,Jammu and Kashmir,33.646548,76.462796,4,Standard
ST003620,Jammu and Kashmir,33.732564,76.502354,2,Standard
ST003621,Jammu and Kashmir,33.854726,76.412045,2,Standard
ST003622,Jammu and Kashmir,33.855862,76.64891,2,Standard
ST003623,Jammu and Kashmir,33.776175,76.585392,4,Standard
ST003624,Jammu and Kashmir,33.693694,76.425755,2,Standard
ST003625,Jammu and Kashmir,33.862746,76.714954,2,Standard
ST003626,Jammu and Kashmir,33.888819,76.430583,2,Standard
ST003627,Jammu and Kashmir,33.760864,76.756157,2,Standard
ST003628,Jammu and Kashmir,33.730749,76.675957,2,Standard
ST003629,Jammu and Kashmir,33.786538,76.578939,2,Standard
ST003630,Jammu and Kashmir,33.761747,76.48884,2,Standard
ST003631,Jammu and Kashmir,33.776695,76.614253,4,Standard
ST003632,Jammu and Kashmir,33.778161,76.57613,2,Standard
ST003633,Jammu and Kashmir,33.783652,76.561317,6,Hub
ST003634,Jammu and Kashmir,33.805963,76.648286,2,Standard
ST003635,Jammu and Kashmir,33.707522,76.582944,2,Standard
ST003636,Jammu and Kashmir,33.695337,76.750266,2,Standard
ST003637,Jammu and Kashmir,33.775249,76.572559,6,Hub
ST003638,Jammu and Kashmir,33.619771,76.650537,2,Standard
ST003639,Jammu and Kashmir,33.772192,76.594131,2,Standard
ST003640,Jammu and Kashmir,33.784582,76.455165,2,Standard
ST003641,Jammu and Kashmir,33.768513,76.571619,2,Standard
ST003642,Jammu and Kashmir,33.857264,76.672385,4,Standard
ST003643,Jammu and Kashmir,33.804604,76.673495,2,Standard
ST003644,Jammu and Kashmir,33.723738,76.560421,4,Standard
ST003645,Jammu and Kashmir,33.937923,76.52255,4,Standard
ST003646,Jammu and Kashmir,33.775506,76.560836,2,Standard
ST003647,Jammu and Kashmir,33.855644,76.637157,4,Standard
ST003648,Jammu and Kashmir,33.882295,76.741864,2,Standard
ST003649,Jammu and Kashmir,33.831203,76.658027,2,Standard
ST003650,Jammu and Kashmir,33.694164,76.672588,2,Standard
ST003651,Jammu and Kashmir,33.837493,76.63858,2,Standard
ST003652,Jammu and Kashmir,33.75075,76.751616,2,Standard
ST003653,Jammu and Kashmir,33.955036,76.622298,2,Standard
ST003654,Jammu and Kashmir,33.807847,76.524596,4,Standard
ST003655,Jharkhand,23.611726,85.273847,2,Standard
ST003656,Jharkhand,23.713245,85.258132,2,Standard
ST003657,Jharkhand,23.586374,85.348391,2,Standard
ST003658,Jharkhand,23.791095,85.360084,2,Standard
ST003659,Jharkhand,23.73721,85.311909,2,Standard
ST003660,Jharkhand,23.432569,85.34672,2,Standard
ST003661,Jharkhand,23.612874,85.386284,2,Standard
ST003662,Jharkhand,23.47049,85.295452,2,Standard
ST003663,Jharkhand,23.645473,85.295963,4,Standard
ST003664,Jharkhand,23.642798,85.423886,2,Standard
ST003665,Jharkhand,23.653,85.386314,2,Standard
ST003666,Jharkhand,23.647534,85.448132,2,Standard
ST003667,Jharkhand,23.707132,85.243054,2,Standard
ST003668,Jharkhand,23.582138,85.317368,2,Standard
ST003669,Jharkhand,23.661295,85.296424,2,Standard
ST003670,Jharkhand,23.549789,85.19192,2,Standard
ST003671,Jharkhand,23.684607,85.252604,2,Standard
ST003672,Jharkhand,23.576393,85.18806,2,Standard
ST003673,Jharkhand,23.556812,85.275673,2,Standard
ST003674,Jharkhand,23.51979,85.306197,2,Standard
ST003675,Jharkhand,23.559581,85.09871,2,Standard
ST003676,Jharkhand,23.606166,85.287313,2,Standard
ST003677,Jharkhand,23.501337,85.282435,2,Standard
ST003678,Jharkhand,23.684774,85.412456,6,Hub
ST003679,Jharkhand,23.798508,85.262015,2,Standard
ST003680,Jharkhand,23.667319,85.445393,4,Standard
ST003681,Jharkhand,23.584599,85.192816,4,Standard
ST003682,Jharkhand,23.445782,85.237011,4,Standard
ST003683,Jharkhand,23.536139,85.289192,2,Standard
ST003684,Jharkhand,23.494478,85.284813,4,Standard
ST003685,Jharkhand,23.677499,85.447041,4,Standard
ST003686,Jharkhand,23.552125,85.167346,2,Standard
ST003687,Jharkhand,23.708182,85.350615,2,Standard
ST003688,Jharkhand,23.621608,85.290744,6,Hub
ST003689,Jharkhand,23.530826,85.266144,2,Standard
ST003690,Jharkhand,23.595062,85.270451,2,Standard
ST003691,Jharkhand,23.578478,85.294588,4,Standard
ST003692,Jharkhand,23.722062,85.270813,2,Standard
ST003693,Jharkhand,23.58527,85.21978,2,Standard
ST003694,Jharkhand,23.771805,85.389339,2,Standard
ST003695,Jharkhand,23.591056,85.362471,2,Standard
ST003696,Jharkhand,23.607293,85.275906,4,Standard
ST003697,Jharkhand,23.649868,85.180185,2,Standard
ST003698,Jharkhand,23.608027,85.292028,4,Standard
ST003699,Jharkhand,23.703732,85.432527,2,Standard
ST003700,Jharkhand,23.590646,85.233904,2,Standard
ST003701,Jharkhand,23.736755,85.335233,2,Standard
ST003702,Jharkhand,23.537525,85.244349,2,Standard
ST003703,Jharkhand,23.581808,85.312676,4,Standard
ST003704,Jharkhand,23.51626,85.110008,2,Standard
ST003705,Jharkhand,23.663938,85.38655,4,Standard
ST003706,Jharkhand,23.530808,85.320866,2,Standard
ST003707,Jharkhand,23.6059,85.444871,2,Standard
ST003708,Jharkhand,23.501985,85.289954,2,Standard
ST003709,Jharkhand,23.597934,85.31413,2,Standard
ST003710,Jharkhand,23.732717,85.353305,2,Standard
ST003711,Jharkhand,23.655942,85.410114,2,Standard
ST003712,Jharkhand,23.546003,85.332753,2,Standard
ST003713,Jharkhand,23.538033,85.294053,2,Standard
ST003714,Jharkhand,23.660157,85.316494,2,Standard
ST003715,Jharkhand,23.541508,85.165829,2,Standard
ST003716,Jharkhand,23.589436,85.369547,6,Hub
ST003717,Jharkhand,23.624838,85.319346,2,Standard
ST003718,Jharkhand,23.787672,85.305781,2,Standard
ST003719,Jharkhand,23.621321,85.324027,2,Standard
ST003720,Jharkhand,23.605488,85.304942,2,Standard
ST003721,Jharkhand,23.600567,85.268365,2,Standard
ST003722,Jharkhand,23.695961,85.376199,4,Standard
ST003723,Jharkhand,23.534588,85.39961,4,Standard
ST003724,Jharkhand,23.562293,85.261823,2,Standard
ST003725,Jharkhand,23.596629,85.261016,2,Standard
ST003726,Jharkhand,23.525048,85.260072,2,Standard
ST003727,Jharkhand,23.596662,85.39994,4,Standard
ST003728,Jharkhand,23.748175,85.135417,2,Standard
ST003729,Jharkhand,23.547115,85.229188,2,Standard
ST003730,Jharkhand,23.618178,85.330697,4,Standard
ST003731,Jharkhand,23.537356,85.289356,2,Standard
ST003732,Jharkhand,23.67332,85.241933,2,Standard
ST003733,Jharkhand,23.556493,85.334667,4,Standard
ST003734,Jharkhand,23.677593,85.168548,4,Standard
ST003735,Jharkhand,23.559841,85.235968,2,Standard
ST003736,Jharkhand,23.613375,85.272915,2,Standard
ST003737,Jharkhand,23.680774,85.205497,2,Standard
ST003738,Jharkhand,23.530404,85.339226,4,Standard
ST003739,Jharkhand,23.608934,85.277683,8,Hub
ST003740,Jharkhand,23.671995,85.215368,4,Standard
ST003741,Jharkhand,23.594952,85.302965,2,Standard
ST003742,Jharkhand,23.518029,85.316752,2,Standard
ST003743,Jharkhand,23.498591,85.357145,2,Standard
ST003744,Jharkhand,23.441182,85.371583,2,Standard
ST003745,Jharkhand,23.479118,85.185569,2,Standard
ST003746,Jharkhand,23.671628,85.3303,2,Standard
ST003747,Jharkhand,23.551088,85.377256,2,Standard
ST003748,Jharkhand,23.620271,85.267898,6,Hub
ST003749,Jharkhand,23.762887,85.354789,2,Standard
ST003750,Jharkhand,23.641137,85.410023,2,Standard
ST003751,Jharkhand,23.44963,85.235563,2,Standard
ST003752,Jharkhand,23.628544,85.298264,2,Standard
ST003753,Jharkhand,23.432858,85.213755,2,Standard
ST003754,Jharkhand,23.553918,85.313186,2,Standard
ST003755,Jharkhand,23.464379,85.16429,2,Standard
ST003756,Jharkhand,23.713617,85.109769,2,Standard
ST003757,Jharkhand,23.632545,85.28309,2,Standard
ST003758,Jharkhand,23.483398,85.175712,2,Standard
ST003759,Jharkhand,23.599692,85.326574,2,Standard
ST003760,Jharkhand,23.612796,85.268927,2,Standard
ST003761,Jharkhand,23.541237,85.353912,2,Standard
ST003762,Jharkhand,23.474828,85.225959,2,Standard
ST003763,Jharkhand,23.53519,85.376796,2,Standard
ST003764,Jharkhand,23.516061,85.223926,2,Standard
ST003765,Jharkhand,23.577246,85.239818,2,Standard
ST003766,Jharkhand,23.630759,85.291998,4,Standard
ST003767,Jharkhand,23.626109,85.378667,2,Standard
ST003768,Jharkhand,23.685684,85.161685,2,Standard
ST003769,Jharkhand,23.627247,85.211806,2,Standard
ST003770,Jharkhand,23.545175,85.324298,2,Standard
ST003771,Jharkhand,23.614573,85.291336,2,Standard
ST003772,Jharkhand,23.443768,85.17293,2,Standard
ST003773,Jharkhand,23.61486,85.287991,4,Standard
ST003774,Jharkhand,23.61952,85.23025,2,Standard
ST003775,Jharkhand,23.677749,85.156376,2,Standard
ST003776,Jharkhand,23.687267,85.252522,2,Standard
ST003777,Jharkhand,23.561359,85.200791,2,Standard
ST003778,Jharkhand,23.548889,85.214124,2,Standard
ST003779,Jharkhand,23.648404,85.374021,2,Standard
ST003780,Jharkhand,23.450687,85.250939,4,Standard
ST003781,Jharkhand,23.598139,85.147691,6,Hub
ST003782,Jharkhand,23.719269,85.37411,2,Standard
ST003783,Jharkhand,23.43138,85.279557,4,Standard
ST003784,Jharkhand,23.619863,85.274578,2,Standard
ST003785,Jharkhand,23.613438,85.273091,2,Standard
ST003786,Jharkhand,23.537372,85.360272,2,Standard
ST003787,Jharkhand,23.699369,85.399601,2,Standard
ST003788,Jharkhand,23.643873,85.281669,8,Hub
ST003789,Jharkhand,23.485342,85.210442,2,Standard
ST003790,Karnataka,15.439485,75.643332,2,Standard
ST003791,Karnataka,15.28008,75.644367,2,Standard
ST003792,Karnataka,15.341331,75.714094,2,Standard
ST003793,Karnataka,15.185444,75.684814,2,Standard
ST003794,Karnataka,15.190385,75.786345,4,Standard
ST003795,Karnataka,15.302605,75.711869,2,Standard
ST003796,Karnataka,15.377161,75.870873,4,Standard
ST003797,Karnataka,15.289209,75.537166,4,Standard
ST003798,Karnataka,15.463732,75.847239,2,Standard
ST003799,Karnataka,15.317894,75.71618,2,Standard
ST003800,Karnataka,15.373507,75.71299,2,Standard
ST003801,Karnataka,15.299893,75.683149,4,Standard
ST003802,Karnataka,15.158983,75.626568,2,Standard
ST003803,Karnataka,15.260086,75.835128,2,Standard
ST003804,Karnataka,15.364827,75.829468,2,Standard
ST003805,Karnataka,15.295467,75.750062,2,Standard
ST003806,Karnataka,15.303471,75.746887,2,Standard
ST003807,Karnataka,15.382124,75.667985,2,Standard
ST003808,Karnataka,15.31996,75.803542,2,Standard
ST003809,Karnataka,15.253455,75.8484,2,Standard
ST003810,Karnataka,15.403478,75.698144,2,Standard
ST003811,Karnataka,15.390004,75.627169,2,Standard
ST003812,Karnataka,15.393325,75.829219,2,Standard
ST003813,Karnataka,15.187642,75.702929,2,Standard
ST003814,Karnataka,15.385062,75.657618,2,Standard
ST003815,Karnataka,15.43941,75.626555,2,Standard
ST003816,Karnataka,15.196965,75.72253,2,Standard
ST003817,Karnataka,15.227352,75.888851,2,Standard
ST003818,Karnataka,15.312948,75.706287,2,Standard
ST003819,Karnataka,15.259575,75.824393,4,Standard
ST003820,Karnataka,15.321781,75.715556,2,Standard
ST003821,Karnataka,15.254015,75.734452,2,Standard
ST003822,Karnataka,15.26866,75.733762,6,Hub
ST003823,Karnataka,15.387671,75.83241,2,Standard
ST003824,Karnataka,15.277437,75.71024,2,Standard
ST003825,Karnataka,15.267181,75.821126,2,Standard
ST003826,Karnataka,15.343805,75.726829,6,Hub
ST003827,Karnataka,15.46286,75.786057,2,Standard
ST003828,Karnataka,15.319581,75.563255,2,Standard
ST003829,Karnataka,15.289185,75.583008,2,Standard
ST003830,Karnataka,15.190184,75.732405,4,Standard
ST003831,Karnataka,15.438,75.743569,2,Standard
ST003832,Karnataka,15.334739,75.61536,2,Standard
ST003833,Karnataka,15.282605,75.7572,2,Standard
ST003834,Karnataka,15.230872,75.605599,2,Standard
ST003835,Karnataka,15.364471,75.664276,2,Standard
ST003836,Karnataka,15.331212,75.602494,4,Standard
ST003837,Karnataka,15.395527,75.64302,2,Standard
ST003838,Karnataka,15.202433,75.701124,2,Standard
ST003839,Karnataka,15.31647,75.520964,2,Standard
ST003840,Karnataka,15.326866,75.718666,2,Standard
ST003841,Karnataka,15.415221,75.673376,2,Standard
ST003842,Karnataka,15.244887,75.650138,8,Hub
ST003843,Karnataka,15.445078,75.799171,2,Standard
ST003844,Karnataka,15.316213,75.651569,2,Standard
ST003845,Karnataka,15.259312,75.871115,2,Standard
ST003846,Karnataka,15.475621,75.791285,2,Standard
ST003847,Karnataka,15.312337,75.832393,2,Standard
ST003848,Karnataka,15.442104,75.660816,2,Standard
ST003849,Karnataka,15.19885,75.784525,2,Standard
ST003850,Karnataka,15.286426,75.759962,2,Standard
ST003851,Karnataka,15.467425,75.710771,2,Standard
ST003852,Karnataka,15.273649,75.65783,2,Standard
ST003853,Karnataka,15.323217,75.715788,4,Standard
ST003854,Karnataka,15.17364,75.663012,2,Standard
ST003855,Karnataka,15.153759,75.674769,4,Standard
ST003856,Karnataka,15.389039,75.729192,2,Standard
ST003857,Karnataka,15.324559,75.80306,2,Standard
ST003858,Karnataka,15.488732,75.797719,6,Hub
ST003859,Karnataka,15.348151,75.895763,2,Standard
ST003860,Karnataka,15.141179,75.802397,2,Standard
ST003861,Karnataka,15.141769,75.651876,2,Standard
ST003862,Karnataka,15.466863,75.718929,2,Standard
ST003863,Karnataka,15.340218,75.697911,2,Standard
ST003864,Karnataka,15.387192,75.762125,2,Standard
ST003865,Karnataka,15.416495,75.669994,2,Standard
ST003866,Karnataka,15.289494,75.709055,2,Standard
ST003867,Karnataka,15.479326,75.714704,2,Standard
ST003868,Karnataka,15.425358,75.780188,2,Standard
ST003869,Karnataka,15.353168,75.692571,2,Standard
ST003870,Karnataka,15.309311,75.700338,4,Standard
ST003871,Karnataka,15.291237,75.694008,2,Standard
ST003872,Karnataka,15.31199,75.653888,2,Standard
ST003873,Karnataka,15.200572,75.741234,4,Standard
ST003874,Karnataka,15.387715,75.844448,2,Standard
ST003875,Karnataka,15.274279,75.839194,2,Standard
ST003876,Karnataka,15.392292,75.829297,6,Hub
ST003877,Karnataka,15.376238,75.775247,4,Standard
ST003878,Karnataka,15.319927,75.863552,2,Standard
ST003879,Karnataka,15.303978,75.88974,2,Standard
ST003880,Karnataka,15.347857,75.689205,2,Standard
ST003881,Karnataka,15.304057,75.702394,6,Hub
ST003882,Karnataka,15.206502,75.803772,8,Hub
ST003883,Karnataka,15.249972,75.608653,2,Standard
ST003884,Karnataka,15.301949,75.78793,2,Standard
ST003885,Karnataka,15.432056,75.800565,4,Standard
ST003886,Karnataka,15.175589,75.710437,2,Standard
ST003887,Karnataka,15.317731,75.778786,2,Standard
ST003888,Karnataka,15.314701,75.718344,2,Standard
ST003889,Karnataka,15.230322,75.848981,2,Standard
ST003890,Karnataka,15.400103,75.651565,4,Standard
ST003891,Karnataka,15.311374,75.715601,4,Standard
ST003892,Karnataka,15.319188,75.712109,2,Standard
ST003893,Karnataka,15.409307,75.680612,2,Standard
ST003894,Karnataka,15.216366,75.868753,2,Standard
ST003895,Karnataka,15.432222,75.731651,4,Standard
ST003896,Karnataka,15.275493,75.700625,2,Standard
ST003897,Karnataka,15.199654,75.770268,2,Standard
ST003898,Karnataka,15.317279,75.713758,2,Standard
ST003899,Karnataka,15.347649,75.701184,2,Standard
ST003900,Karnataka,15.322727,75.766315,2,Standard
ST003901,Karnataka,15.341219,75.719693,8,Hub
ST003902,Karnataka,15.380112,75.7085,2,Standard
ST003903,Karnataka,15.333324,75.728081,2,Standard
ST003904,Karnataka,15.284704,75.546123,2,Standard
ST003905,Karnataka,15.317117,75.718078,2,Standard
ST003906,Karnataka,15.319202,75.725042,2,Standard
ST003907,Karnataka,15.386022,75.766104,2,Standard
ST003908,Karnataka,15.330286,75.816269,4,Standard
ST003909,Karnataka,15.313171,75.901962,2,Standard
ST003910,Karnataka,15.411435,75.650739,2,Standard
ST003911,Karnataka,15.270797,75.774302,2,Standard
ST003912,Karnataka,15.193538,75.790436,4,Standard
ST003913,Karnataka,15.153804,75.765168,2,Standard
ST003914,Karnataka,15.380387,75.690781,4,Standard
ST003915,Karnataka,15.299654,75.706824,2,Standard
ST003916,Karnataka,15.342622,75.792621,2,Standard
ST003917,Karnataka,15.364937,75.882616,2,Standard
ST003918,Karnataka,15.366957,75.790315,8,Hub
ST003919,Karnataka,15.208338,75.628611,2,Standard
ST003920,Karnataka,15.18832,75.830422,2,Standard
ST003921,Karnataka,15.237373,75.677315,2,Standard
ST003922,Karnataka,15.402066,75.752007,2,Standard
ST003923,Karnataka,15.370145,75.602932,2,Standard
ST003924,Karnataka,15.36607,75.627974,2,Standard
ST003925,Karnataka,15.319307,75.715748,2,Standard
ST003926,Karnataka,15.271485,75.845766,2,Standard
ST003927,Karnataka,15.332104,75.656632,2,Standard
ST003928,Karnataka,15.233108,75.7162,2,Standard
ST003929,Karnataka,15.278152,75.738564,2,Standard
ST003930,Karnataka,15.343059,75.743631,2,Standard
ST003931,Karnataka,15.354555,75.727401,2,Standard
ST003932,Karnataka,15.442542,75.721148,2,Standard
ST003933,Karnataka,15.238463,75.891847,2,Standard
ST003934,Karnataka,15.341253,75.778786,2,Standard
ST003935,Karnataka,15.31624,75.715217,2,Standard
ST003936,Karnataka,15.320702,75.70848,2,Standard
ST003937,Karnataka,15.48326,75.648409,2,Standard
ST003938,Karnataka,15.211278,75.689836,2,Standard
ST003939,Karnataka,15.273299,75.650212,2,Standard
ST003940,Karnataka,15.311912,75.706749,2,Standard
ST003941,Karnataka,15.403524,75.744361,2,Standard
ST003942,Karnataka,15.148297,75.659431,2,Standard
ST003943,Karnataka,15.447519,75.814464,4,Standard
ST003944,Karnataka,15.336878,75.790246,2,Standard
ST003945,Karnataka,15.284778,75.787025,6,Hub
ST003946,Karnataka,15.376244,75.795563,2,Standard
ST003947,Karnataka,15.345454,75.630201,4,Standard
ST003948,Karnataka,15.147842,75.723906,2,Standard
ST003949,Karnataka,15.29056,75.619524,4,Standard
ST003950,Karnataka,15.308746,75.890678,2,Standard
ST003951,Karnataka,15.278149,75.693322,2,Standard
ST003952,Karnataka,15.29805,75.873369,2,Standard
ST003953,Karnataka,15.508134,75.768233,8,Hub
ST003954,Karnataka,15.426033,75.830202,8,Hub
ST003955,Karnataka,15.2396,75.774346,2,Standard
ST003956,Karnataka,15.37773,75.657615,2,Standard
ST003957,Karnataka,15.307712,75.711599,2,Standard
ST003958,Karnataka,15.366255,75.714622,2,Standard
ST003959,Karnataka,15.307054,75.691918,2,Standard
ST003960,Karnataka,15.379374,75.767773,8,Hub
ST003961,Karnataka,15.232033,75.599833,2,Standard
ST003962,Karnataka,15.324217,75.728236,2,Standard
ST003963,Karnataka,15.36582,75.694829,2,Standard
ST003964,Karnataka,15.421725,75.576349,2,Standard
ST003965,Karnataka,15.322063,75.680471,2,Standard
ST003966,Karnataka,15.384378,75.575443,2,Standard
ST003967,Karnataka,15.261935,75.675391,2,Standard
ST003968,Karnataka,15.315386,75.738203,2,Standard
ST003969,Karnataka,15.200468,75.706729,2,Standard
ST003970,Karnataka,15.257004,75.787405,2,Standard
ST003971,Karnataka,15.23342,75.810852,4,Standard
ST003972,Karnataka,15.343974,75.69484,2,Standard
ST003973,Karnataka,15.296592,75.733004,4,Standard
ST003974,Karnataka,15.214186,75.610859,2,Standard
ST003975,Karnataka,15.368048,75.690761,2,Standard
ST003976,Karnataka,15.329338,75.710006,2,Standard
ST003977,Karnataka,15.308185,75.70701,2,Standard
ST003978,Karnataka,15.400524,75.648312,4,Standard
ST003979,Karnataka,15.236581,75.568487,2,Standard
ST003980,Karnataka,15.321825,75.720153,2,Standard
ST003981,Karnataka,15.362911,75.670461,2,Standard
ST003982,Karnataka,15.381874,75.781786,2,Standard
ST003983,Karnataka,15.31225,75.710313,2,Standard
ST003984,Karnataka,15.316278,75.72038,2,Standard
ST003985,Karnataka,15.160242,75.799813,2,Standard
ST003986,Karnataka,15.443953,75.70004,2,Standard
ST003987,Karnataka,15.412797,75.867858,2,Standard
ST003988,Karnataka,15.28671,75.710766,2,Standard
ST003989,Karnataka,15.450839,75.642362,2,Standard
ST003990,Karnataka,15.301032,75.573,2,Standard
ST003991,Karnataka,15.330255,75.754064,2,Standard
ST003992,Karnataka,15.300686,75.673217,2,Standard
ST003993,Karnataka,15.172368,75.772686,2,Standard
ST003994,Karnataka,15.336493,75.625303,6,Hub
ST003995,Karnataka,15.361243,75.552034,2,Standard
ST003996,Karnataka,15.291568,75.676151,2,Standard
ST003997,Karnataka,15.307836,75.776153,4,Standard
ST003998,Karnataka,15.357868,75.750491,2,Standard
ST003999,Karnataka,15.340213,75.802036,2,Standard
ST004000,Karnataka,15.334832,75.702531,2,Standard
ST004001,Karnataka,15.291771,75.578835,2,Standard
ST004002,Karnataka,15.469415,75.818335,2,Standard
ST004003,Karnataka,15.251184,75.68356,2,Standard
ST004004,Karnataka,15.319414,75.66247,2,Standard
ST004005,Karnataka,15.31454,75.706453,2,Standard
ST004006,Karnataka,15.365047,75.638041,2,Standard
ST004007,Karnataka,15.288393,75.6804,2,Standard
ST004008,Karnataka,15.248981,75.575384,2,Standard
ST004009,Karnataka,15.1955,75.734595,2,Standard
ST004010,Karnataka,15.145172,75.762356,4,Standard
ST004011,Karnataka,15.148953,75.716154,2,Standard
ST004012,Karnataka,15.343333,75.636036,2,Standard
ST004013,Karnataka,15.327436,75.794481,4,Standard
ST004014,Karnataka,15.338278,75.673495,4,Standard
ST004015,Karnataka,15.157977,75.689244,2,Standard
ST004016,Karnataka,15.239551,75.816137,2,Standard
ST004017,Karnataka,15.3179,75.735748,2,Standard
ST004018,Karnataka,15.322749,75.694871,4,Standard
ST004019,Karnataka,15.294393,75.883381,2,Standard
ST004020,Karnataka,15.206432,75.873841,2,Standard
ST004021,Karnataka,15.370521,75.707086,2,Standard
ST004022,Karnataka,15.453664,75.749807,2,Standard
ST004023,Karnataka,15.298097,75.720008,2,Standard
ST004024,Karnataka,15.315656,75.707886,2,Standard
ST004025,Karnataka,15.336308,75.693709,2,Standard
ST004026,Karnataka,15.34178,75.739102,2,Standard
ST004027,Karnataka,15.451636,75.679648,2,Standard
ST004028,Karnataka,15.342526,75.63848,2,Standard
ST004029,Karnataka,15.293095,75.754068,2,Standard
ST004030,Karnataka,15.207749,75.727287,6,Hub
ST004031,Karnataka,15.282518,75.676024,2,Standard
ST004032,Karnataka,15.3495,75.703136,2,Standard
ST004033,Karnataka,15.320202,75.713264,8,Hub
ST004034,Karnataka,15.251095,75.721788,2,Standard
ST004035,Karnataka,15.208949,75.749766,6,Hub
ST004036,Karnataka,15.241033,75.746569,2,Standard
ST004037,Karnataka,15.302439,75.577532,2,Standard
ST004038,Karnataka,15.342279,75.670596,2,Standard
ST004039,Karnataka,15.226899,75.639564,4,Standard
ST004040,Karnataka,15.250871,75.784874,4,Standard
ST004041,Karnataka,15.306233,75.740021,2,Standard
ST004042,Karnataka,15.322058,75.734459,2,Standard
ST004043,Karnataka,15.263352,75.593268,2,Standard
ST004044,Karnataka,15.456264,75.669333,2,Standard
ST004045,Karnataka,15.484777,75.770707,2,Standard
ST004046,Karnataka,15.374957,75.646543,2,Standard
ST004047,Karnataka,15.149811,75.613617,2,Standard
ST004048,Karnataka,15.139953,75.6774,2,Standard
ST004049,Karnataka,15.350426,75.732944,2,Standard
ST004050,Karnataka,15.208358,75.756436,2,Standard
ST004051,Karnataka,15.397194,75.533115,2,Standard
ST004052,Karnataka,15.310037,75.719997,4,Standard
ST004053,Karnataka,15.355498,75.599218,2,Standard
ST004054,Karnataka,15.348743,75.807738,2,Standard
ST004055,Karnataka,15.309858,75.559997,2,Standard
ST004056,Karnataka,15.256257,75.714046,4,Standard
ST004057,Karnataka,15.448171,75.692111,2,Standard
ST004058,Karnataka,15.270275,75.744479,2,Standard
ST004059,Karnataka,15.311562,75.665804,6,Hub
ST004060,Karnataka,15.367349,75.807303,2,Standard
ST004061,Karnataka,15.286029,75.835732,2,Standard
ST004062,Karnataka,15.41394,75.802323,2,Standard
ST004063,Karnataka,15.31729,75.713948,4,Standard
ST004064,Karnataka,15.447717,75.847529,2,Standard
ST004065,Karnataka,15.348713,75.679314,2,Standard
ST004066,Karnataka,15.338883,75.594115,2,Standard
ST004067,Karnataka,15.390776,75.700316,2,Standard
ST004068,Karnataka,15.311995,75.702353,6,Hub
ST004069,Karnataka,15.164066,75.830849,2,Standard
ST004070,Karnataka,15.261442,75.699939,2,Standard
ST004071,Karnataka,15.419706,75.810394,6,Hub
ST004072,Karnataka,15.271409,75.654848,2,Standard
ST004073,Karnataka,15.321531,75.712553,2,Standard
ST004074,Karnataka,15.256292,75.887718,2,Standard
ST004075,Karnataka,15.295551,75.759422,2,Standard
ST004076,Karnataka,15.156333,75.678747,2,Standard
ST004077,Karnataka,15.467662,75.827754,2,Standard
ST004078,Karnataka,15.327429,75.679094,2,Standard
ST004079,Karnataka,15.299095,75.639091,2,Standard
ST004080,Karnataka,15.189247,75.804144,2,Standard
ST004081,Karnataka,15.341942,75.708031,2,Standard
ST004082,Karnataka,15.232827,75.759905,2,Standard
ST004083,Karnataka,15.265516,75.764838,2,Standard
ST004084,Karnataka,15.44708,75.758123,2,Standard
ST004085,Karnataka,15.281428,75.729099,6,Hub
ST004086,Karnataka,15.382002,75.567006,6,Hub
ST004087,Karnataka,15.257828,75.718998,2,Standard
ST004088,Karnataka,15.280035,75.669938,8,Hub
ST004089,Karnataka,15.330128,75.859439,8,Hub
ST004090,Karnataka,15.335649,75.718651,2,Standard
ST004091,Karnataka,15.347861,75.715204,2,Standard
ST004092,Karnataka,15.49804,75.797553,6,Hub
ST004093,Karnataka,15.310092,75.74287,2,Standard
ST004094,Karnataka,15.327886,75.900826,2,Standard
ST004095,Karnataka,15.244921,75.704682,2,Standard
ST004096,Karnataka,15.372593,75.657478,2,Standard
ST004097,Karnataka,15.296195,75.749582,2,Standard
ST004098,Karnataka,15.271734,75.757892,2,Standard
ST004099,Karnataka,15.291756,75.661921,2,Standard
ST004100,Karnataka,15.305642,75.707755,2,Standard
ST004101,Karnataka,15.346681,75.7899,4,Standard
ST004102,Karnataka,15.386907,75.684785,2,Standard
ST004103,Karnataka,15.291075,75.670139,2,Standard
ST004104,Karnataka,15.325472,75.722283,2,Standard
ST004105,Karnataka,15.306542,75.74354,2,Standard
ST004106,Karnataka,15.387217,75.849036,8,Hub
ST004107,Karnataka,15.42831,75.724984,2,Standard
ST004108,Karnataka,15.243683,75.783501,2,Standard
ST004109,Karnataka,15.259447,75.689796,2,Standard
ST004110,Karnataka,15.276281,75.854728,2,Standard
ST004111,Karnataka,15.343891,75.686035,2,Standard
ST004112,Karnataka,15.464129,75.817257,2,Standard
ST004113,Karnataka,15.252547,75.803148,2,Standard
ST004114,Karnataka,15.301318,75.733332,2,Standard
ST004115,Karnataka,15.228386,75.657996,4,Standard
ST004116,Karnataka,15.343606,75.800361,2,Standard
ST004117,Karnataka,15.35163,75.600915,2,Standard
ST004118,Karnataka,15.407203,75.776594,4,Standard
ST004119,Karnataka,15.27091,75.562298,4,Standard
ST004120,Karnataka,15.296277,75.69176,2,Standard
ST004121,Karnataka,15.283753,75.582651,6,Hub
ST004122,Karnataka,15.398682,75.726489,2,Standard
ST004123,Karnataka,15.250638,75.830006,2,Standard
ST004124,Karnataka,15.342255,75.829409,2,Standard
ST004125,Karnataka,15.453716,75.631134,2,Standard
ST004126,Karnataka,15.489651,75.621195,2,Standard
ST004127,Karnataka,15.441568,75.722244,2,Standard
ST004128,Karnataka,15.170479,75.803442,2,Standard
ST004129,Karnataka,15.315063,75.910093,4,Standard
ST004130,Karnataka,15.197404,75.609915,2,Standard
ST004131,Karnataka,15.348811,75.732696,2,Standard
ST004132,Karnataka,15.317532,75.709509,2,Standard
ST004133,Karnataka,15.318438,75.711353,2,Standard
ST004134,Karnataka,15.277065,75.652967,4,Standard
ST004135,Karnataka,15.210878,75.624163,2,Standard
ST004136,Karnataka,15.305448,75.731949,2,Standard
ST004137,Karnataka,15.423988,75.763814,2,Standard
ST004138,Karnataka,15.170108,75.694689,2,Standard
ST004139,Karnataka,15.232969,75.708735,2,Standard
ST004140,Karnataka,15.313058,75.71706,2,Standard
ST004141,Karnataka,15.217345,75.881571,2,Standard
ST004142,Karnataka,15.363456,75.666898,4,Standard
ST004143,Karnataka,15.172977,75.62509,2,Standard
ST004144,Karnataka,15.31395,75.715195,6,Hub
ST004145,Karnataka,15.408395,75.759963,2,Standard
ST004146,Karnataka,15.453394,75.687442,2,Standard
ST004147,Karnataka,15.351474,75.730222,2,Standard
ST004148,Karnataka,15.339779,75.54712,2,Standard
ST004149,Karnataka,15.222079,75.627043,4,Standard
ST004150,Karnataka,15.480386,75.743248,4,Standard
ST004151,Karnataka,15.329639,75.663584,2,Standard
ST004152,Karnataka,15.306268,75.672369,2,Standard
ST004153,Karnataka,15.356243,75.723985,6,Hub
ST004154,Karnataka,15.346587,75.774771,2,Standard
ST004155,Karnataka,15.228654,75.763764,4,Standard
ST004156,Karnataka,15.263741,75.721779,4,Standard
ST004157,Karnataka,15.436293,75.735957,2,Standard
ST004158,Karnataka,15.26993,75.75029,2,Standard
ST004159,Karnataka,15.417425,75.603085,2,Standard
ST004160,Karnataka,15.379326,75.636743,2,Standard
ST004161,Karnataka,15.412024,75.815961,2,Standard
ST004162,Karnataka,15.341348,75.798806,2,Standard
ST004163,Karnataka,15.468786,75.779455,2,Standard
ST004164,Karnataka,15.44426,75.84237,4,Standard
ST004165,Karnataka,15.378409,75.643906,2,Standard
ST004166,Karnataka,15.312917,75.590089,2,Standard
ST004167,Karnataka,15.345569,75.632297,2,Standard
ST004168,Karnataka,15.337935,75.62374,2,Standard
ST004169,Karnataka,15.407959,75.67864,2,Standard
ST004170,Karnataka,15.164597,75.75044,2,Standard
ST004171,Karnataka,15.36551,75.61403,2,Standard
ST004172,Karnataka,15.35724,75.798497,2,Standard
ST004173,Karnataka,15.464877,75.683891,4,Standard
ST004174,Karnataka,15.319761,75.707814,2,Standard
ST004175,Karnataka,15.190604,75.739839,2,Standard
ST004176,Karnataka,15.322049,75.705265,6,Hub
ST004177,Karnataka,15.383121,75.626165,4,Standard
ST004178,Karnataka,15.337923,75.773906,2,Standard
ST004179,Karnataka,15.296142,75.817942,2,Standard
ST004180,Karnataka,15.34735,75.724017,2,Standard
ST004181,Karnataka,15.327479,75.68941,2,Standard
ST004182,Karnataka,15.326742,75.804081,4,Standard
ST004183,Karnataka,15.165461,75.697503,2,Standard
ST004184,Karnataka,15.167898,75.765228,2,Standard
ST004185,Karnataka,15.300651,75.698588,2,Standard
ST004186,Karnataka,15.365823,75.786601,2,Standard
ST004187,Karnataka,15.198723,75.803643,2,Standard
ST004188,Karnataka,15.249449,75.676188,2,Standard
ST004189,Karnataka,15.338966,75.75376,2,Standard
ST004190,Karnataka,15.241964,75.675215,6,Hub
ST004191,Karnataka,15.283315,75.710703,2,Standard
ST004192,Karnataka,15.228581,75.568291,2,Standard
ST004193,Karnataka,15.312398,75.812081,4,Standard
ST004194,Karnataka,15.383162,75.703692,2,Standard
ST004195,Karnataka,15.302383,75.703756,2,Standard
ST004196,Karnataka,15.303206,75.702823,2,Standard
ST004197,Karnataka,15.455763,75.677639,2,Standard
ST004198,Karnataka,15.350741,75.577107,2,Standard
ST004199,Karnataka,15.241243,75.665814,4,Standard
ST004200,Karnataka,15.437769,75.56521,2,Standard
ST004201,Karnataka,15.130996,75.715028,2,Standard
ST004202,Karnataka,15.224049,75.660062,2,Standard
ST004203,Karnataka,15.277143,75.725708,2,Standard
ST004204,Karnataka,15.365588,75.715029,2,Standard
ST004205,Karnataka,15.24145,75.70926,2,Standard
ST004206,Karnataka,15.131355,75.77628,2,Standard
ST004207,Karnataka,15.264018,75.786974,2,Standard
ST004208,Karnataka,15.32371,75.721035,2,Standard
ST004209,Karnataka,15.335445,75.601215,2,Standard
ST004210,Karnataka,15.319314,75.683995,2,Standard
ST004211,Karnataka,15.271651,75.691775,2,Standard
ST004212,Karnataka,15.317617,75.716183,4,Standard
ST004213,Karnataka,15.359545,75.75908,2,Standard
ST004214,Karnataka,15.463651,75.846029,2,Standard
ST004215,Karnataka,15.307913,75.738216,2,Standard
ST004216,Karnataka,15.354266,75.825477,2,Standard
ST004217,Karnataka,15.476009,75.78145,2,Standard
ST004218,Karnataka,15.365213,75.702078,4,Standard
ST004219,Karnataka,15.313089,75.715265,2,Standard
ST004220,Karnataka,15.264816,75.649878,2,Standard
ST004221,Karnataka,15.3121,75.754939,6,Hub
ST004222,Karnataka,15.270089,75.645339,2,Standard
ST004223,Karnataka,15.376249,75.838479,2,Standard
ST004224,Karnataka,15.159721,75.645624,2,Standard
ST004225,Karnataka,15.433537,75.819635,2,Standard
ST004226,Karnataka,15.306667,75.693503,2,Standard
ST004227,Karnataka,15.287293,75.630845,2,Standard
ST004228,Karnataka,15.343947,75.704304,2,Standard
ST004229,Karnataka,15.269659,75.654178,2,Standard
ST004230,Karnataka,15.38088,75.696212,4,Standard
ST004231,Karnataka,15.492532,75.671465,2,Standard
ST004232,Karnataka,15.296774,75.873292,2,Standard
ST004233,Karnataka,15.367813,75.712504,2,Standard
ST004234,Karnataka,15.221365,75.754149,2,Standard
ST004235,Karnataka,15.31645,75.716832,2,Standard
ST004236,Karnataka,15.327821,75.769297,2,Standard
ST004237,Karnataka,15.285206,75.725775,2,Standard
ST004238,Karnataka,15.41589,75.613123,2,Standard
ST004239,Karnataka,15.429129,75.780226,4,Standard
ST004240,Karnataka,15.208473,75.556639,2,Standard
ST004241,Karnataka,15.366878,75.714841,6,Hub
ST004242,Karnataka,15.484866,75.63219,4,Standard
ST004243,Karnataka,15.289157,75.563355,2,Standard
ST004244,Karnataka,15.403559,75.769776,2,Standard
ST004245,Karnataka,15.321485,75.749901,2,Standard
ST004246,Karnataka,15.32729,75.688808,2,Standard
ST004247,Karnataka,15.133214,75.750635,2,Standard
ST004248,Karnataka,15.394042,75.893815,2,Standard
ST004249,Karnataka,15.428352,75.709913,2,Standard
ST004250,Karnataka,15.347707,75.769328,2,Standard
ST004251,Karnataka,15.262268,75.742162,6,Hub
ST004252,Karnataka,15.280102,75.904755,2,Standard
ST004253,Karnataka,15.40098,75.834351,2,Standard
ST004254,Karnataka,15.436536,75.714207,2,Standard
ST004255,Karnataka,15.36704,75.68488,4,Standard
ST004256,Karnataka,15.368667,75.833687,2,Standard
ST004257,Karnataka,15.285262,75.580076,4,Standard
ST004258,Karnataka,15.29602,75.759632,4,Standard
ST004259,Karnataka,15.494922,75.663406,4,Standard
ST004260,Karnataka,15.154111,75.758746,2,Standard
ST004261,Karnataka,15.236202,75.738947,2,Standard
ST004262,Karnataka,15.364451,75.784961,2,Standard
ST004263,Karnataka,15.312923,75.712852,2,Standard
ST004264,Karnataka,15.170565,75.767654,2,Standard
ST004265,Karnataka,15.263246,75.598943,2,Standard
ST004266,Karnataka,15.32034,75.711959,2,Standard
ST004267,Karnataka,15.169838,75.658657,2,Standard
ST004268,Karnataka,15.254693,75.697264,2,Standard
ST004269,Karnataka,15.433641,75.847972,2,Standard
ST004270,Karnataka,15.144632,75.745982,2,Standard
ST004271,Karnataka,15.201608,75.644641,2,Standard
ST004272,Karnataka,15.36138,75.589657,2,Standard
ST004273,Karnataka,15.234937,75.775292,2,Standard
ST004274,Karnataka,15.341749,75.643282,8,Hub
ST004275,Karnataka,15.302699,75.726272,4,Standard
ST004276,Karnataka,15.332948,75.704591,2,Standard
ST004277,Karnataka,15.267977,75.647595,2,Standard
ST004278,Karnataka,15.204595,75.789855,2,Standard
ST004279,Karnataka,15.425645,75.762487,2,Standard
ST004280,Karnataka,15.340157,75.549842,2,Standard
ST004281,Karnataka,15.403242,75.87147,2,Standard
ST004282,Karnataka,15.219218,75.567317,2,Standard
ST004283,Karnataka,15.209357,75.723912,2,Standard
ST004284,Karnataka,15.474493,75.626242,4,Standard
ST004285,Karnataka,15.265303,75.731462,2,Standard
ST004286,Karnataka,15.256572,75.762134,4,Standard
ST004287,Karnataka,15.304968,75.766181,2,Standard
ST004288,Karnataka,15.326278,75.703194,2,Standard
ST004289,Karnataka,15.302116,75.68285,2,Standard
ST004290,Karnataka,15.310413,75.724102,2,Standard
ST004291,Karnataka,15.298064,75.866376,4,Standard
ST004292,Karnataka,15.350537,75.684603,4,Standard
ST004293,Karnataka,15.225692,75.735256,2,Standard
ST004294,Karnataka,15.424206,75.605063,2,Standard
ST004295,Karnataka,15.183603,75.70289,2,Standard
ST004296,Karnataka,15.318396,75.712338,2,Standard
ST004297,Karnataka,15.168593,75.81787,2,Standard
ST004298,Karnataka,15.310696,75.605533,2,Standard
ST004299,Karnataka,15.248949,75.70102,4,Standard
ST004300,Karnataka,15.187311,75.697047,2,Standard
ST004301,Karnataka,15.192851,75.783993,2,Standard
ST004302,Karnataka,15.337204,75.690216,4,Standard
ST004303,Karnataka,15.239449,75.738361,2,Standard
ST004304,Karnataka,15.298166,75.667735,2,Standard
ST004305,Karnataka,15.205647,75.5785,2,Standard
ST004306,Karnataka,15.158676,75.803545,2,Standard
ST004307,Karnataka,15.338499,75.712989,4,Standard
ST004308,Karnataka,15.337501,75.902899,4,Standard
ST004309,Karnataka,15.336175,75.708842,2,Standard
ST004310,Karnataka,15.349377,75.716932,2,Standard
ST004311,Karnataka,15.353289,75.712998,2,Standard
ST004312,Karnataka,15.147638,75.711184,2,Standard
ST004313,Karnataka,15.437206,75.729355,4,Standard
ST004314,Karnataka,15.288155,75.883886,6,Hub
ST004315,Karnataka,15.288635,75.848227,2,Standard
ST004316,Karnataka,15.296996,75.674529,4,Standard
ST004317,Karnataka,15.397201,75.731654,2,Standard
ST004318,Karnataka,15.277858,75.870814,2,Standard
ST004319,Karnataka,15.345744,75.627034,2,Standard
ST004320,Karnataka,15.222516,75.638925,4,Standard
ST004321,Karnataka,15.356913,75.638694,2,Standard
ST004322,Karnataka,15.308861,75.766231,4,Standard
ST004323,Karnataka,15.229783,75.693648,2,Standard
ST004324,Karnataka,15.300347,75.720597,2,Standard
ST004325,Karnataka,15.308922,75.671982,2,Standard
ST004326,Karnataka,15.344308,75.791909,4,Standard
ST004327,Karnataka,15.333551,75.829535,2,Standard
ST004328,Karnataka,15.255241,75.778781,4,Standard
ST004329,Karnataka,15.277698,75.704479,2,Standard
ST004330,Karnataka,15.415585,75.860002,2,Standard
ST004331,Karnataka,15.241925,75.747238,4,Standard
ST004332,Karnataka,15.414412,75.736,2,Standard
ST004333,Karnataka,15.211943,75.676589,4,Standard
ST004334,Karnataka,15.307833,75.679689,2,Standard
ST004335,Karnataka,15.315035,75.87603,2,Standard
ST004336,Karnataka,15.343003,75.705041,2,Standard
ST004337,Karnataka,15.274469,75.714533,4,Standard
ST004338,Karnataka,15.377818,75.737893,2,Standard
ST004339,Karnataka,15.405247,75.82537,2,Standard
ST004340,Karnataka,15.289177,75.70785,2,Standard
ST004341,Karnataka,15.478659,75.72328,2,Standard
ST004342,Karnataka,15.371531,75.822339,2,Standard
ST004343,Karnataka,15.25648,75.813963,2,Standard
ST004344,Karnataka,15.310329,75.729829,4,Standard
ST004345,Karnataka,15.323662,75.75097,2,Standard
ST004346,Karnataka,15.19888,75.771435,2,Standard
ST004347,Karnataka,15.317091,75.716305,4,Standard
ST004348,Karnataka,15.197005,75.699518,2,Standard
ST004349,Karnataka,15.432,75.686645,2,Standard
ST004350,Karnataka,15.204496,75.734558,4,Standard
ST004351,Karnataka,15.466264,75.641388,4,Standard
ST004352,Karnataka,15.296296,75.756449,2,Standard
ST004353,Karnataka,15.3093,75.814467,2,Standard
ST004354,Karnataka,15.313538,75.613326,2,Standard
ST004355,Karnataka,15.449084,75.773698,4,Standard
ST004356,Karnataka,15.337244,75.659544,2,Standard
ST004357,Karnataka,15.273467,75.640703,4,Standard
ST004358,Karnataka,15.446953,75.605428,2,Standard
ST004359,Karnataka,15.180761,75.691894,2,Standard
ST004360,Karnataka,15.390985,75.647568,2,Standard
ST004361,Karnataka,15.258961,75.852886,2,Standard
ST004362,Karnataka,15.331829,75.790236,2,Standard
ST004363,Karnataka,15.413609,75.605659,4,Standard
ST004364,Karnataka,15.281959,75.738306,4,Standard
ST004365,Karnataka,15.282202,75.758585,2,Standard
ST004366,Karnataka,15.383885,75.846822,4,Standard
ST004367,Karnataka,15.316119,75.804726,2,Standard
ST004368,Karnataka,15.169267,75.842994,2,Standard
ST004369,Karnataka,15.304905,75.724012,4,Standard
ST004370,Karnataka,15.417127,75.777099,2,Standard
ST004371,Karnataka,15.249347,75.664943,4,Standard
ST004372,Karnataka,15.307488,75.718379,4,Standard
ST004373,Karnataka,15.216897,75.703424,2,Standard
ST004374,Karnataka,15.329555,75.730667,2,Standard
ST004375,Karnataka,15.331715,75.728059,2,Standard
ST004376,Karnataka,15.286976,75.688907,6,Hub
ST004377,Karnataka,15.316988,75.748613,2,Standard
ST004378,Karnataka,15.48226,75.669145,2,Standard
ST004379,Karnataka,15.325309,75.778922,2,Standard
ST004380,Karnataka,15.341829,75.809168,2,Standard
ST004381,Karnataka,15.450556,75.730403,4,Standard
ST004382,Karnataka,15.139471,75.687841,2,Standard
ST004383,Karnataka,15.399693,75.852013,8,Hub
ST004384,Karnataka,15.323929,75.689343,2,Standard
ST004385,Karnataka,15.289951,75.734151,2,Standard
ST004386,Karnataka,15.315739,75.766526,2,Standard
ST004387,Karnataka,15.240101,75.685427,6,Hub
ST004388,Karnataka,15.341223,75.705748,2,Standard
ST004389,Karnataka,15.362799,75.70631,2,Standard
ST004390,Karnataka,15.32701,75.646805,2,Standard
ST004391,Karnataka,15.424088,75.848196,2,Standard
ST004392,Karnataka,15.26967,75.836762,2,Standard
ST004393,Karnataka,15.231052,75.675645,2,Standard
ST004394,Karnataka,15.170903,75.717746,2,Standard
ST004395,Karnataka,15.431124,75.78392,2,Standard
ST004396,Karnataka,15.326468,75.706863,4,Standard
ST004397,Karnataka,15.408206,75.824709,2,Standard
ST004398,Karnataka,15.242776,75.744889,2,Standard
ST004399,Karnataka,15.383382,75.790749,2,Standard
ST004400,Karnataka,15.384047,75.781956,2,Standard
ST004401,Karnataka,15.321713,75.662436,2,Standard
ST004402,Karnataka,15.120341,75.737794,2,Standard
ST004403,Karnataka,15.252076,75.558783,2,Standard
ST004404,Karnataka,15.185189,75.792201,2,Standard
ST004405,Karnataka,15.34109,75.720089,2,Standard
ST004406,Karnataka,15.340662,75.790821,8,Hub
ST004407,Karnataka,15.356494,75.656805,6,Hub
ST004408,Karnataka,15.237282,75.596758,4,Standard
ST004409,Karnataka,15.256073,75.677074,2,Standard
ST004410,Karnataka,15.256714,75.682039,2,Standard
ST004411,Karnataka,15.488921,75.813764,4,Standard
ST004412,Karnataka,15.32739,75.724271,2,Standard
ST004413,Karnataka,15.360922,75.672172,2,Standard
ST004414,Karnataka,15.278722,75.660594,2,Standard
ST004415,Karnataka,15.276604,75.746945,2,Standard
ST004416,Karnataka,15.271969,75.782399,4,Standard
ST004417,Karnataka,15.298392,75.613355,4,Standard
ST004418,Karnataka,15.325155,75.710992,4,Standard
ST004419,Karnataka,15.200477,75.711648,4,Standard
ST004420,Karnataka,15.325921,75.709174,2,Standard
ST004421,Karnataka,15.164458,75.63783,2,Standard
ST004422,Karnataka,15.326185,75.888933,2,Standard
ST004423,Karnataka,15.462744,75.731386,2,Standard
ST004424,Karnataka,15.437302,75.660273,2,Standard
ST004425,Karnataka,15.308974,75.717255,2,Standard
ST004426,Karnataka,15.399757,75.668646,6,Hub
ST004427,Karnataka,15.452981,75.738897,2,Standard
ST004428,Karnataka,15.292593,75.716732,2,Standard
ST004429,Karnataka,15.320171,75.726475,2,Standard
ST004430,Karnataka,15.206204,75.657913,2,Standard
ST004431,Karnataka,15.153986,75.708005,2,Standard
ST004432,Karnataka,15.396383,75.61953,4,Standard
ST004433,Karnataka,15.4559,75.725033,2,Standard
ST004434,Karnataka,15.218872,75.769634,2,Standard
ST004435,Karnataka,15.275801,75.657469,2,Standard
ST004436,Karnataka,15.340541,75.700566,2,Standard
ST004437,Karnataka,15.316887,75.713132,2,Standard
ST004438,Karnataka,15.337326,75.703641,4,Standard
ST004439,Karnataka,15.372412,75.751296,4,Standard
ST004440,Karnataka,15.287268,75.744478,2,Standard
ST004441,Karnataka,15.241088,75.668749,2,Standard
ST004442,Karnataka,15.379762,75.727523,2,Standard
ST004443,Karnataka,15.368428,75.585785,2,Standard
ST004444,Karnataka,15.295346,75.576013,2,Standard
ST004445,Karnataka,15.309849,75.732388,2,Standard
ST004446,Karnataka,15.293894,75.878602,4,Standard
ST004447,Karnataka,15.415327,75.701811,2,Standard
ST004448,Karnataka,15.345257,75.715606,2,Standard
ST004449,Karnataka,15.266666,75.817951,2,Standard
ST004450,Karnataka,15.485357,75.799654,2,Standard
ST004451,Karnataka,15.196527,75.850744,2,Standard
ST004452,Karnataka,15.346097,75.565582,4,Standard
ST004453,Karnataka,15.219085,75.636002,2,Standard
ST004454,Karnataka,15.235938,75.618026,2,Standard
ST004455,Karnataka,15.131152,75.648558,2,Standard
ST004456,Karnataka,15.300045,75.559472,2,Standard
ST004457,Karnataka,15.347306,75.682922,2,Standard
ST004458,Karnataka,15.400797,75.762437,2,Standard
ST004459,Karnataka,15.152112,75.699247,2,Standard
ST004460,Karnataka,15.210178,75.753394,2,Standard
ST004461,Karnataka,15.30977,75.712607,8,Hub
ST004462,Karnataka,15.193223,75.604213,2,Standard
ST004463,Karnataka,15.38256,75.81325,2,Standard
ST004464,Karnataka,15.289981,75.695681,2,Standard
ST004465,Karnataka,15.457232,75.851156,2,Standard
ST004466,Karnataka,15.281586,75.742066,2,Standard
ST004467,Karnataka,15.380648,75.831436,2,Standard
ST004468,Karnataka,15.217842,75.632203,2,Standard
ST004469,Karnataka,15.469375,75.807758,4,Standard
ST004470,Karnataka,15.269194,75.754072,2,Standard
ST004471,Karnataka,15.241458,75.732178,4,Standard
ST004472,Karnataka,15.438955,75.573397,4,Standard
ST004473,Karnataka,15.260353,75.877033,2,Standard
ST004474,Karnataka,15.353932,75.531378,2,Standard
ST004475,Karnataka,15.320381,75.829251,2,Standard
ST004476,Karnataka,15.291983,75.876763,2,Standard
ST004477,Karnataka,15.430201,75.717678,2,Standard
ST004478,Karnataka,15.282993,75.768563,2,Standard
ST004479,Karnataka,15.212845,75.579401,4,Standard
ST004480,Karnataka,15.185276,75.605799,2,Standard
ST004481,Karnataka,15.307784,75.817364,2,Standard
ST004482,Karnataka,15.315083,75.714612,2,Standard
ST004483,Karnataka,15.193335,75.667669,2,Standard
ST004484,Karnataka,15.193926,75.633507,4,Standard
ST004485,Karnataka,15.305269,75.708114,2,Standard
ST004486,Karnataka,15.406064,75.793601,2,Standard
ST004487,Karnataka,15.31481,75.729633,4,Standard
ST004488,Karnataka,15.217105,75.761354,4,Standard
ST004489,Karnataka,15.248883,75.840707,4,Standard
ST004490,Karnataka,15.276098,75.661621,4,Standard
ST004491,Karnataka,15.321271,75.584222,2,Standard
ST004492,Karnataka,15.245387,75.629759,2,Standard
ST004493,Karnataka,15.456245,75.72386,2,Standard
ST004494,Karnataka,15.183125,75.84633,2,Standard
ST004495,Karnataka,15.365995,75.606922,2,Standard
ST004496,Karnataka,15.316741,75.75464,4,Standard
ST004497,Karnataka,15.266034,75.794252,2,Standard
ST004498,Karnataka,15.287906,75.812602,4,Standard
ST004499,Karnataka,15.416447,75.882443,2,Standard
ST004500,Karnataka,15.462452,75.830826,2,Standard
ST004501,Karnataka,15.407258,75.659608,2,Standard
ST004502,Karnataka,15.303609,75.627772,2,Standard
ST004503,Karnataka,15.270683,75.664236,2,Standard
ST004504,Karnataka,15.280763,75.823623,2,Standard
ST004505,Karnataka,15.201401,75.715262,2,Standard
ST004506,Karnataka,15.300544,75.785353,6,Hub
ST004507,Karnataka,15.326336,75.71916,2,Standard
ST004508,Karnataka,15.316977,75.728746,2,Standard
ST004509,Karnataka,15.446531,75.812558,2,Standard
ST004510,Karnataka,15.445177,75.74577,2,Standard
ST004511,Karnataka,15.292677,75.886461,4,Standard
ST004512,Karnataka,15.256456,75.719654,2,Standard
ST004513,Karnataka,15.241377,75.705451,4,Standard
ST004514,Karnataka,15.296238,75.704895,2,Standard
ST004515,Karnataka,15.402396,75.712291,2,Standard
ST004516,Karnataka,15.235092,75.829735,4,Standard
ST004517,Karnataka,15.207956,75.839669,8,Hub
ST004518,Karnataka,15.179288,75.754683,6,Hub
ST004519,Karnataka,15.449399,75.819667,2,Standard
ST004520,Karnataka,15.313505,75.671727,2,Standard
ST004521,Karnataka,15.355982,75.763954,2,Standard
ST004522,Karnataka,15.368087,75.706206,4,Standard
ST004523,Karnataka,15.311523,75.715534,4,Standard
ST004524,Karnataka,15.226042,75.782663,2,Standard
ST004525,Karnataka,15.416197,75.6839,2,Standard
ST004526,Karnataka,15.363335,75.614629,2,Standard
ST004527,Karnataka,15.378244,75.729869,2,Standard
ST004528,Karnataka,15.148202,75.627004,2,Standard
ST004529,Karnataka,15.346219,75.678551,2,Standard
ST004530,Karnataka,15.324812,75.753427,4,Standard
ST004531,Karnataka,15.468011,75.634101,2,Standard
ST004532,Karnataka,15.329531,75.636311,2,Standard
ST004533,Karnataka,15.224469,75.711344,2,Standard
ST004534,Karnataka,15.315144,75.814883,2,Standard
ST004535,Karnataka,15.34318,75.718921,2,Standard
ST004536,Karnataka,15.431056,75.615612,4,Standard
ST004537,Karnataka,15.22578,75.762086,2,Standard
ST004538,Karnataka,15.215881,75.821902,2,Standard
ST004539,Karnataka,15.34984,75.564751,4,Standard
ST004540,Karnataka,15.310296,75.673603,2,Standard
ST004541,Karnataka,15.267965,75.793876,2,Standard
ST004542,Karnataka,15.243903,75.845848,2,Standard
ST004543,Karnataka,15.30408,75.738181,2,Standard
ST004544,Karnataka,15.159444,75.83005,2,Standard
ST004545,Karnataka,15.335783,75.834929,2,Standard
ST004546,Karnataka,15.304336,75.719707,4,Standard
ST004547,Karnataka,15.177274,75.724587,2,Standard
ST004548,Karnataka,15.14348,75.699429,2,Standard
ST004549,Karnataka,15.313122,75.730636,2,Standard
ST004550,Karnataka,15.38701,75.684544,2,Standard
ST004551,Karnataka,15.176805,75.640744,2,Standard
ST004552,Karnataka,15.252825,75.841801,4,Standard
ST004553,Karnataka,15.355712,75.757702,2,Standard
ST004554,Karnataka,15.416975,75.841919,2,Standard
ST004555,Karnataka,15.341836,75.855267,4,Standard
ST004556,Karnataka,15.416226,75.677085,2,Standard
ST004557,Karnataka,15.227994,75.690953,2,Standard
ST004558,Karnataka,15.273638,75.798419,2,Standard
ST004559,Karnataka,15.159833,75.595194,2,Standard
ST004560,Karnataka,15.476715,75.648179,2,Standard
ST004561,Karnataka,15.38907,75.653863,2,Standard
ST004562,Karnataka,15.218965,75.564314,2,Standard
ST004563,Karnataka,15.166842,75.833741,2,Standard
ST004564,Karnataka,15.213524,75.774583,2,Standard
ST004565,Karnataka,15.269794,75.529813,2,Standard
ST004566,Karnataka,15.322347,75.863041,2,Standard
ST004567,Karnataka,15.264047,75.706895,2,Standard
ST004568,Karnataka,15.335678,75.604995,2,Standard
ST004569,Karnataka,15.28303,75.659162,2,Standard
ST004570,Karnataka,15.194683,75.728394,2,Standard
ST004571,Karnataka,15.284498,75.736219,2,Standard
ST004572,Karnataka,15.416637,75.689483,2,Standard
ST004573,Karnataka,15.309008,75.63211,2,Standard
ST004574,Karnataka,15.267336,75.778203,4,Standard
ST004575,Karnataka,15.225702,75.77268,2,Standard
ST004576,Karnataka,15.221555,75.687079,6,Hub
ST004577,Karnataka,15.383012,75.788234,4,Standard
ST004578,Karnataka,15.329578,75.735938,8,Hub
ST004579,Karnataka,15.427616,75.664212,4,Standard
ST004580,Karnataka,15.274024,75.646189,2,Standard
ST004581,Karnataka,15.424585,75.644848,2,Standard
ST004582,Karnataka,15.326157,75.640722,2,Standard
ST004583,Karnataka,15.47624,75.673104,2,Standard
ST004584,Karnataka,15.338228,75.686549,2,Standard
ST004585,Karnataka,15.309797,75.770531,2,Standard
ST004586,Karnataka,15.294888,75.883507,2,Standard
ST004587,Karnataka,15.332216,75.716929,2,Standard
ST004588,Karnataka,15.311316,75.753424,2,Standard
ST004589,Karnataka,15.33545,75.872453,2,Standard
ST004590,Karnataka,15.316235,75.713454,2,Standard
ST004591,Karnataka,15.243635,75.748948,4,Standard
ST004592,Karnataka,15.419327,75.802654,4,Standard
ST004593,Karnataka,15.274557,75.576203,4,Standard
ST004594,Karnataka,15.317299,75.71389,2,Standard
ST004595,Karnataka,15.473364,75.667409,4,Standard
ST004596,Karnataka,15.319876,75.712125,2,Standard
ST004597,Karnataka,15.465472,75.648515,4,Standard
ST004598,Karnataka,15.32702,75.697975,2,Standard
ST004599,Karnataka,15.303775,75.522394,2,Standard
ST004600,Karnataka,15.267773,75.611096,2,Standard
ST004601,Karnataka,15.400768,75.684222,2,Standard
ST004602,Karnataka,15.239979,75.658246,2,Standard
ST004603,Karnataka,15.331182,75.707668,2,Standard
ST004604,Karnataka,15.179913,75.712933,2,Standard
ST004605,Karnataka,15.347649,75.601315,2,Standard
ST004606,Karnataka,15.47568,75.611872,2,Standard
ST004607,Karnataka,15.391292,75.745544,2,Standard
ST004608,Karnataka,15.382469,75.723576,2,Standard
ST004609,Karnataka,15.140007,75.672079,2,Standard
ST004610,Karnataka,15.331838,75.69295,2,Standard
ST004611,Karnataka,15.415587,75.778932,2,Standard
ST004612,Karnataka,15.265106,75.703222,2,Standard
ST004613,Karnataka,15.466976,75.604367,2,Standard
ST004614,Karnataka,15.171548,75.816184,2,Standard
ST004615,Karnataka,15.207407,75.812081,6,Hub
ST004616,Karnataka,15.293063,75.717592,4,Standard
ST004617,Karnataka,15.398967,75.674168,2,Standard
ST004618,Karnataka,15.310154,75.640814,2,Standard
ST004619,Karnataka,15.337265,75.71628,2,Standard
ST004620,Karnataka,15.179346,75.717178,2,Standard
ST004621,Karnataka,15.246693,75.833745,2,Standard
ST004622,Karnataka,15.272648,75.580381,4,Standard
ST004623,Karnataka,15.134525,75.722494,2,Standard
ST004624,Karnataka,15.227454,75.720008,2,Standard
ST004625,Karnataka,15.336542,75.772345,2,Standard
ST004626,Karnataka,15.439551,75.747207,2,Standard
ST004627,Karnataka,15.31786,75.774728,2,Standard
ST004628,Karnataka,15.325835,75.649015,2,Standard
ST004629,Karnataka,15.318957,75.747671,2,Standard
ST004630,Karnataka,15.321335,75.688275,2,Standard
ST004631,Karnataka,15.220164,75.742947,2,Standard
ST004632,Karnataka,15.26875,75.596918,4,Standard
ST004633,Karnataka,15.320632,75.705593,4,Standard
ST004634,Karnataka,15.301183,75.767559,4,Standard
ST004635,Karnataka,15.352455,75.759825,2,Standard
ST004636,Karnataka,15.279019,75.811004,2,Standard
ST004637,Karnataka,15.277968,75.648612,6,Hub
ST004638,Karnataka,15.304482,75.6479,2,Standard
ST004639,Karnataka,15.290196,75.818689,2,Standard
ST004640,Karnataka,15.333081,75.716269,2,Standard
ST004641,Karnataka,15.153216,75.806851,2,Standard
ST004642,Karnataka,15.314162,75.696556,2,Standard
ST004643,Karnataka,15.400623,75.593452,2,Standard
ST004644,Karnataka,15.191515,75.608575,2,Standard
ST004645,Karnataka,15.2808,75.739005,2,Standard
ST004646,Karnataka,15.207845,75.705615,2,Standard
ST004647,Karnataka,15.207546,75.686947,2,Standard
ST004648,Karnataka,15.488458,75.656744,2,Standard
ST004649,Karnataka,15.431147,75.601074,2,Standard
ST004650,Karnataka,15.335768,75.707045,2,Standard
ST004651,Karnataka,15.307906,75.812465,2,Standard
ST004652,Karnataka,15.374892,75.630889,2,Standard
ST004653,Karnataka,15.316957,75.68611,2,Standard
ST004654,Karnataka,15.31508,75.860238,2,Standard
ST004655,Karnataka,15.353172,75.774325,2,Standard
ST004656,Karnataka,15.310774,75.783567,2,Standard
ST004657,Karnataka,15.298255,75.642838,2,Standard
ST004658,Karnataka,15.298506,75.707099,4,Standard
ST004659,Karnataka,15.342367,75.644299,2,Standard
ST004660,Karnataka,15.230948,75.59732,2,Standard
ST004661,Karnataka,15.361667,75.885182,2,Standard
ST004662,Karnataka,15.25342,75.656703,4,Standard
ST004663,Karnataka,15.395032,75.885583,2,Standard
ST004664,Karnataka,15.318625,75.672316,2,Standard
ST004665,Karnataka,15.232506,75.85186,4,Standard
ST004666,Karnataka,15.266034,75.569578,2,Standard
ST004667,Karnataka,15.183673,75.765644,2,Standard
ST004668,Karnataka,15.285345,75.741543,2,Standard
ST004669,Karnataka,15.186087,75.569376,2,Standard
ST004670,Karnataka,15.283038,75.799491,2,Standard
ST004671,Karnataka,15.267528,75.617713,2,Standard
ST004672,Karnataka,15.401684,75.587056,4,Standard
ST004673,Karnataka,15.503738,75.785418,2,Standard
ST004674,Karnataka,15.319908,75.541139,2,Standard
ST004675,Karnataka,15.217683,75.574597,2,Standard
ST004676,Karnataka,15.370218,75.759029,6,Hub
ST004677,Karnataka,15.346072,75.685637,2,Standard
ST004678,Karnataka,15.456257,75.788306,6,Hub
ST004679,Karnataka,15.333945,75.68595,2,Standard
ST004680,Karnataka,15.401038,75.605024,4,Standard
ST004681,Karnataka,15.15257,75.693003,2,Standard
ST004682,Karnataka,15.283389,75.732752,4,Standard
ST004683,Karnataka,15.295352,75.81252,2,Standard
ST004684,Karnataka,15.159296,75.682388,2,Standard
ST004685,Karnataka,15.347172,75.601529,2,Standard
ST004686,Karnataka,15.324673,75.676261,2,Standard
ST004687,Karnataka,15.483453,75.767961,2,Standard
ST004688,Karnataka,15.361182,75.736452,4,Standard
ST004689,Karnataka,15.289715,75.636796,2,Standard
ST004690,Karnataka,15.359787,75.672109,2,Standard
ST004691,Karnataka,15.377264,75.718381,2,Standard
ST004692,Karnataka,15.250979,75.678478,2,Standard
ST004693,Karnataka,15.146172,75.675792,4,Standard
ST004694,Karnataka,15.362653,75.686102,4,Standard
ST004695,Karnataka,15.210564,75.73978,8,Hub
ST004696,Karnataka,15.506901,75.651124,2,Standard
ST004697,Karnataka,15.330613,75.858685,2,Standard
ST004698,Karnataka,15.316132,75.715025,2,Standard
ST004699,Karnataka,15.409258,75.719252,2,Standard
ST004700,Karnataka,15.312798,75.714231,6,Hub
ST004701,Karnataka,15.294603,75.659657,2,Standard
ST004702,Karnataka,15.261328,75.691782,2,Standard
ST004703,Karnataka,15.35781,75.784544,2,Standard
ST004704,Karnataka,15.329189,75.820197,2,Standard
ST004705,Karnataka,15.349432,75.810371,2,Standard
ST004706,Karnataka,15.391062,75.826005,4,Standard
ST004707,Karnataka,15.317846,75.691828,2,Standard
ST004708,Karnataka,15.303415,75.716748,4,Standard
ST004709,Karnataka,15.274166,75.683308,2,Standard
ST004710,Karnataka,15.215363,75.696027,2,Standard
ST004711,Karnataka,15.414944,75.663648,2,Standard
ST004712,Karnataka,15.247647,75.673881,2,Standard
ST004713,Karnataka,15.464849,75.665013,2,Standard
ST004714,Karnataka,15.280049,75.878581,2,Standard
ST004715,Karnataka,15.166294,75.7822,2,Standard
ST004716,Karnataka,15.334001,75.680018,2,Standard
ST004717,Karnataka,15.299734,75.658489,2,Standard
ST004718,Karnataka,15.299875,75.77055,2,Standard
ST004719,Karnataka,15.310272,75.668475,6,Hub
ST004720,Karnataka,15.460345,75.714714,4,Standard
ST004721,Karnataka,15.32723,75.732286,2,Standard
ST004722,Karnataka,15.323254,75.789646,2,Standard
ST004723,Karnataka,15.308488,75.715244,2,Standard
ST004724,Karnataka,15.458072,75.687572,2,Standard
ST004725,Karnataka,15.289009,75.771017,2,Standard
ST004726,Karnataka,15.198541,75.753693,2,Standard
ST004727,Karnataka,15.340201,75.743955,2,Standard
ST004728,Karnataka,15.349828,75.674295,2,Standard
ST004729,Karnataka,15.190128,75.83303,4,Standard
ST004730,Karnataka,15.281829,75.655484,2,Standard
ST004731,Karnataka,15.315707,75.7103,2,Standard
ST004732,Karnataka,15.308525,75.616893,2,Standard
ST004733,Karnataka,15.39112,75.537821,2,Standard
ST004734,Karnataka,15.479739,75.632144,2,Standard
ST004735,Karnataka,15.245482,75.708398,4,Standard
ST004736,Karnataka,15.182637,75.743969,2,Standard
ST004737,Karnataka,15.34818,75.686329,2,Standard
ST004738,Karnataka,15.459269,75.63374,2,Standard
ST004739,Karnataka,15.491799,75.69058,2,Standard
ST004740,Karnataka,15.313337,75.734717,2,Standard
ST004741,Karnataka,15.361651,75.751655,2,Standard
ST004742,Karnataka,15.19609,75.608139,2,Standard
ST004743,Karnataka,15.417879,75.640099,2,Standard
ST004744,Karnataka,15.35454,75.715218,2,Standard
ST004745,Karnataka,15.376161,75.75651,2,Standard
ST004746,Karnataka,15.308621,75.713826,2,Standard
ST004747,Karnataka,15.296514,75.743092,2,Standard
ST004748,Karnataka,15.261348,75.639797,2,Standard
ST004749,Karnataka,15.231799,75.716416,4,Standard
ST004750,Karnataka,15.358618,75.702183,2,Standard
ST004751,Karnataka,15.170903,75.698515,2,Standard
ST004752,Karnataka,15.143222,75.648939,6,Hub
ST004753,Karnataka,15.250515,75.778239,2,Standard
ST004754,Karnataka,15.42074,75.778206,2,Standard
ST004755,Karnataka,15.309676,75.745042,2,Standard
ST004756,Karnataka,15.214978,75.684499,2,Standard
ST004757,Karnataka,15.441374,75.777977,2,Standard
ST004758,Karnataka,15.290363,75.687376,2,Standard
ST004759,Karnataka,15.175884,75.741397,2,Standard
ST004760,Karnataka,15.239551,75.699354,2,Standard
ST004761,Karnataka,15.263704,75.823585,2,Standard
ST004762,Karnataka,15.441936,75.663744,4,Standard
ST004763,Karnataka,15.399461,75.755598,4,Standard
ST004764,Karnataka,15.331919,75.701933,2,Standard
ST004765,Karnataka,15.50665,75.700644,2,Standard
ST004766,Karnataka,15.481857,75.802056,2,Standard
ST004767,Karnataka,15.207071,75.841927,2,Standard
ST004768,Karnataka,15.240471,75.757159,4,Standard
ST004769,Karnataka,15.214314,75.5982,2,Standard
ST004770,Karnataka,15.433268,75.738897,2,Standard
ST004771,Karnataka,15.344086,75.777695,2,Standard
ST004772,Karnataka,15.263132,75.790493,2,Standard
ST004773,Karnataka,15.30647,75.732441,2,Standard
ST004774,Karnataka,15.321378,75.7192,2,Standard
ST004775,Karnataka,15.129736,75.749376,2,Standard
ST004776,Karnataka,15.458728,75.839656,6,Hub
ST004777,Karnataka,15.303995,75.587096,2,Standard
ST004778,Karnataka,15.216187,75.583075,4,Standard
ST004779,Karnataka,15.396315,75.776731,4,Standard
ST004780,Karnataka,15.278999,75.602962,2,Standard
ST004781,Karnataka,15.324484,75.701357,2,Standard
ST004782,Karnataka,15.27842,75.614422,2,Standard
ST004783,Karnataka,15.267936,75.760748,2,Standard
ST004784,Karnataka,15.188038,75.591236,2,Standard
ST004785,Karnataka,15.152403,75.717863,2,Standard
ST004786,Karnataka,15.300571,75.725712,2,Standard
ST004787,Karnataka,15.32681,75.71777,2,Standard
ST004788,Karnataka,15.268089,75.760025,6,Hub
ST004789,Karnataka,15.287573,75.56834,2,Standard
ST004790,Karnataka,15.359286,75.727792,2,Standard
ST004791,Karnataka,15.300669,75.822152,4,Standard
ST004792,Karnataka,15.333783,75.735017,2,Standard
ST004793,Karnataka,15.468213,75.658267,2,Standard
ST004794,Karnataka,15.351619,75.787617,2,Standard
ST004795,Karnataka,15.21985,75.838523,4,Standard
ST004796,Karnataka,15.291783,75.71226,2,Standard
ST004797,Karnataka,15.311814,75.634712,2,Standard
ST004798,Karnataka,15.311208,75.788752,2,Standard
ST004799,Karnataka,15.248684,75.714867,4,Standard
ST004800,Karnataka,15.321352,75.793497,6,Hub
ST004801,Karnataka,15.47068,75.732467,2,Standard
ST004802,Karnataka,15.321484,75.72162,6,Hub
ST004803,Karnataka,15.229253,75.586594,2,Standard
ST004804,Karnataka,15.355832,75.62303,2,Standard
ST004805,Karnataka,15.358108,75.855586,6,Hub
ST004806,Karnataka,15.301995,75.667084,2,Standard
ST004807,Karnataka,15.334446,75.701995,2,Standard
ST004808,Karnataka,15.488333,75.695223,2,Standard
ST004809,Karnataka,15.245886,75.540262,4,Standard
ST004810,Karnataka,15.310706,75.676384,4,Standard
ST004811,Karnataka,15.303934,75.718984,4,Standard
ST004812,Karnataka,15.203221,75.808689,2,Standard
ST004813,Karnataka,15.267354,75.757134,4,Standard
ST004814,Karnataka,15.173243,75.615527,2,Standard
ST004815,Karnataka,15.390974,75.736607,2,Standard
ST004816,Karnataka,15.393111,75.830491,4,Standard
ST004817,Karnataka,15.421988,75.795871,2,Standard
ST004818,Karnataka,15.308334,75.75266,2,Standard
ST004819,Karnataka,15.320713,75.712458,2,Standard
ST004820,Karnataka,15.313301,75.715548,2,Standard
ST004821,Karnataka,15.217623,75.724212,2,Standard
ST004822,Karnataka,15.305796,75.737698,2,Standard
ST004823,Karnataka,15.221402,75.80814,2,Standard
ST004824,Karnataka,15.338758,75.609941,2,Standard
ST004825,Karnataka,15.2834,75.692436,2,Standard
ST004826,Karnataka,15.309775,75.745393,2,Standard
ST004827,Karnataka,15.317499,75.758877,2,Standard
ST004828,Karnataka,15.205601,75.700182,2,Standard
ST004829,Karnataka,15.354097,75.700638,4,Standard
ST004830,Karnataka,15.214444,75.586868,2,Standard
ST004831,Kerala,10.803109,76.252253,2,Standard
ST004832,Kerala,10.849882,76.278926,6,Hub
ST004833,Kerala,10.799664,76.411075,2,Standard
ST004834,Kerala,10.892419,76.284001,6,Hub
ST004835,Kerala,10.807995,76.120451,2,Standard
ST004836,Kerala,10.716351,76.309783,2,Standard
ST004837,Kerala,10.826121,76.291802,2,Standard
ST004838,Kerala,10.757458,76.340366,2,Standard
ST004839,Kerala,10.863524,76.266691,4,Standard
ST004840,Kerala,10.784787,76.268045,6,Hub
ST004841,Kerala,10.845711,76.27085,6,Hub
ST004842,Kerala,10.78725,76.422384,4,Standard
ST004843,Kerala,10.76551,76.241139,4,Standard
ST004844,Kerala,10.837305,76.32923,2,Standard
ST004845,Kerala,10.726473,76.383102,4,Standard
ST004846,Kerala,10.936376,76.253154,2,Standard
ST004847,Kerala,10.7178,76.37625,2,Standard
ST004848,Kerala,10.751537,76.320041,2,Standard
ST004849,Kerala,10.868264,76.418736,4,Standard
ST004850,Kerala,10.69195,76.238797,2,Standard
ST004851,Kerala,10.858752,76.228898,4,Standard
ST004852,Kerala,10.816219,76.114805,2,Standard
ST004853,Kerala,10.830898,76.299517,2,Standard
ST004854,Kerala,10.940668,76.272591,6,Hub
ST004855,Kerala,10.783902,76.359879,2,Standard
ST004856,Kerala,10.915756,76.430168,4,Standard
ST004857,Kerala,10.848294,76.316332,2,Standard
ST004858,Kerala,10.751461,76.28316,2,Standard
ST004859,Kerala,10.862332,76.324169,4,Standard
ST004860,Kerala,10.919957,76.39689,2,Standard
ST004861,Kerala,10.86214,76.17937,2,Standard
ST004862,Kerala,10.817569,76.127644,2,Standard
ST004863,Kerala,10.975279,76.418647,2,Standard
ST004864,Kerala,10.868153,76.234209,2,Standard
ST004865,Kerala,10.860312,76.294238,2,Standard
ST004866,Kerala,10.947049,76.385416,4,Standard
ST004867,Kerala,10.696751,76.300776,2,Standard
ST004868,Kerala,10.847655,76.150211,2,Standard
ST004869,Kerala,10.849071,76.267718,6,Hub
ST004870,Kerala,10.802219,76.389175,4,Standard
ST004871,Kerala,10.857084,76.271487,2,Standard
ST004872,Kerala,10.932219,76.161384,2,Standard
ST004873,Kerala,10.837233,76.408051,2,Standard
ST004874,Kerala,10.866675,76.211911,2,Standard
ST004875,Kerala,11.032294,76.312982,2,Standard
ST004876,Kerala,10.83851,76.2887,4,Standard
ST004877,Kerala,10.697008,76.27896,2,Standard
ST004878,Kerala,10.860051,76.324145,2,Standard
ST004879,Kerala,10.859575,76.469227,2,Standard
ST004880,Kerala,10.88785,76.379976,2,Standard
ST004881,Kerala,10.876699,76.257806,2,Standard
ST004882,Kerala,11.036827,76.236592,4,Standard
ST004883,Kerala,10.882612,76.242636,2,Standard
ST004884,Kerala,10.749187,76.157549,2,Standard
ST004885,Kerala,10.886446,76.267936,2,Standard
ST004886,Kerala,10.857312,76.203683,2,Standard
ST004887,Kerala,10.888464,76.34634,2,Standard
ST004888,Kerala,10.875784,76.181634,2,Standard
ST004889,Kerala,10.656974,76.224609,2,Standard
ST004890,Kerala,10.751332,76.344001,4,Standard
ST004891,Kerala,10.798459,76.329947,2,Standard
ST004892,Kerala,10.787671,76.094358,2,Standard
ST004893,Kerala,10.702231,76.230679,2,Standard
ST004894,Kerala,10.88627,76.293551,2,Standard
ST004895,Kerala,10.846498,76.271046,2,Standard
ST004896,Kerala,10.848644,76.374564,2,Standard
ST004897,Kerala,10.903176,76.276066,2,Standard
ST004898,Kerala,10.736315,76.261008,2,Standard
ST004899,Kerala,10.965777,76.213048,2,Standard
ST004900,Kerala,10.690499,76.366083,2,Standard
ST004901,Kerala,10.859197,76.232055,2,Standard
ST004902,Kerala,10.942502,76.370117,4,Standard
ST004903,Kerala,10.703613,76.213068,2,Standard
ST004904,Kerala,10.841712,76.146367,2,Standard
ST004905,Kerala,10.956828,76.26198,4,Standard
ST004906,Kerala,10.976054,76.379163,2,Standard
ST004907,Kerala,10.84869,76.42655,2,Standard
ST004908,Kerala,10.984829,76.233995,2,Standard
ST004909,Kerala,10.774681,76.218853,2,Standard
ST004910,Kerala,10.804007,76.324231,4,Standard
ST004911,Kerala,10.752111,76.15754,2,Standard
ST004912,Kerala,10.83327,76.235354,2,Standard
ST004913,Kerala,10.692285,76.27708,2,Standard
ST004914,Kerala,10.744423,76.28742,2,Standard
ST004915,Kerala,10.868012,76.140011,2,Standard
ST004916,Kerala,10.699692,76.367679,2,Standard
ST004917,Kerala,10.95446,76.440907,2,Standard
ST004918,Kerala,10.852694,76.273131,2,Standard
ST004919,Kerala,10.888252,76.239877,2,Standard
ST004920,Kerala,10.829867,76.110215,6,Hub
ST004921,Kerala,10.975937,76.117491,4,Standard
ST004922,Kerala,10.811693,76.407745,8,Hub
ST004923,Kerala,10.911395,76.325059,2,Standard
ST004924,Kerala,10.892959,76.211066,2,Standard
ST004925,Kerala,10.765804,76.216529,2,Standard
ST004926,Kerala,10.732163,76.116642,2,Standard
ST004927,Kerala,10.958325,76.310483,2,Standard
ST004928,Kerala,10.913269,76.198099,2,Standard
ST004929,Kerala,10.949236,76.324197,2,Standard
ST004930,Kerala,10.835219,76.298058,2,Standard
ST004931,Kerala,10.911305,76.186333,2,Standard
ST004932,Kerala,10.997743,76.20548,2,Standard
ST004933,Kerala,10.850148,76.270159,2,Standard
ST004934,Kerala,10.814995,76.288404,2,Standard
ST004935,Kerala,10.880075,76.252539,2,Standard
ST004936,Kerala,10.82728,76.371826,2,Standard
ST004937,Kerala,10.84698,76.312925,2,Standard
ST004938,Kerala,10.836052,76.260727,4,Standard
ST004939,Kerala,10.920032,76.297708,2,Standard
ST004940,Kerala,10.830163,76.162018,2,Standard
ST004941,Kerala,10.750377,76.32381,2,Standard
ST004942,Kerala,10.726285,76.411191,6,Hub
ST004943,Kerala,10.977243,76.316645,2,Standard
ST004944,Kerala,10.975203,76.169619,2,Standard
ST004945,Kerala,10.874332,76.325275,2,Standard
ST004946,Kerala,10.847035,76.254606,2,Standard
ST004947,Kerala,10.90499,76.138044,2,Standard
ST004948,Kerala,10.847938,76.251216,2,Standard
ST004949,Kerala,10.823146,76.137916,2,Standard
ST004950,Kerala,10.85455,76.263833,2,Standard
ST004951,Kerala,10.924316,76.281895,2,Standard
ST004952,Kerala,10.916828,76.360946,2,Standard
ST004953,Kerala,10.918473,76.232243,2,Standard
ST004954,Kerala,10.850527,76.27106,4,Standard
ST004955,Kerala,10.853481,76.276404,2,Standard
ST004956,Kerala,10.764854,76.431278,2,Standard
ST004957,Kerala,10.949966,76.340496,2,Standard
ST004958,Kerala,10.671455,76.32742,2,Standard
ST004959,Kerala,10.880949,76.300614,2,Standard
ST004960,Kerala,10.935796,76.287117,4,Standard
ST004961,Kerala,10.820229,76.442428,2,Standard
ST004962,Kerala,10.753427,76.19586,2,Standard
ST004963,Kerala,10.832498,76.267441,6,Hub
ST004964,Kerala,10.662409,76.338792,6,Hub
ST004965,Kerala,10.941683,76.117424,2,Standard
ST004966,Kerala,10.859651,76.252635,2,Standard
ST004967,Kerala,10.850588,76.271718,2,Standard
ST004968,Kerala,10.843334,76.291605,2,Standard
ST004969,Kerala,10.717048,76.294138,4,Standard
ST004970,Kerala,10.956125,76.164816,2,Standard
ST004971,Kerala,10.860487,76.267043,2,Standard
ST004972,Kerala,10.98238,76.281212,2,Standard
ST004973,Kerala,10.838091,76.320258,2,Standard
ST004974,Kerala,10.824242,76.318239,2,Standard
ST004975,Kerala,10.762697,76.26478,4,Standard
ST004976,Kerala,10.716367,76.260604,2,Standard
ST004977,Kerala,10.812357,76.303831,2,Standard
ST004978,Kerala,10.885625,76.331528,4,Standard
ST004979,Kerala,10.842712,76.11996,2,Standard
ST004980,Kerala,10.827158,76.23053,2,Standard
ST004981,Kerala,10.753402,76.211105,2,Standard
ST004982,Kerala,10.741041,76.281956,2,Standard
ST004983,Kerala,10.737559,76.276931,2,Standard
ST004984,Kerala,10.845785,76.249687,4,Standard
ST004985,Kerala,10.850436,76.243923,2,Standard
ST004986,Kerala,11.028858,76.350458,2,Standard
ST004987,Kerala,10.862149,76.267873,2,Standard
ST004988,Kerala,10.815594,76.284101,2,Standard
ST004989,Kerala,10.685168,76.286367,2,Standard
ST004990,Kerala,10.971292,76.232365,2,Standard
ST004991,Kerala,10.777201,76.36695,4,Standard
ST004992,Kerala,10.781392,76.439431,2,Standard
ST004993,Kerala,10.927132,76.189906,2,Standard
ST004994,Kerala,10.823927,76.323416,2,Standard
ST004995,Kerala,11.010081,76.305109,4,Standard
ST004996,Kerala,10.788608,76.291045,2,Standard
ST004997,Kerala,10.689443,76.30066,2,Standard
ST004998,Kerala,10.972085,76.392097,2,Standard
ST004999,Kerala,11.00192,76.157424,2,Standard
ST005000,Kerala,10.815773,76.297178,2,Standard
ST005001,Kerala,10.803823,76.318581,4,Standard
ST005002,Kerala,10.904853,76.379713,8,Hub
ST005003,Kerala,10.679224,76.296439,2,Standard
ST005004,Kerala,10.976662,76.296904,2,Standard
ST005005,Kerala,10.862845,76.119705,2,Standard
ST005006,Kerala,10.960519,76.175416,2,Standard
ST005007,Kerala,10.910304,76.241947,2,Standard
ST005008,Kerala,10.847685,76.271043,2,Standard
ST005009,Kerala,10.898479,76.273199,2,Standard
ST005010,Kerala,10.892447,76.301903,2,Standard
ST005011,Kerala,10.853024,76.276215,2,Standard
ST005012,Kerala,10.851885,76.270213,2,Standard
ST005013,Kerala,10.847842,76.240787,2,Standard
ST005014,Kerala,11.002588,76.177545,2,Standard
ST005015,Kerala,10.774164,76.160426,2,Standard
ST005016,Kerala,11.047363,76.277707,2,Standard
ST005017,Kerala,10.97932,76.146786,4,Standard
ST005018,Kerala,10.813275,76.213053,2,Standard
ST005019,Kerala,10.896264,76.234976,2,Standard
ST005020,Kerala,10.832082,76.263442,2,Standard
ST005021,Kerala,10.875336,76.257841,2,Standard
ST005022,Kerala,10.868034,76.381341,2,Standard
ST005023,Kerala,10.861454,76.147715,2,Standard
ST005024,Kerala,10.850521,76.271287,2,Standard
ST005025,Kerala,10.85935,76.074257,2,Standard
ST005026,Kerala,10.884336,76.185504,2,Standard
ST005027,Kerala,10.917937,76.224503,2,Standard
ST005028,Kerala,10.756243,76.256211,2,Standard
ST005029,Kerala,10.703782,76.321205,2,Standard
ST005030,Kerala,10.78805,76.260496,4,Standard
ST005031,Kerala,10.850113,76.27864,2,Standard
ST005032,Kerala,10.81065,76.248138,8,Hub
ST005033,Kerala,10.928597,76.375983,2,Standard
ST005034,Kerala,10.787486,76.134503,2,Standard
ST005035,Kerala,10.671734,76.267082,2,Standard
ST005036,Kerala,10.999229,76.208223,2,Standard
ST005037,Kerala,10.810499,76.225386,4,Standard
ST005038,Kerala,10.905013,76.265236,2,Standard
ST005039,Kerala,10.876419,76.355647,2,Standard
ST005040,Kerala,11.03385,76.339516,2,Standard
ST005041,Kerala,10.755867,76.212343,2,Standard
ST005042,Kerala,10.795038,76.188606,2,Standard
ST005043,Kerala,10.970485,76.295605,2,Standard
ST005044,Kerala,10.832918,76.189626,2,Standard
ST005045,Kerala,10.85258,76.225747,2,Standard
ST005046,Kerala,10.856295,76.302859,2,Standard
ST005047,Kerala,10.732997,76.393126,4,Standard
ST005048,Kerala,10.886502,76.203528,2,Standard
ST005049,Kerala,10.728353,76.194529,2,Standard
ST005050,Kerala,10.852357,76.304677,4,Standard
ST005051,Kerala,10.972118,76.249556,2,Standard
ST005052,Kerala,10.917591,76.26323,2,Standard
ST005053,Kerala,10.837551,76.228504,2,Standard
ST005054,Kerala,10.843301,76.373227,2,Standard
ST005055,Kerala,10.836299,76.301468,2,Standard
ST005056,Kerala,10.849922,76.278226,2,Standard
ST005057,Kerala,10.822699,76.176685,2,Standard
ST005058,Kerala,10.878992,76.290266,2,Standard
ST005059,Kerala,10.94846,76.344684,2,Standard
ST005060,Kerala,10.97569,76.355274,4,Standard
ST005061,Kerala,10.899962,76.27751,2,Standard
ST005062,Kerala,10.96161,76.179963,2,Standard
ST005063,Kerala,10.997766,76.343783,2,Standard
ST005064,Kerala,10.681306,76.278509,6,Hub
ST005065,Kerala,10.740551,76.190434,2,Standard
ST005066,Kerala,10.896928,76.269203,2,Standard
ST005067,Kerala,10.784971,76.206433,2,Standard
ST005068,Kerala,10.853306,76.27181,2,Standard
ST005069,Kerala,10.945563,76.359507,2,Standard
ST005070,Kerala,10.749524,76.225765,2,Standard
ST005071,Kerala,10.942487,76.289762,2,Standard
ST005072,Kerala,10.921266,76.234832,6,Hub
ST005073,Kerala,10.740163,76.160871,2,Standard
ST005074,Kerala,10.872471,76.169594,2,Standard
ST005075,Kerala,10.899615,76.210151,2,Standard
ST005076,Kerala,10.887267,76.240172,2,Standard
ST005077,Kerala,10.848495,76.281533,2,Standard
ST005078,Kerala,10.874064,76.191087,2,Standard
ST005079,Kerala,10.856565,76.31706,4,Standard
ST005080,Kerala,10.986288,76.174258,2,Standard
ST005081,Kerala,10.734182,76.230432,2,Standard
ST005082,Kerala,10.773184,76.283682,2,Standard
ST005083,Kerala,10.872162,76.258376,2,Standard
ST005084,Kerala,10.790438,76.304887,2,Standard
ST005085,Kerala,10.75898,76.272163,2,Standard
ST005086,Kerala,10.822713,76.267786,2,Standard
ST005087,Kerala,10.802181,76.267101,2,Standard
ST005088,Kerala,10.8557,76.282979,4,Standard
ST005089,Kerala,10.857289,76.185882,2,Standard
ST005090,Kerala,10.748671,76.167146,2,Standard
ST005091,Kerala,10.810069,76.186128,6,Hub
ST005092,Kerala,10.793201,76.31979,6,Hub
ST005093,Kerala,10.787445,76.194832,2,Standard
ST005094,Kerala,10.952554,76.129012,2,Standard
ST005095,Kerala,10.863542,76.295023,2,Standard
ST005096,Kerala,10.80937,76.227079,2,Standard
ST005097,Kerala,11.02702,76.291791,2,Standard
ST005098,Kerala,10.87738,76.455002,6,Hub
ST005099,Kerala,10.819507,76.121751,2,Standard
ST005100,Kerala,10.864564,76.315777,2,Standard
ST005101,Kerala,10.816387,76.266514,2,Standard
ST005102,Kerala,10.828558,76.331532,4,Standard
ST005103,Kerala,10.872569,76.305697,2,Standard
ST005104,Kerala,10.858521,76.238637,2,Standard
ST005105,Kerala,10.974364,76.293486,2,Standard
ST005106,Kerala,10.91599,76.261142,2,Standard
ST005107,Kerala,10.934316,76.348486,2,Standard
ST005108,Kerala,10.980942,76.184065,2,Standard
ST005109,Kerala,10.805254,76.227245,2,Standard
ST005110,Kerala,10.832879,76.266353,2,Standard
ST005111,Kerala,10.787886,76.140295,6,Hub
ST005112,Kerala,10.901327,76.259749,6,Hub
ST005113,Kerala,10.958889,76.283726,2,Standard
ST005114,Kerala,10.808107,76.118809,2,Standard
ST005115,Kerala,10.868623,76.320214,2,Standard
ST005116,Kerala,10.784587,76.265875,8,Hub
ST005117,Kerala,10.911132,76.198287,2,Standard
ST005118,Kerala,10.886092,76.160565,2,Standard
ST005119,Kerala,10.860119,76.205264,2,Standard
ST005120,Kerala,10.877383,76.223215,2,Standard
ST005121,Kerala,10.809481,76.258875,2,Standard
ST005122,Kerala,10.787616,76.280847,2,Standard
ST005123,Kerala,10.83024,76.463433,2,Standard
ST005124,Kerala,10.934812,76.404092,2,Standard
ST005125,Kerala,10.854461,76.270705,2,Standard
ST005126,Kerala,10.834576,76.22309,4,Standard
ST005127,Kerala,10.928485,76.291378,2,Standard
ST005128,Kerala,10.852661,76.270168,2,Standard
ST005129,Kerala,10.765125,76.218497,2,Standard
ST005130,Kerala,10.862258,76.2591,4,Standard
ST005131,Kerala,10.793767,76.147474,2,Standard
ST005132,Kerala,10.758752,76.106473,2,Standard
ST005133,Kerala,10.854221,76.263575,2,Standard
ST005134,Kerala,10.772219,76.285482,4,Standard
ST005135,Kerala,10.817193,76.354998,2,Standard
ST005136,Kerala,10.785931,76.328609,2,Standard
ST005137,Kerala,10.868076,76.268797,2,Standard
ST005138,Kerala,10.935307,76.226013,2,Standard
ST005139,Kerala,10.73217,76.154626,2,Standard
ST005140,Kerala,10.795435,76.337269,6,Hub
ST005141,Kerala,10.787343,76.311449,2,Standard
ST005142,Kerala,10.998466,76.196326,6,Hub
ST005143,Kerala,10.867248,76.284779,2,Standard
ST005144,Kerala,10.83276,76.279739,6,Hub
ST005145,Kerala,10.829439,76.251547,2,Standard
ST005146,Kerala,10.84907,76.270898,2,Standard
ST005147,Kerala,10.795467,76.394853,2,Standard
ST005148,Kerala,10.655829,76.290689,2,Standard
ST005149,Kerala,10.900994,76.220035,2,Standard
ST005150,Kerala,11.012765,76.318781,2,Standard
ST005151,Kerala,10.989754,76.184235,2,Standard
ST005152,Kerala,10.988987,76.414818,2,Standard
ST005153,Kerala,10.842692,76.41573,4,Standard
ST005154,Kerala,10.889985,76.245353,2,Standard
ST005155,Kerala,10.902395,76.237364,4,Standard
ST005156,Kerala,10.906135,76.262794,6,Hub
ST005157,Kerala,10.860754,76.268011,2,Standard
ST005158,Kerala,10.823563,76.168143,2,Standard
ST005159,Kerala,10.806232,76.277293,2,Standard
ST005160,Kerala,10.83999,76.234414,2,Standard
ST005161,Kerala,10.802617,76.254591,2,Standard
ST005162,Kerala,10.856005,76.269524,2,Standard
ST005163,Kerala,10.865554,76.317165,2,Standard
ST005164,Kerala,10.810575,76.295028,2,Standard
ST005165,Kerala,10.676265,76.28058,2,Standard
ST005166,Kerala,10.823113,76.158387,4,Standard
ST005167,Kerala,10.968155,76.344736,2,Standard
ST005168,Kerala,10.929353,76.407178,2,Standard
ST005169,Kerala,10.85047,76.35451,2,Standard
ST005170,Kerala,10.74913,76.40976,2,Standard
ST005171,Kerala,10.929714,76.351867,2,Standard
ST005172,Kerala,10.938936,76.380866,2,Standard
ST005173,Kerala,10.922415,76.222278,2,Standard
ST005174,Kerala,10.665534,76.284965,2,Standard
ST005175,Kerala,10.753827,76.258275,2,Standard
ST005176,Kerala,10.729014,76.205964,2,Standard
ST005177,Kerala,10.979061,76.373281,2,Standard
ST005178,Kerala,10.837202,76.276804,2,Standard
ST005179,Kerala,10.867492,76.19765,2,Standard
ST005180,Kerala,10.952875,76.345842,4,Standard
ST005181,Kerala,10.980029,76.149665,2,Standard
ST005182,Kerala,11.017937,76.225479,2,Standard
ST005183,Kerala,10.926541,76.272123,2,Standard
ST005184,Kerala,10.88108,76.204538,4,Standard
ST005185,Kerala,10.753094,76.198872,4,Standard
ST005186,Kerala,10.730851,76.406772,2,Standard
ST005187,Kerala,10.757562,76.269215,2,Standard
ST005188,Kerala,10.949188,76.269558,2,Standard
ST005189,Kerala,10.895123,76.363503,2,Standard
ST005190,Kerala,10.911324,76.128128,2,Standard
ST005191,Kerala,10.884492,76.133636,2,Standard
ST005192,Kerala,10.845931,76.443456,2,Standard
ST005193,Kerala,10.880948,76.247002,2,Standard
ST005194,Kerala,10.983662,76.413719,2,Standard
ST005195,Kerala,10.971414,76.139591,4,Standard
ST005196,Kerala,10.932382,76.200161,4,Standard
ST005197,Kerala,10.78441,76.18433,2,Standard
ST005198,Kerala,10.99195,76.318248,2,Standard
ST005199,Kerala,10.721031,76.266761,4,Standard
ST005200,Kerala,10.752151,76.269469,2,Standard
ST005201,Kerala,10.876803,76.320247,2,Standard
ST005202,Kerala,10.871706,76.303989,2,Standard
ST005203,Kerala,10.880682,76.265926,2,Standard
ST005204,Kerala,10.836233,76.388353,2,Standard
ST005205,Kerala,10.826794,76.251444,2,Standard
ST005206,Kerala,10.893096,76.119947,2,Standard
ST005207,Kerala,10.855096,76.32865,2,Standard
ST005208,Kerala,11.003257,76.208374,2,Standard
ST005209,Kerala,10.845202,76.25553,4,Standard
ST005210,Kerala,10.75307,76.326055,2,Standard
ST005211,Kerala,10.884852,76.353902,2,Standard
ST005212,Kerala,10.797779,76.232274,2,Standard
ST005213,Kerala,10.882977,76.106177,2,Standard
ST005214,Kerala,10.77566,76.421209,2,Standard
ST005215,Kerala,10.9838,76.372602,2,Standard
ST005216,Kerala,10.860015,76.284684,4,Standard
ST005217,Kerala,10.79115,76.197707,8,Hub
ST005218,Kerala,10.911309,76.231369,2,Standard
ST005219,Kerala,10.827334,76.368531,4,Standard
ST005220,Kerala,10.784236,76.289925,2,Standard
ST005221,Kerala,10.797913,76.12858,4,Standard
ST005222,Kerala,10.967797,76.11586,6,Hub
ST005223,Kerala,10.835539,76.413535,2,Standard
ST005224,Kerala,10.743888,76.354595,4,Standard
ST005225,Kerala,10.654004,76.300981,2,Standard
ST005226,Kerala,10.825321,76.082273,2,Standard
ST005227,Kerala,10.942393,76.115649,4,Standard
ST005228,Kerala,10.886663,76.186688,2,Standard
ST005229,Kerala,10.849668,76.345159,2,Standard
ST005230,Kerala,10.954453,76.284389,2,Standard
ST005231,Kerala,10.745503,76.267762,4,Standard
ST005232,Kerala,11.03037,76.241488,2,Standard
ST005233,Kerala,10.889359,76.333813,2,Standard
ST005234,Kerala,10.786469,76.304256,2,Standard
ST005235,Kerala,10.881944,76.171121,8,Hub
ST005236,Kerala,10.697106,76.196431,2,Standard
ST005237,Kerala,10.859602,76.246274,6,Hub
ST005238,Kerala,10.830923,76.186242,4,Standard
ST005239,Kerala,10.84773,76.280713,2,Standard
ST005240,Kerala,10.779641,76.276789,2,Standard
ST005241,Kerala,10.849179,76.410028,2,Standard
ST005242,Kerala,10.856479,76.222509,2,Standard
ST005243,Kerala,11.012124,76.322995,2,Standard
ST005244,Kerala,11.037556,76.282821,4,Standard
ST005245,Kerala,10.805739,76.224841,4,Standard
ST005246,Kerala,10.85054,76.272901,2,Standard
ST005247,Kerala,10.853011,76.298531,2,Standard
ST005248,Kerala,10.825126,76.249521,2,Standard
ST005249,Kerala,10.734381,76.249984,2,Standard
ST005250,Kerala,10.848415,76.277796,2,Standard
ST005251,Kerala,10.855626,76.272322,4,Standard
ST005252,Kerala,10.846157,76.207646,2,Standard
ST005253,Kerala,10.875266,76.188382,2,Standard
ST005254,Kerala,10.752364,76.300955,2,Standard
ST005255,Kerala,10.837908,76.217868,2,Standard
ST005256,Kerala,10.930806,76.348034,2,Standard
ST005257,Kerala,10.809346,76.349447,2,Standard
ST005258,Kerala,10.790889,76.192278,4,Standard
ST005259,Kerala,10.77129,76.196455,2,Standard
ST005260,Kerala,10.841454,76.130203,2,Standard
ST005261,Kerala,10.71784,76.242155,2,Standard
ST005262,Kerala,10.911077,76.209417,6,Hub
ST005263,Kerala,10.720043,76.350748,2,Standard
ST005264,Kerala,10.838167,76.26406,4,Standard
ST005265,Kerala,10.855295,76.267239,4,Standard
ST005266,Kerala,10.848971,76.119349,2,Standard
ST005267,Kerala,10.86086,76.267956,4,Standard
ST005268,Kerala,10.780294,76.222181,2,Standard
ST005269,Kerala,10.841735,76.286895,2,Standard
ST005270,Kerala,10.76202,76.23435,2,Standard
ST005271,Kerala,10.947502,76.345909,4,Standard
ST005272,Kerala,10.838896,76.118084,6,Hub
ST005273,Kerala,10.918341,76.225228,4,Standard
ST005274,Kerala,11.016116,76.220801,2,Standard
ST005275,Kerala,10.841324,76.301606,2,Standard
ST005276,Kerala,10.776653,76.302842,2,Standard
ST005277,Kerala,10.74678,76.21766,2,Standard
ST005278,Kerala,10.850492,76.169122,2,Standard
ST005279,Kerala,10.986254,76.376159,2,Standard
ST005280,Kerala,10.779256,76.451823,8,Hub
ST005281,Kerala,10.991958,76.400403,2,Standard
ST005282,Kerala,10.889356,76.296107,2,Standard
ST005283,Kerala,10.985526,76.311786,2,Standard
ST005284,Kerala,10.90166,76.200962,2,Standard
ST005285,Kerala,10.956852,76.219843,6,Hub
ST005286,Kerala,10.73476,76.147838,2,Standard
ST005287,Kerala,10.829964,76.338912,2,Standard
ST005288,Kerala,11.000137,76.17071,2,Standard
ST005289,Kerala,11.028902,76.244545,8,Hub
ST005290,Kerala,10.965243,76.389315,2,Standard
ST005291,Kerala,10.683296,76.377449,2,Standard
ST005292,Kerala,10.741408,76.290294,2,Standard
ST005293,Kerala,10.787275,76.259132,2,Standard
ST005294,Kerala,11.010095,76.352446,4,Standard
ST005295,Kerala,10.859568,76.244709,2,Standard
ST005296,Kerala,10.871453,76.147697,2,Standard
ST005297,Kerala,10.807752,76.298553,2,Standard
ST005298,Kerala,10.939579,76.163047,6,Hub
ST005299,Kerala,10.73403,76.235077,2,Standard
ST005300,Kerala,10.930187,76.322423,4,Standard
ST005301,Kerala,10.864937,76.310196,2,Standard
ST005302,Kerala,10.754109,76.116425,4,Standard
ST005303,Kerala,10.816318,76.294722,8,Hub
ST005304,Kerala,10.746979,76.13095,2,Standard
ST005305,Kerala,10.848665,76.097358,2,Standard
ST005306,Kerala,10.704074,76.236865,2,Standard
ST005307,Kerala,10.894878,76.324788,4,Standard
ST005308,Kerala,10.771893,76.336505,2,Standard
ST005309,Kerala,11.008283,76.195732,2,Standard
ST005310,Kerala,10.873431,76.296954,2,Standard
ST005311,Kerala,10.814103,76.316449,2,Standard
ST005312,Kerala,10.714892,76.151892,2,Standard
ST005313,Kerala,10.977569,76.240417,4,Standard
ST005314,Kerala,10.905754,76.181766,4,Standard
ST005315,Kerala,10.877664,76.372461,2,Standard
ST005316,Kerala,10.710813,76.220728,2,Standard
ST005317,Kerala,10.864356,76.343447,2,Standard
ST005318,Kerala,10.724484,76.41581,2,Standard
ST005319,Kerala,10.708752,76.323197,2,Standard
ST005320,Kerala,10.850771,76.217992,2,Standard
ST005321,Kerala,10.689568,76.193049,2,Standard
ST005322,Kerala,10.663767,76.300438,2,Standard
ST005323,Kerala,10.853785,76.285564,2,Standard
ST005324,Kerala,10.982112,76.164231,2,Standard
ST005325,Kerala,10.986231,76.264776,2,Standard
ST005326,Kerala,11.002975,76.207029,2,Standard
ST005327,Kerala,10.914141,76.176725,2,Standard
ST005328,Kerala,10.712361,76.397011,2,Standard
ST005329,Kerala,10.752391,76.315682,2,Standard
ST005330,Kerala,10.743949,76.30862,4,Standard
ST005331,Kerala,10.841071,76.272868,2,Standard
ST005332,Kerala,10.916067,76.211097,2,Standard
ST005333,Kerala,10.826897,76.25634,2,Standard
ST005334,Kerala,10.899547,76.272144,2,Standard
ST005335,Kerala,10.844916,76.252063,2,Standard
ST005336,Kerala,10.886648,76.247804,4,Standard
ST005337,Kerala,10.860717,76.305934,2,Standard
ST005338,Kerala,11.004266,76.284643,4,Standard
ST005339,Kerala,10.937375,76.184263,4,Standard
ST005340,Kerala,10.872102,76.323908,2,Standard
ST005341,Kerala,10.66181,76.29986,4,Standard
ST005342,Kerala,10.852935,76.417409,2,Standard
ST005343,Kerala,10.79519,76.293221,2,Standard
ST005344,Kerala,10.836801,76.274994,6,Hub
ST005345,Kerala,10.865155,76.224699,2,Standard
ST005346,Kerala,10.848397,76.257593,2,Standard
ST005347,Kerala,10.887577,76.260353,2,Standard
ST005348,Kerala,10.970408,76.162325,2,Standard
ST005349,Kerala,10.944136,76.25193,2,Standard
ST005350,Kerala,10.840006,76.197704,4,Standard
ST005351,Kerala,10.886016,76.352287,2,Standard
ST005352,Kerala,10.949684,76.440626,4,Standard
ST005353,Kerala,10.947443,76.338099,2,Standard
ST005354,Kerala,10.775107,76.194307,2,Standard
ST005355,Kerala,10.83832,76.251312,2,Standard
ST005356,Kerala,10.796456,76.251636,2,Standard
ST005357,Kerala,10.992273,76.215149,2,Standard
ST005358,Kerala,10.857899,76.269809,6,Hub
ST005359,Kerala,10.841942,76.309236,2,Standard
ST005360,Kerala,10.898846,76.274494,2,Standard
ST005361,Kerala,10.8305,76.229433,2,Standard
ST005362,Kerala,10.67322,76.261061,2,Standard
ST005363,Kerala,10.823186,76.197051,2,Standard
ST005364,Kerala,10.787082,76.336568,2,Standard
ST005365,Kerala,10.906612,76.384809,4,Standard
ST005366,Kerala,10.738446,76.399572,4,Standard
ST005367,Kerala,10.855526,76.149101,2,Standard
ST005368,Kerala,10.822892,76.302733,2,Standard
ST005369,Kerala,10.866413,76.175129,2,Standard
ST005370,Kerala,10.856667,76.309645,2,Standard
ST005371,Kerala,10.929284,76.405086,4,Standard
ST005372,Kerala,10.864366,76.375512,4,Standard
ST005373,Kerala,10.739909,76.305849,2,Standard
ST005374,Kerala,10.974868,76.150055,2,Standard
ST005375,Kerala,10.847571,76.27203,2,Standard
ST005376,Kerala,10.741981,76.325159,6,Hub
ST005377,Kerala,10.728719,76.224851,4,Standard
ST005378,Kerala,10.923801,76.377623,2,Standard
ST005379,Kerala,10.91214,76.407965,4,Standard
ST005380,Kerala,10.775112,76.391411,4,Standard
ST005381,Kerala,10.928411,76.295264,2,Standard
ST005382,Kerala,10.83785,76.227525,4,Standard
ST005383,Kerala,10.885915,76.150017,2,Standard
ST005384,Kerala,10.790224,76.234131,2,Standard
ST005385,Kerala,10.731756,76.284246,2,Standard
ST005386,Kerala,10.712923,76.295145,2,Standard
ST005387,Kerala,10.813505,76.28747,4,Standard
ST005388,Kerala,10.850761,76.272231,2,Standard
ST005389,Kerala,10.803358,76.413271,2,Standard
ST005390,Kerala,10.861593,76.232155,2,Standard
ST005391,Kerala,10.947672,76.245527,2,Standard
ST005392,Kerala,10.973054,76.200664,2,Standard
ST005393,Kerala,10.847569,76.254346,2,Standard
ST005394,Kerala,10.85083,76.272832,2,Standard
ST005395,Kerala,10.835949,76.203767,4,Standard
ST005396,Kerala,10.865973,76.205102,4,Standard
ST005397,Kerala,10.861531,76.247402,2,Standard
ST005398,Kerala,10.88207,76.331525,2,Standard
ST005399,Kerala,10.791974,76.309027,4,Standard
ST005400,Kerala,10.852161,76.251781,2,Standard
ST005401,Kerala,10.751044,76.405812,2,Standard
ST005402,Kerala,11.022612,76.347898,2,Standard
ST005403,Kerala,10.868148,76.269579,2,Standard
ST005404,Kerala,10.831401,76.34309,2,Standard
ST005405,Kerala,10.870173,76.153549,4,Standard
ST005406,Kerala,10.757167,76.151761,2,Standard
ST005407,Kerala,10.973415,76.383623,4,Standard
ST005408,Kerala,10.818717,76.160092,2,Standard
ST005409,Kerala,10.95827,76.181642,2,Standard
ST005410,Kerala,10.876185,76.353121,2,Standard
ST005411,Kerala,10.839464,76.271513,2,Standard
ST005412,Kerala,10.875178,76.263869,4,Standard
ST005413,Kerala,10.817681,76.17532,2,Standard
ST005414,Kerala,11.033056,76.300758,4,Standard
ST005415,Kerala,10.913105,76.18699,2,Standard
ST005416,Kerala,10.853709,76.295212,2,Standard
ST005417,Kerala,10.817105,76.309759,8,Hub
ST005418,Kerala,10.657389,76.262976,2,Standard
ST005419,Kerala,10.69189,76.190342,2,Standard
ST005420,Kerala,10.795057,76.193896,2,Standard
ST005421,Kerala,10.908097,76.196467,4,Standard
ST005422,Kerala,10.890052,76.228247,2,Standard
ST005423,Kerala,10.968527,76.394923,6,Hub
ST005424,Kerala,10.698835,76.178271,4,Standard
ST005425,Kerala,10.860418,76.267016,2,Standard
ST005426,Kerala,10.775508,76.270643,2,Standard
ST005427,Kerala,10.738876,76.158266,2,Standard
ST005428,Kerala,10.829228,76.380409,2,Standard
ST005429,Kerala,10.843606,76.245113,2,Standard
ST005430,Kerala,10.89799,76.159568,2,Standard
ST005431,Kerala,10.915021,76.249928,2,Standard
ST005432,Kerala,10.9293,76.334758,2,Standard
ST005433,Kerala,11.016897,76.370655,4,Standard
ST005434,Kerala,10.996771,76.30737,4,Standard
ST005435,Kerala,10.777691,76.25952,4,Standard
ST005436,Kerala,10.964436,76.321122,2,Standard
ST005437,Kerala,10.802186,76.242437,2,Standard
ST005438,Kerala,10.901899,76.238582,2,Standard
ST005439,Kerala,10.747128,76.304885,8,Hub
ST005440,Kerala,11.001167,76.380902,2,Standard
ST005441,Kerala,10.839109,76.282557,2,Standard
ST005442,Kerala,10.759323,76.34918,2,Standard
ST005443,Kerala,10.712102,76.259199,2,Standard
ST005444,Kerala,10.903985,76.29054,2,Standard
ST005445,Kerala,10.857233,76.256609,2,Standard
ST005446,Kerala,10.861809,76.256612,2,Standard
ST005447,Kerala,10.887018,76.208865,2,Standard
ST005448,Kerala,10.827212,76.251284,2,Standard
ST005449,Kerala,10.890009,76.288542,2,Standard
ST005450,Kerala,10.893882,76.316066,4,Standard
ST005451,Kerala,10.733229,76.260473,2,Standard
ST005452,Kerala,10.883035,76.143948,2,Standard
ST005453,Kerala,10.786636,76.219101,4,Standard
ST005454,Kerala,10.768716,76.284682,4,Standard
ST005455,Kerala,10.875674,76.2326,2,Standard
ST005456,Kerala,10.98068,76.275781,2,Standard
ST005457,Kerala,10.902886,76.441241,4,Standard
ST005458,Kerala,10.860211,76.259218,2,Standard
ST005459,Kerala,10.92822,76.332479,4,Standard
ST005460,Kerala,10.807965,76.236261,2,Standard
ST005461,Kerala,10.825858,76.154697,4,Standard
ST005462,Kerala,10.848201,76.275624,2,Standard
ST005463,Kerala,10.850541,76.228149,4,Standard
ST005464,Kerala,10.89305,76.198607,2,Standard
ST005465,Kerala,10.695987,76.189814,8,Hub
ST005466,Kerala,10.899154,76.214941,2,Standard
ST005467,Kerala,10.890102,76.420986,2,Standard
ST005468,Kerala,10.815437,76.286778,2,Standard
ST005469,Kerala,10.883189,76.248712,6,Hub
ST005470,Kerala,10.854503,76.271755,2,Standard
ST005471,Kerala,10.75536,76.179117,2,Standard
ST005472,Kerala,10.82655,76.330452,2,Standard
ST005473,Kerala,10.777976,76.386187,4,Standard
ST005474,Kerala,11.024064,76.337476,2,Standard
ST005475,Kerala,10.884849,76.468062,2,Standard
ST005476,Kerala,10.923542,76.407027,2,Standard
ST005477,Kerala,10.853189,76.287044,4,Standard
ST005478,Kerala,10.971895,76.149603,2,Standard
ST005479,Kerala,10.735026,76.351101,2,Standard
ST005480,Kerala,10.690758,76.211236,2,Standard
ST005481,Kerala,10.808871,76.367206,2,Standard
ST005482,Kerala,10.780018,76.277596,2,Standard
ST005483,Kerala,10.876254,76.250188,2,Standard
ST005484,Kerala,10.918608,76.364236,6,Hub
ST005485,Kerala,10.829129,76.238568,2,Standard
ST005486,Kerala,10.70409,76.391114,4,Standard
ST005487,Kerala,10.853341,76.404742,2,Standard
ST005488,Kerala,10.844956,76.181646,2,Standard
ST005489,Kerala,10.986626,76.214741,2,Standard
ST005490,Kerala,10.740589,76.300853,6,Hub
ST005491,Kerala,10.808714,76.160278,2,Standard
ST005492,Kerala,10.902131,76.221814,2,Standard
ST005493,Kerala,10.837313,76.311784,2,Standard
ST005494,Kerala,10.858862,76.273123,2,Standard
ST005495,Kerala,10.943413,76.172227,2,Standard
ST005496,Kerala,10.784979,76.167088,4,Standard
ST005497,Kerala,10.906577,76.193115,2,Standard
ST005498,Kerala,10.899847,76.218822,2,Standard
ST005499,Kerala,10.975675,76.209003,4,Standard
ST005500,Kerala,10.845414,76.383802,2,Standard
ST005501,Kerala,10.823512,76.265417,4,Standard
ST005502,Kerala,10.797609,76.236952,2,Standard
ST005503,Kerala,11.03006,76.332387,4,Standard
ST005504,Kerala,10.739976,76.134924,4,Standard
ST005505,Kerala,10.818509,76.207271,4,Standard
ST005506,Kerala,10.71578,76.260337,2,Standard
ST005507,Kerala,10.89966,76.258561,2,Standard
ST005508,Kerala,10.981165,76.140397,2,Standard
ST005509,Kerala,10.761198,76.107651,2,Standard
ST005510,Kerala,10.697806,76.385179,2,Standard
ST005511,Kerala,10.848044,76.263066,2,Standard
ST005512,Kerala,10.931275,76.217584,2,Standard
ST005513,Kerala,10.740708,76.299049,2,Standard
ST005514,Kerala,10.905947,76.346799,4,Standard
ST005515,Kerala,10.852011,76.268397,4,Standard
ST005516,Kerala,10.85043,76.271586,2,Standard
ST005517,Kerala,10.724792,76.344687,6,Hub
ST005518,Kerala,10.907527,76.090869,2,Standard
ST005519,Kerala,10.810958,76.239009,2,Standard
ST005520,Kerala,10.988283,76.199964,2,Standard
ST005521,Kerala,10.72631,76.208383,4,Standard
ST005522,Kerala,10.977171,76.205871,2,Standard
ST005523,Kerala,10.753947,76.376047,2,Standard
ST005524,Kerala,10.925321,76.29045,2,Standard
ST005525,Kerala,10.822747,76.289625,2,Standard
ST005526,Kerala,10.876896,76.274956,2,Standard
ST005527,Kerala,10.759994,76.138603,2,Standard
ST005528,Kerala,10.919583,76.26597,2,Standard
ST005529,Kerala,10.698438,76.161524,4,Standard
ST005530,Kerala,10.921971,76.395569,2,Standard
ST005531,Kerala,10.851057,76.253314,2,Standard
ST005532,Kerala,10.955139,76.146616,2,Standard
ST005533,Kerala,10.868317,76.274895,2,Standard
ST005534,Kerala,10.914285,76.291439,2,Standard
ST005535,Kerala,10.744212,76.264889,2,Standard
ST005536,Kerala,10.830303,76.452297,2,Standard
ST005537,Kerala,10.844337,76.277809,2,Standard
ST005538,Kerala,10.817532,76.372076,2,Standard
ST005539,Kerala,10.804588,76.300961,2,Standard
ST005540,Kerala,10.961655,76.391457,6,Hub
ST005541,Kerala,10.916389,76.269504,2,Standard
ST005542,Kerala,10.759537,76.354793,2,Standard
ST005543,Kerala,10.835055,76.19423,2,Standard
ST005544,Kerala,10.943106,76.208105,2,Standard
ST005545,Kerala,10.727398,76.310765,2,Standard
ST005546,Kerala,11.002474,76.224664,2,Standard
ST005547,Kerala,10.914873,76.287634,4,Standard
ST005548,Kerala,10.788671,76.282675,4,Standard
ST005549,Kerala,10.799619,76.113874,2,Standard
ST005550,Kerala,10.827361,76.074591,2,Standard
ST005551,Kerala,10.825791,76.444345,2,Standard
ST005552,Kerala,10.858052,76.199059,2,Standard
ST005553,Kerala,10.848427,76.250388,2,Standard
ST005554,Kerala,10.876545,76.167869,2,Standard
ST005555,Kerala,10.816058,76.397652,2,Standard
ST005556,Kerala,10.824124,76.238547,2,Standard
ST005557,Kerala,10.935648,76.287563,2,Standard
ST005558,Kerala,10.691637,76.196939,2,Standard
ST005559,Kerala,10.945685,76.225,2,Standard
ST005560,Kerala,10.852599,76.183264,2,Standard
ST005561,Kerala,10.849492,76.230152,2,Standard
ST005562,Kerala,10.763052,76.362983,2,Standard
ST005563,Kerala,10.994053,76.287549,2,Standard
ST005564,Kerala,10.891367,76.202526,2,Standard
ST005565,Kerala,10.68927,76.325801,2,Standard
ST005566,Kerala,10.859749,76.214217,2,Standard
ST005567,Kerala,10.789639,76.392471,2,Standard
ST005568,Kerala,10.820579,76.258552,2,Standard
ST005569,Kerala,10.784313,76.438486,2,Standard
ST005570,Kerala,10.775809,76.088598,2,Standard
ST005571,Kerala,10.8706,76.08378,2,Standard
ST005572,Kerala,10.883033,76.421928,2,Standard
ST005573,Kerala,10.983571,76.288096,8,Hub
ST005574,Kerala,10.782436,76.284402,4,Standard
ST005575,Kerala,10.961382,76.141115,2,Standard
ST005576,Kerala,10.971206,76.288126,2,Standard
ST005577,Kerala,10.794423,76.33247,2,Standard
ST005578,Kerala,10.881047,76.217184,2,Standard
ST005579,Kerala,10.884151,76.258517,2,Standard
ST005580,Kerala,10.780425,76.156389,2,Standard
ST005581,Kerala,10.849604,76.336044,2,Standard
ST005582,Kerala,10.927892,76.139858,2,Standard
ST005583,Kerala,10.799585,76.364973,2,Standard
ST005584,Kerala,10.889153,76.286878,6,Hub
ST005585,Kerala,10.833373,76.27263,4,Standard
ST005586,Kerala,10.929967,76.151491,4,Standard
ST005587,Kerala,10.980586,76.223001,2,Standard
ST005588,Kerala,10.953717,76.230534,2,Standard
ST005589,Kerala,10.692581,76.156033,2,Standard
ST005590,Kerala,10.846639,76.266304,8,Hub
ST005591,Kerala,10.820826,76.092454,2,Standard
ST005592,Kerala,10.883485,76.159089,8,Hub
ST005593,Kerala,10.756519,76.096782,2,Standard
ST005594,Kerala,10.962876,76.343074,2,Standard
ST005595,Kerala,10.823833,76.39631,2,Standard
ST005596,Kerala,10.826562,76.251892,2,Standard
ST005597,Kerala,10.883874,76.390863,4,Standard
ST005598,Kerala,10.887233,76.309356,2,Standard
ST005599,Kerala,10.883887,76.214843,4,Standard
ST005600,Kerala,10.662801,76.285208,2,Standard
ST005601,Kerala,10.86165,76.348223,2,Standard
ST005602,Kerala,10.731986,76.17742,4,Standard
ST005603,Kerala,10.999737,76.165024,2,Standard
ST005604,Kerala,10.858108,76.226072,4,Standard
ST005605,Kerala,10.926324,76.283016,2,Standard
ST005606,Kerala,10.939994,76.381449,2,Standard
ST005607,Kerala,10.845841,76.263641,2,Standard
ST005608,Kerala,10.876252,76.228535,4,Standard
ST005609,Kerala,10.728843,76.326282,2,Standard
ST005610,Kerala,10.77078,76.30897,2,Standard
ST005611,Kerala,10.924059,76.303277,4,Standard
ST005612,Kerala,10.867551,76.088861,2,Standard
ST005613,Kerala,10.777991,76.314911,4,Standard
ST005614,Kerala,10.795201,76.090837,2,Standard
ST005615,Kerala,10.841082,76.358624,2,Standard
ST005616,Kerala,10.885235,76.154213,2,Standard
ST005617,Kerala,10.94694,76.351482,2,Standard
ST005618,Kerala,10.889996,76.36519,2,Standard
ST005619,Kerala,10.678181,76.239234,2,Standard
ST005620,Kerala,10.796156,76.284149,2,Standard
ST005621,Kerala,10.871361,76.444701,2,Standard
ST005622,Kerala,10.891058,76.345997,2,Standard
ST005623,Kerala,10.909979,76.413866,2,Standard
ST005624,Kerala,10.78118,76.28236,2,Standard
ST005625,Kerala,10.740951,76.401675,4,Standard
ST005626,Kerala,10.715044,76.223508,2,Standard
ST005627,Kerala,10.994407,76.162397,2,Standard
ST005628,Kerala,10.760298,76.43888,2,Standard
ST005629,Kerala,10.924948,76.282832,2,Standard
ST005630,Kerala,10.89407,76.237653,2,Standard
ST005631,Kerala,10.841753,76.330989,4,Standard
ST005632,Kerala,10.783771,76.214243,4,Standard
ST005633,Kerala,10.82443,76.094027,2,Standard
ST005634,Kerala,10.831752,76.234758,2,Standard
ST005635,Kerala,10.898737,76.249387,2,Standard
ST005636,Kerala,10.861086,76.28565,4,Standard
ST005637,Kerala,10.829528,76.262276,2,Standard
ST005638,Kerala,10.889104,76.31704,6,Hub
ST005639,Kerala,10.826624,76.389566,2,Standard
ST005640,Kerala,10.912502,76.132025,6,Hub
ST005641,Kerala,10.846655,76.320011,4,Standard
ST005642,Kerala,10.852109,76.270749,2,Standard
ST005643,Kerala,10.879571,76.243704,2,Standard
ST005644,Kerala,10.91524,76.248836,2,Standard
ST005645,Kerala,10.718892,76.322871,4,Standard
ST005646,Kerala,10.796318,76.237818,4,Standard
ST005647,Kerala,10.712638,76.222608,2,Standard
ST005648,Kerala,10.852661,76.271689,2,Standard
ST005649,Kerala,10.825043,76.277967,4,Standard
ST005650,Kerala,10.828556,76.234341,2,Standard
ST005651,Kerala,10.814433,76.287289,4,Standard
ST005652,Kerala,10.828358,76.264138,4,Standard
ST005653,Kerala,10.860619,76.272579,4,Standard
ST005654,Kerala,10.87779,76.263033,2,Standard
ST005655,Kerala,10.846996,76.257974,2,Standard
ST005656,Kerala,10.929664,76.335063,2,Standard
ST005657,Kerala,10.664801,76.312767,6,Hub
ST005658,Kerala,10.997149,76.218132,2,Standard
ST005659,Kerala,10.777599,76.216649,2,Standard
ST005660,Kerala,10.7333,76.419905,2,Standard
ST005661,Kerala,10.758064,76.201325,2,Standard
ST005662,Kerala,10.85156,76.280379,4,Standard
ST005663,Kerala,10.909563,76.249915,2,Standard
ST005664,Kerala,10.829048,76.279192,2,Standard
ST005665,Kerala,10.85337,76.266378,2,Standard
ST005666,Kerala,10.864629,76.24686,4,Standard
ST005667,Kerala,10.960925,76.175659,2,Standard
ST005668,Kerala,10.908307,76.368385,2,Standard
ST005669,Kerala,10.836826,76.30402,2,Standard
ST005670,Kerala,10.901623,76.208653,2,Standard
ST005671,Kerala,10.823196,76.291322,2,Standard
ST005672,Kerala,10.721149,76.387963,2,Standard
ST005673,Kerala,10.726326,76.415332,2,Standard
ST005674,Kerala,10.877846,76.261508,2,Standard
ST005675,Kerala,10.926589,76.425951,2,Standard
ST005676,Kerala,10.849816,76.271646,4,Standard
ST005677,Kerala,10.832639,76.389284,2,Standard
ST005678,Kerala,10.858627,76.24569,2,Standard
ST005679,Kerala,10.992196,76.389135,2,Standard
ST005680,Kerala,10.851351,76.153147,4,Standard
ST005681,Kerala,10.860815,76.185952,2,Standard
ST005682,Kerala,10.854449,76.196844,8,Hub
ST005683,Lakshadweep,10.333409,72.930302,2,Standard
ST005684,Madhya Pradesh,22.801598,78.75181,2,Standard
ST005685,Madhya Pradesh,22.865527,78.806388,2,Standard
ST005686,Madhya Pradesh,23.017543,78.637123,2,Standard
ST005687,Madhya Pradesh,22.999243,78.57423,2,Standard
ST005688,Madhya Pradesh,23.051605,78.612309,2,Standard
ST005689,Madhya Pradesh,22.970058,78.563566,2,Standard
ST005690,Madhya Pradesh,22.978943,78.696383,2,Standard
ST005691,Madhya Pradesh,22.838585,78.725132,4,Standard
ST005692,Madhya Pradesh,22.864613,78.572438,2,Standard
ST005693,Madhya Pradesh,22.953977,78.751208,2,Standard
ST005694,Madhya Pradesh,23.130586,78.70192,2,Standard
ST005695,Madhya Pradesh,23.054612,78.651735,2,Standard
ST005696,Madhya Pradesh,23.007278,78.659237,2,Standard
ST005697,Madhya Pradesh,22.903027,78.556734,2,Standard
ST005698,Madhya Pradesh,22.985367,78.607553,2,Standard
ST005699,Madhya Pradesh,22.985171,78.519808,2,Standard
ST005700,Madhya Pradesh,22.92521,78.754778,4,Standard
ST005701,Madhya Pradesh,23.027849,78.729204,2,Standard
ST005702,Madhya Pradesh,23.035239,78.599699,2,Standard
ST005703,Madhya Pradesh,23.036383,78.557055,2,Standard
ST005704,Madhya Pradesh,23.014907,78.765457,6,Hub
ST005705,Madhya Pradesh,22.893728,78.653903,2,Standard
ST005706,Madhya Pradesh,23.034286,78.71381,2,Standard
ST005707,Madhya Pradesh,22.991125,78.66562,2,Standard
ST005708,Madhya Pradesh,22.920651,78.687687,2,Standard
ST005709,Madhya Pradesh,23.040468,78.623016,2,Standard
ST005710,Madhya Pradesh,22.978634,78.55098,2,Standard
ST005711,Madhya Pradesh,22.958599,78.607027,6,Hub
ST005712,Madhya Pradesh,23.072433,78.619055,2,Standard
ST005713,Madhya Pradesh,23.009103,78.593216,2,Standard
ST005714,Madhya Pradesh,23.082304,78.736244,2,Standard
ST005715,Madhya Pradesh,23.068346,78.661533,4,Standard
ST005716,Madhya Pradesh,23.01753,78.774359,2,Standard
ST005717,Madhya Pradesh,23.065505,78.644923,2,Standard
ST005718,Madhya Pradesh,23.015191,78.56434,2,Standard
ST005719,Madhya Pradesh,22.787379,78.661763,2,Standard
ST005720,Madhya Pradesh,23.094472,78.556696,4,Standard
ST005721,Madhya Pradesh,22.942165,78.76133,6,Hub
ST005722,Madhya Pradesh,22.987896,78.744492,2,Standard
ST005723,Madhya Pradesh,22.80789,78.673371,2,Standard
ST005724,Madhya Pradesh,23.03925,78.6065,4,Standard
ST005725,Madhya Pradesh,23.144689,78.676033,2,Standard
ST005726,Madhya Pradesh,23.030367,78.767463,2,Standard
ST005727,Madhya Pradesh,23.05232,78.669385,2,Standard
ST005728,Madhya Pradesh,22.99346,78.655126,2,Standard
ST005729,Madhya Pradesh,22.918896,78.685237,6,Hub
ST005730,Madhya Pradesh,23.117257,78.559251,2,Standard
ST005731,Madhya Pradesh,22.974654,78.673089,2,Standard
ST005732,Madhya Pradesh,22.926474,78.608695,2,Standard
ST005733,Madhya Pradesh,22.970379,78.651231,4,Standard
ST005734,Madhya Pradesh,23.065212,78.758953,2,Standard
ST005735,Madhya Pradesh,23.013576,78.823646,2,Standard
ST005736,Madhya Pradesh,23.013609,78.672409,4,Standard
ST005737,Madhya Pradesh,23.060012,78.656116,2,Standard
ST005738,Madhya Pradesh,22.96276,78.621951,2,Standard
ST005739,Madhya Pradesh,22.861429,78.564425,2,Standard
ST005740,Madhya Pradesh,22.908062,78.809261,2,Standard
ST005741,Madhya Pradesh,22.911435,78.609815,6,Hub
ST005742,Madhya Pradesh,22.865531,78.616029,2,Standard
ST005743,Madhya Pradesh,23.014168,78.726367,8,Hub
ST005744,Madhya Pradesh,22.928988,78.723657,2,Standard
ST005745,Madhya Pradesh,22.980132,78.560627,6,Hub
ST005746,Madhya Pradesh,23.028054,78.635387,2,Standard
ST005747,Madhya Pradesh,22.837574,78.736419,2,Standard
ST005748,Madhya Pradesh,22.868537,78.625701,2,Standard
ST005749,Madhya Pradesh,23.048684,78.68312,2,Standard
ST005750,Madhya Pradesh,22.947436,78.855073,2,Standard
ST005751,Madhya Pradesh,22.909982,78.822041,2,Standard
ST005752,Madhya Pradesh,22.942917,78.59591,2,Standard
ST005753,Madhya Pradesh,22.811543,78.611488,2,Standard
ST005754,Madhya Pradesh,22.997244,78.63544,2,Standard
ST005755,Madhya Pradesh,22.937628,78.713604,2,Standard
ST005756,Madhya Pradesh,23.088897,78.688142,4,Standard
ST005757,Madhya Pradesh,23.020106,78.596547,2,Standard
ST005758,Madhya Pradesh,22.965546,78.531606,4,Standard
ST005759,Madhya Pradesh,22.95337,78.676767,2,Standard
ST005760,Madhya Pradesh,22.930193,78.491539,8,Hub
ST005761,Madhya Pradesh,22.971998,78.653611,2,Standard
ST005762,Madhya Pradesh,22.976326,78.670484,6,Hub
ST005763,Madhya Pradesh,22.83666,78.59215,2,Standard
ST005764,Madhya Pradesh,23.1022,78.764245,2,Standard
ST005765,Madhya Pradesh,22.843714,78.609741,4,Standard
ST005766,Madhya Pradesh,22.989867,78.653909,2,Standard
ST005767,Madhya Pradesh,22.993917,78.642233,2,Standard
ST005768,Madhya Pradesh,22.840196,78.762988,4,Standard
ST005769,Madhya Pradesh,23.057608,78.600637,2,Standard
ST005770,Madhya Pradesh,22.855815,78.577953,2,Standard
ST005771,Madhya Pradesh,22.985475,78.63581,2,Standard
ST005772,Madhya Pradesh,23.008873,78.56742,2,Standard
ST005773,Madhya Pradesh,22.892667,78.682782,4,Standard
ST005774,Madhya Pradesh,22.784706,78.645967,2,Standard
ST005775,Madhya Pradesh,22.791442,78.60004,2,Standard
ST005776,Madhya Pradesh,23.034825,78.788056,2,Standard
ST005777,Madhya Pradesh,23.025173,78.531328,2,Standard
ST005778,Madhya Pradesh,22.884985,78.586591,6,Hub
ST005779,Madhya Pradesh,23.078886,78.530897,2,Standard
ST005780,Madhya Pradesh,23.095435,78.774847,2,Standard
ST005781,Madhya Pradesh,22.929878,78.682984,2,Standard
ST005782,Madhya Pradesh,23.032457,78.593828,4,Standard
ST005783,Madhya Pradesh,22.992289,78.607722,2,Standard
ST005784,Madhya Pradesh,23.072462,78.659346,2,Standard
ST005785,Madhya Pradesh,23.095333,78.745757,2,Standard
ST005786,Madhya Pradesh,22.958928,78.744441,2,Standard
ST005787,Madhya Pradesh,23.022371,78.686712,2,Standard
ST005788,Madhya Pradesh,22.97936,78.627174,2,Standard
ST005789,Madhya Pradesh,22.862918,78.510406,4,Standard
ST005790,Madhya Pradesh,22.904186,78.510204,4,Standard
ST005791,Madhya Pradesh,23.012244,78.688614,4,Standard
ST005792,Madhya Pradesh,23.086154,78.568914,2,Standard
ST005793,Madhya Pradesh,22.888493,78.554849,2,Standard
ST005794,Madhya Pradesh,22.965753,78.661475,2,Standard
ST005795,Madhya Pradesh,23.002546,78.524323,2,Standard
ST005796,Madhya Pradesh,22.796069,78.6875,2,Standard
ST005797,Madhya Pradesh,22.943067,78.707347,4,Standard
ST005798,Madhya Pradesh,23.08454,78.542639,2,Standard
ST005799,Madhya Pradesh,22.947369,78.654443,4,Standard
ST005800,Madhya Pradesh,23.001973,78.784998,2,Standard
ST005801,Madhya Pradesh,22.847882,78.767501,2,Standard
ST005802,Madhya Pradesh,23.126627,78.607066,2,Standard
ST005803,Madhya Pradesh,22.860093,78.766639,4,Standard
ST005804,Madhya Pradesh,22.953512,78.683758,4,Standard
ST005805,Madhya Pradesh,23.048852,78.672967,2,Standard
ST005806,Madhya Pradesh,23.012687,78.629677,2,Standard
ST005807,Madhya Pradesh,23.025741,78.843669,4,Standard
ST005808,Madhya Pradesh,23.128621,78.681489,2,Standard
ST005809,Madhya Pradesh,22.970149,78.663656,2,Standard
ST005810,Madhya Pradesh,22.997686,78.643109,2,Standard
ST005811,Madhya Pradesh,22.921464,78.639381,2,Standard
ST005812,Madhya Pradesh,22.982559,78.660876,2,Standard
ST005813,Madhya Pradesh,22.984074,78.666377,4,Standard
ST005814,Madhya Pradesh,22.979838,78.56,2,Standard
ST005815,Madhya Pradesh,22.927289,78.726722,2,Standard
ST005816,Madhya Pradesh,23.137698,78.578255,2,Standard
ST005817,Madhya Pradesh,22.935537,78.484062,2,Standard
ST005818,Madhya Pradesh,22.941099,78.725939,2,Standard
ST005819,Madhya Pradesh,22.879178,78.575177,2,Standard
ST005820,Madhya Pradesh,22.893798,78.666094,2,Standard
ST005821,Madhya Pradesh,23.137006,78.642658,2,Standard
ST005822,Madhya Pradesh,22.839912,78.714685,2,Standard
ST005823,Madhya Pradesh,22.970944,78.676783,2,Standard
ST005824,Madhya Pradesh,22.925037,78.721371,2,Standard
ST005825,Madhya Pradesh,23.13548,78.673802,2,Standard
ST005826,Madhya Pradesh,22.89986,78.746718,2,Standard
ST005827,Madhya Pradesh,23.004688,78.672586,2,Standard
ST005828,Madhya Pradesh,23.067051,78.579121,2,Standard
ST005829,Madhya Pradesh,23.163483,78.595513,2,Standard
ST005830,Madhya Pradesh,22.931985,78.699983,2,Standard
ST005831,Madhya Pradesh,23.099111,78.501705,2,Standard
ST005832,Madhya Pradesh,22.864277,78.541219,2,Standard
ST005833,Madhya Pradesh,22.987482,78.587241,4,Standard
ST005834,Madhya Pradesh,22.824603,78.581941,4,Standard
ST005835,Madhya Pradesh,22.971795,78.652983,4,Standard
ST005836,Madhya Pradesh,22.958425,78.681612,2,Standard
ST005837,Madhya Pradesh,22.992738,78.836962,4,Standard
ST005838,Madhya Pradesh,23.016184,78.666999,2,Standard
ST005839,Madhya Pradesh,22.928293,78.771735,2,Standard
ST005840,Madhya Pradesh,22.930744,78.647618,2,Standard
ST005841,Madhya Pradesh,22.997702,78.697549,6,Hub
ST005842,Madhya Pradesh,22.919171,78.656038,2,Standard
ST005843,Madhya Pradesh,23.061191,78.626906,4,Standard
ST005844,Madhya Pradesh,23.109413,78.709565,2,Standard
ST005845,Madhya Pradesh,22.911268,78.771885,4,Standard
ST005846,Madhya Pradesh,22.952296,78.769081,4,Standard
ST005847,Madhya Pradesh,22.99915,78.473093,4,Standard
ST005848,Madhya Pradesh,22.968722,78.723708,2,Standard
ST005849,Madhya Pradesh,22.792619,78.698185,4,Standard
ST005850,Madhya Pradesh,22.988034,78.646461,6,Hub
ST005851,Madhya Pradesh,23.040359,78.729959,2,Standard
ST005852,Madhya Pradesh,23.027579,78.699815,2,Standard
ST005853,Madhya Pradesh,23.049211,78.75905,2,Standard
ST005854,Madhya Pradesh,23.162794,78.594698,2,Standard
ST005855,Madhya Pradesh,22.888559,78.741485,4,Standard
ST005856,Madhya Pradesh,22.987946,78.638453,2,Standard
ST005857,Madhya Pradesh,22.943091,78.580956,2,Standard
ST005858,Madhya Pradesh,22.995315,78.734412,2,Standard
ST005859,Madhya Pradesh,23.096939,78.720788,2,Standard
ST005860,Madhya Pradesh,22.972327,78.719172,2,Standard
ST005861,Madhya Pradesh,23.098655,78.776134,4,Standard
ST005862,Madhya Pradesh,22.859068,78.661612,2,Standard
ST005863,Madhya Pradesh,22.898991,78.622209,4,Standard
ST005864,Madhya Pradesh,23.026051,78.796316,4,Standard
ST005865,Madhya Pradesh,22.987899,78.671779,2,Standard
ST005866,Madhya Pradesh,22.96305,78.616435,2,Standard
ST005867,Madhya Pradesh,22.94021,78.745962,2,Standard
ST005868,Madhya Pradesh,22.8388,78.701242,2,Standard
ST005869,Madhya Pradesh,22.881375,78.566671,2,Standard
ST005870,Madhya Pradesh,22.960295,78.599864,2,Standard
ST005871,Madhya Pradesh,22.934944,78.735607,6,Hub
ST005872,Madhya Pradesh,22.903814,78.841187,2,Standard
ST005873,Madhya Pradesh,22.986298,78.6266,2,Standard
ST005874,Madhya Pradesh,22.981951,78.657201,6,Hub
ST005875,Madhya Pradesh,22.974252,78.679742,4,Standard
ST005876,Madhya Pradesh,22.805552,78.621218,4,Standard
ST005877,Madhya Pradesh,22.969814,78.613928,4,Standard
ST005878,Madhya Pradesh,22.891485,78.716968,2,Standard
ST005879,Madhya Pradesh,23.035382,78.500941,4,Standard
ST005880,Madhya Pradesh,23.059297,78.602174,6,Hub
ST005881,Madhya Pradesh,22.96573,78.635897,2,Standard
ST005882,Madhya Pradesh,22.927788,78.637064,2,Standard
ST005883,Madhya Pradesh,22.858083,78.709652,2,Standard
ST005884,Madhya Pradesh,22.972942,78.667327,2,Standard
ST005885,Madhya Pradesh,22.977823,78.657185,2,Standard
ST005886,Madhya Pradesh,22.995441,78.658057,2,Standard
ST005887,Madhya Pradesh,22.97632,78.701048,2,Standard
ST005888,Madhya Pradesh,23.034391,78.651829,2,Standard
ST005889,Madhya Pradesh,23.049372,78.735219,2,Standard
ST005890,Madhya Pradesh,23.058494,78.551308,4,Standard
ST005891,Madhya Pradesh,22.94133,78.764548,2,Standard
ST005892,Madhya Pradesh,22.941505,78.514815,2,Standard
ST005893,Madhya Pradesh,22.886197,78.506141,2,Standard
ST005894,Madhya Pradesh,23.052718,78.572547,2,Standard
ST005895,Madhya Pradesh,22.857347,78.711638,2,Standard
ST005896,Madhya Pradesh,22.97387,78.655872,2,Standard
ST005897,Madhya Pradesh,23.009933,78.655061,4,Standard
ST005898,Madhya Pradesh,22.802032,78.689312,2,Standard
ST005899,Madhya Pradesh,22.988294,78.751089,2,Standard
ST005900,Madhya Pradesh,23.026548,78.71537,2,Standard
ST005901,Madhya Pradesh,23.005544,78.722136,2,Standard
ST005902,Madhya Pradesh,22.834306,78.798704,4,Standard
ST005903,Madhya Pradesh,22.996345,78.656152,2,Standard
ST005904,Madhya Pradesh,22.971843,78.646669,4,Standard
ST005905,Madhya Pradesh,22.994089,78.660872,2,Standard
ST005906,Madhya Pradesh,23.157165,78.616412,2,Standard
ST005907,Madhya Pradesh,22.984558,78.687248,4,Standard
ST005908,Madhya Pradesh,22.979528,78.759827,4,Standard
ST005909,Madhya Pradesh,22.933264,78.638104,4,Standard
ST005910,Madhya Pradesh,22.975975,78.595043,2,Standard
ST005911,Madhya Pradesh,23.089335,78.595171,4,Standard
ST005912,Madhya Pradesh,22.827883,78.718409,2,Standard
ST005913,Madhya Pradesh,22.997445,78.604013,4,Standard
ST005914,Madhya Pradesh,22.873382,78.81513,2,Standard
ST005915,Madhya Pradesh,22.977703,78.664149,2,Standard
ST005916,Madhya Pradesh,22.819789,78.702519,4,Standard
ST005917,Madhya Pradesh,22.998361,78.474696,2,Standard
ST005918,Madhya Pradesh,22.953821,78.652755,2,Standard
ST005919,Madhya Pradesh,22.841273,78.574569,4,Standard
ST005920,Madhya Pradesh,23.002163,78.676008,2,Standard
ST005921,Madhya Pradesh,23.091777,78.66606,2,Standard
ST005922,Madhya Pradesh,23.074975,78.569298,2,Standard
ST005923,Madhya Pradesh,22.985927,78.65548,2,Standard
ST005924,Madhya Pradesh,23.1069,78.563701,2,Standard
ST005925,Madhya Pradesh,22.896926,78.835958,2,Standard
ST005926,Madhya Pradesh,22.931404,78.829732,2,Standard
ST005927,Madhya Pradesh,23.084348,78.55369,2,Standard
ST005928,Madhya Pradesh,22.951283,78.64758,2,Standard
ST005929,Madhya Pradesh,22.903476,78.642661,2,Standard
ST005930,Madhya Pradesh,23.01315,78.510577,2,Standard
ST005931,Madhya Pradesh,22.97591,78.65532,4,Standard
ST005932,Madhya Pradesh,23.04151,78.482001,2,Standard
ST005933,Madhya Pradesh,22.979765,78.631651,2,Standard
ST005934,Madhya Pradesh,22.977037,78.658938,2,Standard
ST005935,Madhya Pradesh,22.886471,78.56578,4,Standard
ST005936,Madhya Pradesh,23.05274,78.650362,2,Standard
ST005937,Madhya Pradesh,22.91193,78.765609,4,Standard
ST005938,Madhya Pradesh,23.059095,78.490292,2,Standard
ST005939,Madhya Pradesh,23.001358,78.576275,2,Standard
ST005940,Madhya Pradesh,22.860075,78.528497,2,Standard
ST005941,Madhya Pradesh,22.930138,78.659455,4,Standard
ST005942,Madhya Pradesh,22.973415,78.656928,2,Standard
ST005943,Madhya Pradesh,22.968995,78.635122,2,Standard
ST005944,Madhya Pradesh,22.975706,78.716431,2,Standard
ST005945,Madhya Pradesh,22.899468,78.627424,2,Standard
ST005946,Madhya Pradesh,22.968328,78.646995,2,Standard
ST005947,Madhya Pradesh,23.044468,78.727027,2,Standard
ST005948,Madhya Pradesh,22.942657,78.707448,2,Standard
ST005949,Madhya Pradesh,23.13689,78.730136,6,Hub
ST005950,Madhya Pradesh,22.964705,78.634184,2,Standard
ST005951,Madhya Pradesh,23.152316,78.734385,4,Standard
ST005952,Madhya Pradesh,22.938409,78.581095,6,Hub
ST005953,Madhya Pradesh,22.928224,78.512537,6,Hub
ST005954,Madhya Pradesh,22.991287,78.563013,4,Standard
ST005955,Madhya Pradesh,22.971405,78.657841,4,Standard
ST005956,Madhya Pradesh,23.081441,78.603175,2,Standard
ST005957,Madhya Pradesh,23.026757,78.832911,2,Standard
ST005958,Madhya Pradesh,23.143643,78.55612,2,Standard
ST005959,Madhya Pradesh,23.113669,78.514958,2,Standard
ST005960,Madhya Pradesh,22.979023,78.825256,2,Standard
ST005961,Madhya Pradesh,22.993858,78.61549,2,Standard
ST005962,Madhya Pradesh,23.132996,78.770477,2,Standard
ST005963,Madhya Pradesh,22.92373,78.823846,4,Standard
ST005964,Madhya Pradesh,22.977604,78.657009,2,Standard
ST005965,Madhya Pradesh,22.926751,78.66706,2,Standard
ST005966,Madhya Pradesh,22.931656,78.551772,2,Standard
ST005967,Madhya Pradesh,23.002146,78.672117,2,Standard
ST005968,Madhya Pradesh,22.94509,78.68091,6,Hub
ST005969,Madhya Pradesh,22.995218,78.576597,2,Standard
ST005970,Madhya Pradesh,23.054051,78.710556,2,Standard
ST005971,Madhya Pradesh,22.9951,78.670832,2,Standard
ST005972,Madhya Pradesh,22.984615,78.828439,2,Standard
ST005973,Madhya Pradesh,23.120457,78.581519,2,Standard
ST005974,Madhya Pradesh,22.945935,78.703961,2,Standard
ST005975,Madhya Pradesh,22.835861,78.613016,2,Standard
ST005976,Madhya Pradesh,22.999691,78.655805,2,Standard
ST005977,Madhya Pradesh,23.105664,78.699226,4,Standard
ST005978,Madhya Pradesh,23.057013,78.509723,2,Standard
ST005979,Madhya Pradesh,22.890497,78.485048,2,Standard
ST005980,Madhya Pradesh,22.791074,78.644273,2,Standard
ST005981,Madhya Pradesh,23.139378,78.622867,2,Standard
ST005982,Madhya Pradesh,22.959009,78.693409,4,Standard
ST005983,Madhya Pradesh,22.886907,78.629922,2,Standard
ST005984,Madhya Pradesh,22.98779,78.643001,8,Hub
ST005985,Madhya Pradesh,22.966091,78.807082,2,Standard
ST005986,Madhya Pradesh,23.026463,78.692955,4,Standard
ST005987,Madhya Pradesh,22.878891,78.737973,2,Standard
ST005988,Madhya Pradesh,23.067326,78.801134,2,Standard
ST005989,Madhya Pradesh,22.799868,78.716262,2,Standard
ST005990,Madhya Pradesh,22.919509,78.66793,2,Standard
ST005991,Madhya Pradesh,22.973871,78.657483,2,Standard
ST005992,Madhya Pradesh,22.952405,78.652599,2,Standard
ST005993,Madhya Pradesh,22.881782,78.731033,4,Standard
ST005994,Madhya Pradesh,22.967769,78.691489,2,Standard
ST005995,Madhya Pradesh,23.002695,78.469822,2,Standard
ST005996,Madhya Pradesh,22.998524,78.67526,4,Standard
ST005997,Madhya Pradesh,22.98072,78.655021,2,Standard
ST005998,Madhya Pradesh,22.97432,78.65677,4,Standard
ST005999,Madhya Pradesh,23.016497,78.613076,2,Standard
ST006000,Madhya Pradesh,23.032128,78.633043,2,Standard
ST006001,Madhya Pradesh,22.964345,78.643701,2,Standard
ST006002,Madhya Pradesh,22.980854,78.811456,4,Standard
ST006003,Madhya Pradesh,22.790813,78.62363,4,Standard
ST006004,Madhya Pradesh,22.81658,78.732202,8,Hub
ST006005,Madhya Pradesh,22.787537,78.718642,2,Standard
ST006006,Madhya Pradesh,23.037142,78.640463,4,Standard
ST006007,Madhya Pradesh,23.101209,78.545533,2,Standard
ST006008,Madhya Pradesh,23.003934,78.777967,2,Standard
ST006009,Madhya Pradesh,23.123593,78.730692,4,Standard
ST006010,Madhya Pradesh,22.979866,78.669501,2,Standard
ST006011,Madhya Pradesh,22.879959,78.724593,2,Standard
ST006012,Madhya Pradesh,23.092744,78.502877,2,Standard
ST006013,Madhya Pradesh,22.962174,78.661386,4,Standard
ST006014,Madhya Pradesh,22.972772,78.543867,2,Standard
ST006015,Madhya Pradesh,22.914832,78.676792,2,Standard
ST006016,Madhya Pradesh,22.905672,78.655879,8,Hub
ST006017,Madhya Pradesh,22.978191,78.548227,2,Standard
ST006018,Madhya Pradesh,23.051156,78.580929,2,Standard
ST006019,Madhya Pradesh,22.985942,78.826656,2,Standard
ST006020,Madhya Pradesh,22.934677,78.642346,4,Standard
ST006021,Madhya Pradesh,22.922339,78.606788,2,Standard
ST006022,Madhya Pradesh,23.024078,78.581727,2,Standard
ST006023,Madhya Pradesh,22.970582,78.638002,2,Standard
ST006024,Madhya Pradesh,22.817245,78.776425,2,Standard
ST006025,Maharashtra,19.762987,75.684046,2,Standard
ST006026,Maharashtra,19.740051,75.778862,2,Standard
ST006027,Maharashtra,19.662791,75.591212,2,Standard
ST006028,Maharashtra,19.751197,75.611926,4,Standard
ST006029,Maharashtra,19.784098,75.63279,2,Standard
ST006030,Maharashtra,19.831884,75.793161,6,Hub
ST006031,Maharashtra,19.903029,75.667076,2,Standard
ST006032,Maharashtra,19.637635,75.652507,2,Standard
ST006033,Maharashtra,19.829144,75.677698,2,Standard
ST006034,Maharashtra,19.655845,75.884341,4,Standard
ST006035,Maharashtra,19.79375,75.665021,2,Standard
ST006036,Maharashtra,19.670625,75.732629,8,Hub
ST006037,Maharashtra,19.864977,75.868236,2,Standard
ST006038,Maharashtra,19.607133,75.812926,2,Standard
ST006039,Maharashtra,19.792249,75.815615,2,Standard
ST006040,Maharashtra,19.902615,75.736824,2,Standard
ST006041,Maharashtra,19.642206,75.652995,2,Standard
ST006042,Maharashtra,19.791499,75.727376,2,Standard
ST006043,Maharashtra,19.803095,75.739916,2,Standard
ST006044,Maharashtra,19.672666,75.632612,2,Standard
ST006045,Maharashtra,19.667812,75.642742,2,Standard
ST006046,Maharashtra,19.744449,75.76229,2,Standard
ST006047,Maharashtra,19.862142,75.842722,2,Standard
ST006048,Maharashtra,19.72375,75.688973,2,Standard
ST006049,Maharashtra,19.828603,75.870561,2,Standard
ST006050,Maharashtra,19.745479,75.582158,4,Standard
ST006051,Maharashtra,19.707823,75.742841,2,Standard
ST006052,Maharashtra,19.909621,75.69337,4,Standard
ST006053,Maharashtra,19.697319,75.874521,2,Standard
ST006054,Maharashtra,19.754833,75.654577,2,Standard
ST006055,Maharashtra,19.7182,75.73046,2,Standard
ST006056,Maharashtra,19.862268,75.806776,2,Standard
ST006057,Maharashtra,19.73349,75.87692,2,Standard
ST006058,Maharashtra,19.766818,75.713477,2,Standard
ST006059,Maharashtra,19.593384,75.740948,2,Standard
ST006060,Maharashtra,19.788329,75.56643,2,Standard
ST006061,Maharashtra,19.698611,75.78767,4,Standard
ST006062,Maharashtra,19.590373,75.604445,2,Standard
ST006063,Maharashtra,19.665058,75.877043,2,Standard
ST006064,Maharashtra,19.7275,75.910254,8,Hub
ST006065,Maharashtra,19.706975,75.63259,2,Standard
ST006066,Maharashtra,19.710252,75.67827,2,Standard
ST006067,Maharashtra,19.748064,75.736349,4,Standard
ST006068,Maharashtra,19.803932,75.759572,2,Standard
ST006069,Maharashtra,19.761311,75.592702,2,Standard
ST006070,Maharashtra,19.88775,75.816312,2,Standard
ST006071,Maharashtra,19.597007,75.599613,2,Standard
ST006072,Maharashtra,19.734658,75.683179,2,Standard
ST006073,Maharashtra,19.623556,75.735168,2,Standard
ST006074,Maharashtra,19.754435,75.714427,2,Standard
ST006075,Maharashtra,19.786093,75.750462,2,Standard
ST006076,Maharashtra,19.663408,75.755658,4,Standard
ST006077,Maharashtra,19.838627,75.8166,4,Standard
ST006078,Maharashtra,19.703029,75.68045,4,Standard
ST006079,Maharashtra,19.766972,75.715231,4,Standard
ST006080,Maharashtra,19.727564,75.733276,2,Standard
ST006081,Maharashtra,19.661652,75.801717,4,Standard
ST006082,Maharashtra,19.707286,75.700378,2,Standard
ST006083,Maharashtra,19.683226,75.815979,2,Standard
ST006084,Maharashtra,19.848145,75.598345,2,Standard
ST006085,Maharashtra,19.683082,75.690042,2,Standard
ST006086,Maharashtra,19.635144,75.845795,4,Standard
ST006087,Maharashtra,19.94312,75.76213,2,Standard
ST006088,Maharashtra,19.681695,75.596916,2,Standard
ST006089,Maharashtra,19.869171,75.74254,2,Standard
ST006090,Maharashtra,19.730441,75.71592,2,Standard
ST006091,Maharashtra,19.720421,75.88923,4,Standard
ST006092,Maharashtra,19.672862,75.688355,8,Hub
ST006093,Maharashtra,19.879688,75.776881,2,Standard
ST006094,Maharashtra,19.715648,75.596441,2,Standard
ST006095,Maharashtra,19.664923,75.70831,2,Standard
ST006096,Maharashtra,19.71261,75.688083,4,Standard
ST006097,Maharashtra,19.861329,75.671418,2,Standard
ST006098,Maharashtra,19.717767,75.79727,4,Standard
ST006099,Maharashtra,19.76258,75.683535,2,Standard
ST006100,Maharashtra,19.715363,75.844909,4,Standard
ST006101,Maharashtra,19.688105,75.85917,2,Standard
ST006102,Maharashtra,19.855602,75.825392,2,Standard
ST006103,Maharashtra,19.75379,75.714949,2,Standard
ST006104,Maharashtra,19.844794,75.644514,4,Standard
ST006105,Maharashtra,19.723727,75.751218,4,Standard
ST006106,Maharashtra,19.675941,75.645678,2,Standard
ST006107,Maharashtra,19.947869,75.703523,2,Standard
ST006108,Maharashtra,19.692935,75.647451,4,Standard
ST006109,Maharashtra,19.615216,75.721494,4,Standard
ST006110,Maharashtra,19.804244,75.753024,2,Standard
ST006111,Maharashtra,19.764562,75.720583,2,Standard
ST006112,Maharashtra,19.783893,75.805385,2,Standard
ST006113,Maharashtra,19.772547,75.619109,4,Standard
ST006114,Maharashtra,19.743073,75.728052,2,Standard
ST006115,Maharashtra,19.699933,75.697039,2,Standard
ST006116,Maharashtra,19.604847,75.584715,2,Standard
ST006117,Maharashtra,19.783965,75.741212,2,Standard
ST006118,Maharashtra,19.560539,75.746493,2,Standard
ST006119,Maharashtra,19.776041,75.535938,2,Standard
ST006120,Maharashtra,19.651885,75.885488,2,Standard
ST006121,Maharashtra,19.759959,75.720279,4,Standard
ST006122,Maharashtra,19.865719,75.567795,6,Hub
ST006123,Maharashtra,19.770609,75.726126,2,Standard
ST006124,Maharashtra,19.771949,75.718225,2,Standard
ST006125,Maharashtra,19.800434,75.901643,2,Standard
ST006126,Maharashtra,19.674658,75.578471,4,Standard
ST006127,Maharashtra,19.768997,75.608325,4,Standard
ST006128,Maharashtra,19.78653,75.600004,2,Standard
ST006129,Maharashtra,19.707225,75.817019,4,Standard
ST006130,Maharashtra,19.590446,75.679482,2,Standard
ST006131,Maharashtra,19.833167,75.704482,2,Standard
ST006132,Maharashtra,19.753177,75.694018,2,Standard
ST006133,Maharashtra,19.763964,75.64067,4,Standard
ST006134,Maharashtra,19.821936,75.731697,2,Standard
ST006135,Maharashtra,19.733185,75.698623,6,Hub
ST006136,Maharashtra,19.765298,75.706764,4,Standard
ST006137,Maharashtra,19.87947,75.653689,2,Standard
ST006138,Maharashtra,19.713975,75.782451,2,Standard
ST006139,Maharashtra,19.744557,75.593806,2,Standard
ST006140,Maharashtra,19.71471,75.645311,4,Standard
ST006141,Maharashtra,19.554107,75.729044,2,Standard
ST006142,Maharashtra,19.770282,75.795333,2,Standard
ST006143,Maharashtra,19.71175,75.861669,4,Standard
ST006144,Maharashtra,19.756643,75.655637,4,Standard
ST006145,Maharashtra,19.753494,75.715019,2,Standard
ST006146,Maharashtra,19.677812,75.750028,4,Standard
ST006147,Maharashtra,19.845211,75.707052,2,Standard
ST006148,Maharashtra,19.744314,75.892001,2,Standard
ST006149,Maharashtra,19.631854,75.720622,2,Standard
ST006150,Maharashtra,19.814659,75.757212,4,Standard
ST006151,Maharashtra,19.862235,75.673422,2,Standard
ST006152,Maharashtra,19.681489,75.817615,2,Standard
ST006153,Maharashtra,19.797843,75.684657,2,Standard
ST006154,Maharashtra,19.559861,75.707737,8,Hub
ST006155,Maharashtra,19.818933,75.841059,2,Standard
ST006156,Maharashtra,19.649241,75.624338,2,Standard
ST006157,Maharashtra,19.714213,75.764402,2,Standard
ST006158,Maharashtra,19.734183,75.674422,2,Standard
ST006159,Maharashtra,19.71856,75.732102,2,Standard
ST006160,Maharashtra,19.945247,75.724019,4,Standard
ST006161,Maharashtra,19.575208,75.794564,2,Standard
ST006162,Maharashtra,19.826196,75.804567,8,Hub
ST006163,Maharashtra,19.799409,75.864477,2,Standard
ST006164,Maharashtra,19.756234,75.691882,2,Standard
ST006165,Maharashtra,19.784634,75.693471,2,Standard
ST006166,Maharashtra,19.601988,75.585427,2,Standard
ST006167,Maharashtra,19.892917,75.585052,6,Hub
ST006168,Maharashtra,19.739896,75.731541,2,Standard
ST006169,Maharashtra,19.789314,75.806582,2,Standard
ST006170,Maharashtra,19.759557,75.68497,2,Standard
ST006171,Maharashtra,19.716732,75.659317,2,Standard
ST006172,Maharashtra,19.679723,75.825136,2,Standard
ST006173,Maharashtra,19.592572,75.747334,2,Standard
ST006174,Maharashtra,19.839548,75.84508,4,Standard
ST006175,Maharashtra,19.787192,75.729142,2,Standard
ST006176,Maharashtra,19.656416,75.571791,2,Standard
ST006177,Maharashtra,19.750398,75.779329,2,Standard
ST006178,Maharashtra,19.710331,75.70412,4,Standard
ST006179,Maharashtra,19.809503,75.570456,2,Standard
ST006180,Maharashtra,19.808222,75.787304,2,Standard
ST006181,Maharashtra,19.761982,75.647253,2,Standard
ST006182,Maharashtra,19.74477,75.706446,2,Standard
ST006183,Maharashtra,19.727816,75.694634,2,Standard
ST006184,Maharashtra,19.785976,75.651729,4,Standard
ST006185,Maharashtra,19.718375,75.878783,6,Hub
ST006186,Maharashtra,19.826917,75.73848,2,Standard
ST006187,Maharashtra,19.712507,75.755421,2,Standard
ST006188,Maharashtra,19.879185,75.634829,2,Standard
ST006189,Maharashtra,19.883063,75.769778,4,Standard
ST006190,Maharashtra,19.57397,75.683147,2,Standard
ST006191,Maharashtra,19.707259,75.819868,4,Standard
ST006192,Maharashtra,19.653589,75.713435,4,Standard
ST006193,Maharashtra,19.711928,75.725099,2,Standard
ST006194,Maharashtra,19.754738,75.623691,2,Standard
ST006195,Maharashtra,19.8019,75.700457,2,Standard
ST006196,Maharashtra,19.674339,75.542307,2,Standard
ST006197,Maharashtra,19.661349,75.564778,2,Standard
ST006198,Maharashtra,19.785194,75.650244,2,Standard
ST006199,Maharashtra,19.726231,75.695511,2,Standard
ST006200,Maharashtra,19.706559,75.703698,4,Standard
ST006201,Maharashtra,19.747345,75.60837,2,Standard
ST006202,Maharashtra,19.705889,75.742355,2,Standard
ST006203,Maharashtra,19.765842,75.713783,4,Standard
ST006204,Maharashtra,19.793334,75.725645,2,Standard
ST006205,Maharashtra,19.944122,75.678499,2,Standard
ST006206,Maharashtra,19.652495,75.568361,2,Standard
ST006207,Maharashtra,19.795146,75.903346,2,Standard
ST006208,Maharashtra,19.764117,75.729707,2,Standard
ST006209,Maharashtra,19.838797,75.788185,6,Hub
ST006210,Maharashtra,19.765682,75.641951,4,Standard
ST006211,Maharashtra,19.837547,75.701872,2,Standard
ST006212,Maharashtra,19.806065,75.789449,6,Hub
ST006213,Maharashtra,19.679721,75.563727,4,Standard
ST006214,Maharashtra,19.63674,75.744314,2,Standard
ST006215,Maharashtra,19.737449,75.842317,2,Standard
ST006216,Maharashtra,19.761273,75.713036,2,Standard
ST006217,Maharashtra,19.836566,75.640346,2,Standard
ST006218,Maharashtra,19.748982,75.904861,2,Standard
ST006219,Maharashtra,19.685524,75.720826,2,Standard
ST006220,Maharashtra,19.771899,75.758331,2,Standard
ST006221,Maharashtra,19.812617,75.607295,2,Standard
ST006222,Maharashtra,19.79117,75.689845,2,Standard
ST006223,Maharashtra,19.752382,75.71474,2,Standard
ST006224,Maharashtra,19.552082,75.704041,2,Standard
ST006225,Maharashtra,19.730594,75.655872,2,Standard
ST006226,Maharashtra,19.863336,75.604646,6,Hub
ST006227,Maharashtra,19.914106,75.729699,2,Standard
ST006228,Maharashtra,19.742155,75.742339,2,Standard
ST006229,Maharashtra,19.765386,75.806582,2,Standard
ST006230,Maharashtra,19.700042,75.740173,2,Standard
ST006231,Maharashtra,19.823072,75.8485,2,Standard
ST006232,Maharashtra,19.906758,75.70424,2,Standard
ST006233,Maharashtra,19.737564,75.760836,2,Standard
ST006234,Maharashtra,19.757016,75.740677,2,Standard
ST006235,Maharashtra,19.636663,75.675523,2,Standard
ST006236,Maharashtra,19.713958,75.58314,2,Standard
ST006237,Maharashtra,19.734135,75.777639,2,Standard
ST006238,Maharashtra,19.722346,75.650382,2,Standard
ST006239,Maharashtra,19.768921,75.786712,4,Standard
ST006240,Maharashtra,19.749057,75.731393,2,Standard
ST006241,Maharashtra,19.833828,75.564454,2,Standard
ST006242,Maharashtra,19.753947,75.726621,2,Standard
ST006243,Maharashtra,19.748533,75.671698,6,Hub
ST006244,Maharashtra,19.741442,75.721861,2,Standard
ST006245,Maharashtra,19.775057,75.870721,2,Standard
ST006246,Maharashtra,19.765382,75.674879,2,Standard
ST006247,Maharashtra,19.737701,75.73693,2,Standard
ST006248,Maharashtra,19.928772,75.803067,2,Standard
ST006249,Maharashtra,19.690894,75.624002,6,Hub
ST006250,Maharashtra,19.767835,75.546681,2,Standard
ST006251,Maharashtra,19.752654,75.7108,4,Standard
ST006252,Maharashtra,19.80215,75.834692,2,Standard
ST006253,Maharashtra,19.611895,75.85218,4,Standard
ST006254,Maharashtra,19.654535,75.548984,2,Standard
ST006255,Maharashtra,19.8034,75.878713,2,Standard
ST006256,Maharashtra,19.665714,75.892255,4,Standard
ST006257,Maharashtra,19.808094,75.800279,2,Standard
ST006258,Maharashtra,19.774513,75.630488,6,Hub
ST006259,Maharashtra,19.558182,75.753195,2,Standard
ST006260,Maharashtra,19.643748,75.76854,8,Hub
ST006261,Maharashtra,19.910148,75.770499,2,Standard
ST006262,Maharashtra,19.703255,75.649079,4,Standard
ST006263,Maharashtra,19.869224,75.725902,2,Standard
ST006264,Maharashtra,19.75174,75.713919,2,Standard
ST006265,Maharashtra,19.723316,75.688705,2,Standard
ST006266,Maharashtra,19.798153,75.835941,4,Standard
ST006267,Maharashtra,19.810647,75.734649,2,Standard
ST006268,Maharashtra,19.820038,75.80753,2,Standard
ST006269,Maharashtra,19.675575,75.591275,2,Standard
ST006270,Maharashtra,19.750913,75.73174,2,Standard
ST006271,Maharashtra,19.826525,75.754341,2,Standard
ST006272,Maharashtra,19.792549,75.699367,4,Standard
ST006273,Maharashtra,19.750646,75.73406,2,Standard
ST006274,Maharashtra,19.644358,75.630176,2,Standard
ST006275,Maharashtra,19.644181,75.579198,6,Hub
ST006276,Maharashtra,19.724706,75.716191,2,Standard
ST006277,Maharashtra,19.719032,75.842346,2,Standard
ST006278,Maharashtra,19.671015,75.644613,2,Standard
ST006279,Maharashtra,19.69938,75.597563,4,Standard
ST006280,Maharashtra,19.837602,75.634383,2,Standard
ST006281,Maharashtra,19.760391,75.66496,2,Standard
ST006282,Maharashtra,19.672814,75.551522,2,Standard
ST006283,Maharashtra,19.634144,75.816407,2,Standard
ST006284,Maharashtra,19.749622,75.702144,4,Standard
ST006285,Maharashtra,19.728803,75.70114,2,Standard
ST006286,Maharashtra,19.910372,75.680811,2,Standard
ST006287,Maharashtra,19.770289,75.729389,4,Standard
ST006288,Maharashtra,19.694322,75.675318,2,Standard
ST006289,Maharashtra,19.857233,75.737469,2,Standard
ST006290,Maharashtra,19.7361,75.726995,6,Hub
ST006291,Maharashtra,19.810151,75.540537,4,Standard
ST006292,Maharashtra,19.758313,75.549557,6,Hub
ST006293,Maharashtra,19.762517,75.76545,4,Standard
ST006294,Maharashtra,19.790922,75.861747,2,Standard
ST006295,Maharashtra,19.887259,75.667816,4,Standard
ST006296,Maharashtra,19.84542,75.627318,2,Standard
ST006297,Maharashtra,19.686694,75.769137,4,Standard
ST006298,Maharashtra,19.7571,75.716768,4,Standard
ST006299,Maharashtra,19.722044,75.63131,2,Standard
ST006300,Maharashtra,19.645916,75.677962,2,Standard
ST006301,Maharashtra,19.735209,75.807674,2,Standard
ST006302,Maharashtra,19.675122,75.728092,4,Standard
ST006303,Maharashtra,19.790265,75.632419,4,Standard
ST006304,Maharashtra,19.60905,75.605335,2,Standard
ST006305,Maharashtra,19.870301,75.581234,2,Standard
ST006306,Maharashtra,19.750623,75.720841,4,Standard
ST006307,Maharashtra,19.747627,75.769507,2,Standard
ST006308,Maharashtra,19.860854,75.643884,2,Standard
ST006309,Maharashtra,19.775086,75.727197,2,Standard
ST006310,Maharashtra,19.821926,75.818482,4,Standard
ST006311,Maharashtra,19.735765,75.542693,4,Standard
ST006312,Maharashtra,19.789067,75.6992,2,Standard
ST006313,Maharashtra,19.73387,75.758615,2,Standard
ST006314,Maharashtra,19.635994,75.855755,2,Standard
ST006315,Maharashtra,19.620001,75.646781,4,Standard
ST006316,Maharashtra,19.74574,75.714258,2,Standard
ST006317,Maharashtra,19.850451,75.756127,2,Standard
ST006318,Maharashtra,19.743109,75.671659,2,Standard
ST006319,Maharashtra,19.723032,75.554286,4,Standard
ST006320,Maharashtra,19.624511,75.792382,2,Standard
ST006321,Maharashtra,19.639757,75.79084,2,Standard
ST006322,Maharashtra,19.768925,75.516281,4,Standard
ST006323,Maharashtra,19.705123,75.781777,8,Hub
ST006324,Maharashtra,19.772139,75.749112,2,Standard
ST006325,Maharashtra,19.687635,75.541969,2,Standard
ST006326,Maharashtra,19.723134,75.736016,2,Standard
ST006327,Maharashtra,19.731591,75.802706,2,Standard
ST006328,Maharashtra,19.739697,75.7591,2,Standard
ST006329,Maharashtra,19.751362,75.712337,2,Standard
ST006330,Maharashtra,19.597545,75.675164,2,Standard
ST006331,Maharashtra,19.739218,75.833932,4,Standard
ST006332,Maharashtra,19.687596,75.599538,2,Standard
ST006333,Maharashtra,19.686158,75.737031,2,Standard
ST006334,Maharashtra,19.829473,75.583785,2,Standard
ST006335,Maharashtra,19.742581,75.732473,2,Standard
ST006336,Maharashtra,19.768468,75.722121,2,Standard
ST006337,Maharashtra,19.742537,75.70876,4,Standard
ST006338,Maharashtra,19.673254,75.842624,2,Standard
ST006339,Maharashtra,19.70951,75.860673,2,Standard
ST006340,Maharashtra,19.7501,75.664755,2,Standard
ST006341,Maharashtra,19.731658,75.565667,2,Standard
ST006342,Maharashtra,19.717853,75.739178,2,Standard
ST006343,Maharashtra,19.568864,75.689345,2,Standard
ST006344,Maharashtra,19.729391,75.687305,4,Standard
ST006345,Maharashtra,19.716466,75.635972,4,Standard
ST006346,Maharashtra,19.628303,75.634047,2,Standard
ST006347,Maharashtra,19.589421,75.698633,2,Standard
ST006348,Maharashtra,19.730088,75.592763,2,Standard
ST006349,Maharashtra,19.849097,75.849647,8,Hub
ST006350,Maharashtra,19.776702,75.703164,2,Standard
ST006351,Maharashtra,19.699864,75.717722,2,Standard
ST006352,Maharashtra,19.755601,75.569632,2,Standard
ST006353,Maharashtra,19.862554,75.849672,2,Standard
ST006354,Maharashtra,19.818508,75.858589,2,Standard
ST006355,Maharashtra,19.688229,75.731431,2,Standard
ST006356,Maharashtra,19.769774,75.742004,2,Standard
ST006357,Maharashtra,19.693621,75.620257,2,Standard
ST006358,Maharashtra,19.767727,75.729543,2,Standard
ST006359,Maharashtra,19.885163,75.779183,2,Standard
ST006360,Maharashtra,19.748728,75.702547,2,Standard
ST006361,Maharashtra,19.735765,75.707639,2,Standard
ST006362,Maharashtra,19.900744,75.610746,2,Standard
ST006363,Maharashtra,19.692306,75.538375,2,Standard
ST006364,Maharashtra,19.813905,75.560392,2,Standard
ST006365,Maharashtra,19.696066,75.687939,2,Standard
ST006366,Maharashtra,19.76465,75.778005,2,Standard
ST006367,Maharashtra,19.727625,75.688952,2,Standard
ST006368,Maharashtra,19.74642,75.807374,2,Standard
ST006369,Maharashtra,19.764014,75.830962,6,Hub
ST006370,Maharashtra,19.884023,75.644452,2,Standard
ST006371,Maharashtra,19.693076,75.613058,6,Hub
ST006372,Maharashtra,19.714294,75.716723,4,Standard
ST006373,Maharashtra,19.790721,75.683363,2,Standard
ST006374,Maharashtra,19.877486,75.795314,4,Standard
ST006375,Maharashtra,19.785011,75.780302,2,Standard
ST006376,Maharashtra,19.778482,75.718746,2,Standard
ST006377,Maharashtra,19.756549,75.72354,2,Standard
ST006378,Maharashtra,19.658853,75.574473,2,Standard
ST006379,Maharashtra,19.629132,75.838886,2,Standard
ST006380,Maharashtra,19.766355,75.77726,2,Standard
ST006381,Maharashtra,19.823985,75.814645,2,Standard
ST006382,Maharashtra,19.644064,75.773078,2,Standard
ST006383,Maharashtra,19.759499,75.605053,2,Standard
ST006384,Maharashtra,19.62144,75.579468,2,Standard
ST006385,Maharashtra,19.729704,75.782346,8,Hub
ST006386,Maharashtra,19.72686,75.594148,2,Standard
ST006387,Maharashtra,19.784157,75.781672,2,Standard
ST006388,Maharashtra,19.669329,75.730735,2,Standard
ST006389,Maharashtra,19.832029,75.880327,4,Standard
ST006390,Maharashtra,19.758944,75.617917,2,Standard
ST006391,Maharashtra,19.675153,75.551494,6,Hub
ST006392,Maharashtra,19.784337,75.751705,2,Standard
ST006393,Maharashtra,19.597415,75.671538,2,Standard
ST006394,Maharashtra,19.943219,75.758344,6,Hub
ST006395,Maharashtra,19.682518,75.733985,6,Hub
ST006396,Maharashtra,19.742251,75.747522,2,Standard
ST006397,Maharashtra,19.800848,75.529299,2,Standard
ST006398,Maharashtra,19.588374,75.812257,2,Standard
ST006399,Maharashtra,19.79453,75.627849,2,Standard
ST006400,Maharashtra,19.711531,75.636628,2,Standard
ST006401,Maharashtra,19.740672,75.709713,2,Standard
ST006402,Maharashtra,19.748,75.703932,2,Standard
ST006403,Maharashtra,19.819003,75.563352,2,Standard
ST006404,Maharashtra,19.75675,75.778419,2,Standard
ST006405,Maharashtra,19.632989,75.727881,6,Hub
ST006406,Maharashtra,19.723943,75.829149,2,Standard
ST006407,Maharashtra,19.748218,75.724502,2,Standard
ST006408,Maharashtra,19.771728,75.714221,2,Standard
ST006409,Maharashtra,19.801949,75.52835,4,Standard
ST006410,Maharashtra,19.659571,75.759319,6,Hub
ST006411,Maharashtra,19.81803,75.801759,4,Standard
ST006412,Maharashtra,19.826633,75.810328,2,Standard
ST006413,Maharashtra,19.787248,75.697964,6,Hub
ST006414,Maharashtra,19.75193,75.709219,4,Standard
ST006415,Maharashtra,19.735789,75.729513,2,Standard
ST006416,Maharashtra,19.730665,75.741658,2,Standard
ST006417,Maharashtra,19.693086,75.773572,2,Standard
ST006418,Maharashtra,19.710455,75.838645,2,Standard
ST006419,Maharashtra,19.821429,75.674797,8,Hub
ST006420,Maharashtra,19.770689,75.76453,2,Standard
ST006421,Maharashtra,19.821004,75.623125,2,Standard
ST006422,Maharashtra,19.72276,75.722247,2,Standard
ST006423,Maharashtra,19.698557,75.731202,2,Standard
ST006424,Maharashtra,19.917159,75.65209,4,Standard
ST006425,Maharashtra,19.840802,75.765885,2,Standard
ST006426,Maharashtra,19.764322,75.795049,2,Standard
ST006427,Maharashtra,19.826963,75.640169,6,Hub
ST006428,Maharashtra,19.730512,75.749792,4,Standard
ST006429,Maharashtra,19.79034,75.595189,2,Standard
ST006430,Maharashtra,19.708876,75.722569,2,Standard
ST006431,Maharashtra,19.654563,75.879596,2,Standard
ST006432,Maharashtra,19.671998,75.703811,4,Standard
ST006433,Maharashtra,19.597111,75.692993,4,Standard
ST006434,Maharashtra,19.732328,75.744064,2,Standard
ST006435,Maharashtra,19.636959,75.646223,2,Standard
ST006436,Maharashtra,19.710556,75.54232,2,Standard
ST006437,Maharashtra,19.741102,75.72481,2,Standard
ST006438,Maharashtra,19.83554,75.69139,2,Standard
ST006439,Maharashtra,19.656244,75.620707,2,Standard
ST006440,Maharashtra,19.712189,75.702073,2,Standard
ST006441,Maharashtra,19.756694,75.553234,2,Standard
ST006442,Maharashtra,19.659151,75.681973,2,Standard
ST006443,Maharashtra,19.764168,75.724919,4,Standard
ST006444,Maharashtra,19.718332,75.766482,2,Standard
ST006445,Maharashtra,19.901627,75.668906,2,Standard
ST006446,Maharashtra,19.695984,75.626513,2,Standard
ST006447,Maharashtra,19.848598,75.883803,2,Standard
ST006448,Maharashtra,19.736375,75.729018,2,Standard
ST006449,Maharashtra,19.576833,75.720709,2,Standard
ST006450,Maharashtra,19.753166,75.712473,4,Standard
ST006451,Maharashtra,19.79252,75.678326,2,Standard
ST006452,Maharashtra,19.916,75.755006,2,Standard
ST006453,Maharashtra,19.82972,75.623893,2,Standard
ST006454,Maharashtra,19.606339,75.640586,6,Hub
ST006455,Maharashtra,19.791762,75.540492,2,Standard
ST006456,Maharashtra,19.568502,75.650928,2,Standard
ST006457,Maharashtra,19.774802,75.713336,4,Standard
ST006458,Maharashtra,19.810026,75.632859,2,Standard
ST006459,Maharashtra,19.65823,75.793493,2,Standard
ST006460,Maharashtra,19.846594,75.748789,2,Standard
ST006461,Maharashtra,19.780899,75.682943,2,Standard
ST006462,Maharashtra,19.583345,75.797738,2,Standard
ST006463,Maharashtra,19.686926,75.745001,2,Standard
ST006464,Maharashtra,19.654777,75.751819,4,Standard
ST006465,Maharashtra,19.643347,75.595802,4,Standard
ST006466,Maharashtra,19.595352,75.762365,8,Hub
ST006467,Maharashtra,19.685318,75.699664,2,Standard
ST006468,Maharashtra,19.673031,75.593702,2,Standard
ST006469,Maharashtra,19.740922,75.709861,6,Hub
ST006470,Maharashtra,19.779025,75.763881,2,Standard
ST006471,Maharashtra,19.724084,75.845764,4,Standard
ST006472,Maharashtra,19.901633,75.731286,2,Standard
ST006473,Maharashtra,19.745532,75.775616,4,Standard
ST006474,Maharashtra,19.708977,75.706366,6,Hub
ST006475,Maharashtra,19.76427,75.702566,2,Standard
ST006476,Maharashtra,19.591884,75.772066,2,Standard
ST006477,Maharashtra,19.70785,75.675004,2,Standard
ST006478,Maharashtra,19.62732,75.781398,2,Standard
ST006479,Maharashtra,19.927613,75.68403,2,Standard
ST006480,Maharashtra,19.641964,75.880806,2,Standard
ST006481,Maharashtra,19.757025,75.714022,2,Standard
ST006482,Maharashtra,19.769351,75.678224,2,Standard
ST006483,Maharashtra,19.795514,75.731573,2,Standard
ST006484,Maharashtra,19.620857,75.779333,2,Standard
ST006485,Maharashtra,19.717755,75.680436,2,Standard
ST006486,Maharashtra,19.566296,75.710094,2,Standard
ST006487,Maharashtra,19.777174,75.654579,4,Standard
ST006488,Maharashtra,19.892345,75.69814,2,Standard
ST006489,Maharashtra,19.757998,75.716589,2,Standard
ST006490,Maharashtra,19.822902,75.840757,4,Standard
ST006491,Maharashtra,19.79287,75.807459,2,Standard
ST006492,Maharashtra,19.904952,75.815752,2,Standard
ST006493,Maharashtra,19.650394,75.864783,2,Standard
ST006494,Maharashtra,19.752653,75.713484,2,Standard
ST006495,Maharashtra,19.746693,75.715002,2,Standard
ST006496,Maharashtra,19.838582,75.657628,8,Hub
ST006497,Maharashtra,19.771155,75.723906,2,Standard
ST006498,Maharashtra,19.611615,75.839574,4,Standard
ST006499,Maharashtra,19.690581,75.551421,2,Standard
ST006500,Maharashtra,19.745725,75.72033,4,Standard
ST006501,Maharashtra,19.75489,75.713348,2,Standard
ST006502,Maharashtra,19.821283,75.690082,2,Standard
ST006503,Maharashtra,19.889055,75.722633,2,Standard
ST006504,Maharashtra,19.943183,75.690346,4,Standard
ST006505,Maharashtra,19.770743,75.74462,2,Standard
ST006506,Maharashtra,19.634694,75.662883,2,Standard
ST006507,Maharashtra,19.749094,75.67777,2,Standard
ST006508,Maharashtra,19.875034,75.681359,4,Standard
ST006509,Maharashtra,19.813356,75.625353,2,Standard
ST006510,Maharashtra,19.583733,75.814149,2,Standard
ST006511,Maharashtra,19.600697,75.628359,2,Standard
ST006512,Maharashtra,19.880796,75.674827,2,Standard
ST006513,Maharashtra,19.750831,75.713687,6,Hub
ST006514,Maharashtra,19.790407,75.723895,2,Standard
ST006515,Maharashtra,19.771439,75.760788,2,Standard
ST006516,Maharashtra,19.727134,75.781666,2,Standard
ST006517,Maharashtra,19.73414,75.723367,2,Standard
ST006518,Maharashtra,19.881542,75.749354,2,Standard
ST006519,Maharashtra,19.665104,75.693253,2,Standard
ST006520,Maharashtra,19.641593,75.590116,4,Standard
ST006521,Maharashtra,19.636283,75.770171,2,Standard
ST006522,Maharashtra,19.91233,75.665606,2,Standard
ST006523,Maharashtra,19.636245,75.771715,8,Hub
ST006524,Maharashtra,19.80109,75.81444,2,Standard
ST006525,Maharashtra,19.85445,75.701766,2,Standard
ST006526,Maharashtra,19.824691,75.678123,2,Standard
ST006527,Maharashtra,19.867341,75.713059,2,Standard
ST006528,Maharashtra,19.864737,75.744701,2,Standard
ST006529,Maharashtra,19.750501,75.720319,2,Standard
ST006530,Maharashtra,19.775247,75.664129,2,Standard
ST006531,Maharashtra,19.76812,75.658704,2,Standard
ST006532,Maharashtra,19.818257,75.896891,2,Standard
ST006533,Maharashtra,19.67388,75.805776,2,Standard
ST006534,Maharashtra,19.665121,75.642458,2,Standard
ST006535,Maharashtra,19.867472,75.645014,2,Standard
ST006536,Maharashtra,19.609625,75.811978,6,Hub
ST006537,Maharashtra,19.797186,75.812695,2,Standard
ST006538,Maharashtra,19.870591,75.67566,2,Standard
ST006539,Maharashtra,19.804892,75.59459,6,Hub
ST006540,Maharashtra,19.852085,75.55401,2,Standard
ST006541,Maharashtra,19.74663,75.747481,6,Hub
ST006542,Maharashtra,19.611837,75.727996,2,Standard
ST006543,Maharashtra,19.751617,75.714712,4,Standard
ST006544,Maharashtra,19.644672,75.875565,2,Standard
ST006545,Maharashtra,19.724296,75.638386,4,Standard
ST006546,Maharashtra,19.776642,75.780532,4,Standard
ST006547,Maharashtra,19.761761,75.732521,2,Standard
ST006548,Maharashtra,19.917745,75.603561,2,Standard
ST006549,Maharashtra,19.757103,75.723255,2,Standard
ST006550,Maharashtra,19.707156,75.794886,2,Standard
ST006551,Maharashtra,19.768384,75.771772,4,Standard
ST006552,Maharashtra,19.798545,75.861433,2,Standard
ST006553,Maharashtra,19.721915,75.590404,4,Standard
ST006554,Maharashtra,19.613462,75.83222,2,Standard
ST006555,Maharashtra,19.785593,75.707292,2,Standard
ST006556,Maharashtra,19.769241,75.817518,2,Standard
ST006557,Maharashtra,19.824831,75.76125,2,Standard
ST006558,Maharashtra,19.660573,75.662571,2,Standard
ST006559,Maharashtra,19.698693,75.80867,2,Standard
ST006560,Maharashtra,19.791331,75.703353,2,Standard
ST006561,Maharashtra,19.746614,75.706727,4,Standard
ST006562,Maharashtra,19.852394,75.758631,2,Standard
ST006563,Maharashtra,19.755033,75.716638,4,Standard
ST006564,Maharashtra,19.80498,75.813409,2,Standard
ST006565,Maharashtra,19.739797,75.675132,2,Standard
ST006566,Maharashtra,19.73357,75.682113,2,Standard
ST006567,Maharashtra,19.689172,75.660015,2,Standard
ST006568,Maharashtra,19.638401,75.550151,2,Standard
ST006569,Maharashtra,19.752292,75.713574,2,Standard
ST006570,Maharashtra,19.761499,75.705133,2,Standard
ST006571,Maharashtra,19.80543,75.697511,2,Standard
ST006572,Maharashtra,19.73798,75.726274,2,Standard
ST006573,Maharashtra,19.862158,75.808138,2,Standard
ST006574,Maharashtra,19.866254,75.672041,2,Standard
ST006575,Maharashtra,19.719051,75.565001,2,Standard
ST006576,Maharashtra,19.750772,75.722917,2,Standard
ST006577,Maharashtra,19.821625,75.714725,2,Standard
ST006578,Maharashtra,19.752168,75.726346,2,Standard
ST006579,Maharashtra,19.762169,75.736398,2,Standard
ST006580,Maharashtra,19.775636,75.699601,2,Standard
ST006581,Maharashtra,19.636182,75.686101,2,Standard
ST006582,Maharashtra,19.732424,75.708554,2,Standard
ST006583,Maharashtra,19.747204,75.723211,2,Standard
ST006584,Maharashtra,19.721598,75.736893,2,Standard
ST006585,Maharashtra,19.623199,75.661573,2,Standard
ST006586,Maharashtra,19.666415,75.696492,2,Standard
ST006587,Maharashtra,19.623609,75.823361,4,Standard
ST006588,Maharashtra,19.779588,75.858032,4,Standard
ST006589,Maharashtra,19.75544,75.630153,2,Standard
ST006590,Maharashtra,19.723941,75.803883,6,Hub
ST006591,Maharashtra,19.759155,75.718978,2,Standard
ST006592,Maharashtra,19.780098,75.738047,2,Standard
ST006593,Maharashtra,19.581731,75.709444,2,Standard
ST006594,Maharashtra,19.76835,75.900172,2,Standard
ST006595,Maharashtra,19.935635,75.660288,4,Standard
ST006596,Maharashtra,19.789544,75.651873,4,Standard
ST006597,Maharashtra,19.853605,75.764067,2,Standard
ST006598,Maharashtra,19.592929,75.652632,2,Standard
ST006599,Maharashtra,19.853099,75.71134,2,Standard
ST006600,Maharashtra,19.730562,75.744624,4,Standard
ST006601,Maharashtra,19.853276,75.71697,2,Standard
ST006602,Maharashtra,19.596449,75.657507,2,Standard
ST006603,Maharashtra,19.568282,75.70863,2,Standard
ST006604,Maharashtra,19.634983,75.592779,4,Standard
ST006605,Maharashtra,19.853522,75.851216,4,Standard
ST006606,Maharashtra,19.736071,75.68355,2,Standard
ST006607,Maharashtra,19.819969,75.886086,2,Standard
ST006608,Maharashtra,19.842118,75.732497,4,Standard
ST006609,Maharashtra,19.699845,75.836476,4,Standard
ST006610,Maharashtra,19.789978,75.652955,2,Standard
ST006611,Maharashtra,19.575468,75.800959,2,Standard
ST006612,Maharashtra,19.789451,75.538518,4,Standard
ST006613,Maharashtra,19.708108,75.731472,4,Standard
ST006614,Maharashtra,19.629687,75.789219,4,Standard
ST006615,Maharashtra,19.793303,75.748231,2,Standard
ST006616,Maharashtra,19.834284,75.738876,2,Standard
ST006617,Maharashtra,19.753807,75.70954,2,Standard
ST006618,Maharashtra,19.667169,75.547556,4,Standard
ST006619,Maharashtra,19.762881,75.852159,2,Standard
ST006620,Maharashtra,19.941605,75.683915,2,Standard
ST006621,Maharashtra,19.753397,75.733876,2,Standard
ST006622,Maharashtra,19.83525,75.826595,4,Standard
ST006623,Maharashtra,19.731041,75.580614,2,Standard
ST006624,Maharashtra,19.734018,75.743009,2,Standard
ST006625,Maharashtra,19.666953,75.666892,2,Standard
ST006626,Maharashtra,19.739795,75.626407,2,Standard
ST006627,Maharashtra,19.720474,75.763725,2,Standard
ST006628,Maharashtra,19.764242,75.765499,8,Hub
ST006629,Maharashtra,19.808917,75.752831,2,Standard
ST006630,Maharashtra,19.787803,75.722391,2,Standard
ST006631,Maharashtra,19.750179,75.64882,2,Standard
ST006632,Maharashtra,19.68104,75.589031,4,Standard
ST006633,Maharashtra,19.58417,75.62028,4,Standard
ST006634,Maharashtra,19.897892,75.733741,2,Standard
ST006635,Maharashtra,19.918205,75.66974,8,Hub
ST006636,Maharashtra,19.783745,75.770757,2,Standard
ST006637,Maharashtra,19.807806,75.820166,2,Standard
ST006638,Maharashtra,19.736575,75.652267,4,Standard
ST006639,Maharashtra,19.617551,75.67995,2,Standard
ST006640,Maharashtra,19.601137,75.794922,2,Standard
ST006641,Maharashtra,19.753246,75.701085,6,Hub
ST006642,Maharashtra,19.71742,75.68144,2,Standard
ST006643,Maharashtra,19.572485,75.646232,2,Standard
ST006644,Maharashtra,19.810149,75.658171,2,Standard
ST006645,Maharashtra,19.73941,75.759195,2,Standard
ST006646,Maharashtra,19.729125,75.709264,4,Standard
ST006647,Maharashtra,19.751246,75.713819,2,Standard
ST006648,Maharashtra,19.731814,75.753236,2,Standard
ST006649,Maharashtra,19.894577,75.687741,4,Standard
ST006650,Maharashtra,19.740618,75.728946,2,Standard
ST006651,Maharashtra,19.709048,75.709402,2,Standard
ST006652,Maharashtra,19.588785,75.675991,4,Standard
ST006653,Maharashtra,19.656836,75.629601,4,Standard
ST006654,Maharashtra,19.572176,75.666618,4,Standard
ST006655,Maharashtra,19.8448,75.671351,2,Standard
ST006656,Maharashtra,19.719952,75.800234,2,Standard
ST006657,Maharashtra,19.800899,75.831191,2,Standard
ST006658,Maharashtra,19.73084,75.713888,2,Standard
ST006659,Maharashtra,19.782488,75.804683,2,Standard
ST006660,Maharashtra,19.837678,75.64038,2,Standard
ST006661,Maharashtra,19.723223,75.652272,2,Standard
ST006662,Maharashtra,19.670881,75.675087,2,Standard
ST006663,Maharashtra,19.746033,75.705389,2,Standard
ST006664,Maharashtra,19.692354,75.716391,2,Standard
ST006665,Maharashtra,19.662978,75.884482,2,Standard
ST006666,Maharashtra,19.777047,75.770665,2,Standard
ST006667,Maharashtra,19.579228,75.703178,2,Standard
ST006668,Maharashtra,19.622657,75.788284,4,Standard
ST006669,Maharashtra,19.789924,75.665238,4,Standard
ST006670,Maharashtra,19.695777,75.758399,2,Standard
ST006671,Maharashtra,19.755912,75.706206,2,Standard
ST006672,Maharashtra,19.702734,75.84073,2,Standard
ST006673,Maharashtra,19.671516,75.679023,2,Standard
ST006674,Maharashtra,19.713221,75.704085,4,Standard
ST006675,Maharashtra,19.660518,75.756214,2,Standard
ST006676,Maharashtra,19.793932,75.683553,2,Standard
ST006677,Maharashtra,19.838413,75.618779,2,Standard
ST006678,Maharashtra,19.895244,75.732372,2,Standard
ST006679,Maharashtra,19.94602,75.758089,4,Standard
ST006680,Maharashtra,19.792922,75.671229,2,Standard
ST006681,Maharashtra,19.747949,75.790106,2,Standard
ST006682,Maharashtra,19.705428,75.772405,2,Standard
ST006683,Maharashtra,19.699827,75.82687,2,Standard
ST006684,Maharashtra,19.838301,75.859134,2,Standard
ST006685,Maharashtra,19.787914,75.625835,2,Standard
ST006686,Maharashtra,19.781235,75.674415,4,Standard
ST006687,Maharashtra,19.874588,75.72754,2,Standard
ST006688,Maharashtra,19.642011,75.74355,2,Standard
ST006689,Maharashtra,19.907963,75.599228,2,Standard
ST006690,Maharashtra,19.650051,75.599623,6,Hub
ST006691,Maharashtra,19.779289,75.730055,2,Standard
ST006692,Maharashtra,19.742413,75.628107,2,Standard
ST006693,Maharashtra,19.693302,75.734455,2,Standard
ST006694,Maharashtra,19.722577,75.690771,2,Standard
ST006695,Maharashtra,19.727219,75.689027,2,Standard
ST006696,Maharashtra,19.812329,75.739692,2,Standard
ST006697,Maharashtra,19.77252,75.890451,2,Standard
ST006698,Maharashtra,19.784738,75.725855,4,Standard
ST006699,Maharashtra,19.659759,75.684906,2,Standard
ST006700,Maharashtra,19.752891,75.714312,6,Hub
ST006701,Maharashtra,19.882897,75.704031,4,Standard
ST006702,Maharashtra,19.6891,75.784316,4,Standard
ST006703,Maharashtra,19.74434,75.782502,4,Standard
ST006704,Maharashtra,19.646864,75.571684,4,Standard
ST006705,Maharashtra,19.819092,75.867782,4,Standard
ST006706,Maharashtra,19.782555,75.74364,2,Standard
ST006707,Maharashtra,19.778898,75.720418,2,Standard
ST006708,Maharashtra,19.83126,75.668275,6,Hub
ST006709,Maharashtra,19.921041,75.803894,2,Standard
ST006710,Maharashtra,19.860872,75.609882,2,Standard
ST006711,Maharashtra,19.791735,75.696028,4,Standard
ST006712,Maharashtra,19.822766,75.595728,2,Standard
ST006713,Maharashtra,19.860429,75.59755,4,Standard
ST006714,Maharashtra,19.663245,75.841175,2,Standard
ST006715,Maharashtra,19.746362,75.779417,2,Standard
ST006716,Maharashtra,19.897154,75.831202,2,Standard
ST006717,Maharashtra,19.72497,75.814588,4,Standard
ST006718,Maharashtra,19.602553,75.835033,2,Standard
ST006719,Maharashtra,19.672196,75.847901,4,Standard
ST006720,Maharashtra,19.805077,75.645201,2,Standard
ST006721,Maharashtra,19.643666,75.817519,2,Standard
ST006722,Maharashtra,19.880433,75.63533,2,Standard
ST006723,Maharashtra,19.776946,75.88973,2,Standard
ST006724,Maharashtra,19.663828,75.788701,2,Standard
ST006725,Maharashtra,19.769949,75.681047,2,Standard
ST006726,Maharashtra,19.777152,75.597459,2,Standard
ST006727,Maharashtra,19.778456,75.692538,2,Standard
ST006728,Maharashtra,19.605192,75.793519,4,Standard
ST006729,Maharashtra,19.773777,75.716605,2,Standard
ST006730,Maharashtra,19.80748,75.710578,2,Standard
ST006731,Maharashtra,19.787576,75.708312,2,Standard
ST006732,Maharashtra,19.654725,75.829256,4,Standard
ST006733,Maharashtra,19.68786,75.616647,4,Standard
ST006734,Maharashtra,19.58578,75.682396,4,Standard
ST006735,Maharashtra,19.759857,75.801999,2,Standard
ST006736,Maharashtra,19.818213,75.812668,4,Standard
ST006737,Maharashtra,19.751272,75.780668,4,Standard
ST006738,Maharashtra,19.746233,75.714862,4,Standard
ST006739,Maharashtra,19.866426,75.788813,2,Standard
ST006740,Maharashtra,19.595483,75.788553,4,Standard
ST006741,Maharashtra,19.750948,75.712377,2,Standard
ST006742,Maharashtra,19.737573,75.701353,2,Standard
ST006743,Maharashtra,19.789799,75.519332,2,Standard
ST006744,Maharashtra,19.617559,75.687302,2,Standard
ST006745,Maharashtra,19.758469,75.801142,2,Standard
ST006746,Maharashtra,19.772205,75.687584,2,Standard
ST006747,Maharashtra,19.742818,75.802563,4,Standard
ST006748,Maharashtra,19.733835,75.640828,2,Standard
ST006749,Maharashtra,19.768477,75.705614,2,Standard
ST006750,Maharashtra,19.653916,75.816769,2,Standard
ST006751,Maharashtra,19.771233,75.843691,6,Hub
ST006752,Maharashtra,19.757247,75.723509,2,Standard
ST006753,Maharashtra,19.886271,75.842086,2,Standard
ST006754,Maharashtra,19.600577,75.66302,4,Standard
ST006755,Maharashtra,19.692673,75.816803,2,Standard
ST006756,Maharashtra,19.562448,75.719898,2,Standard
ST006757,Maharashtra,19.749274,75.567808,2,Standard
ST006758,Maharashtra,19.856804,75.745467,2,Standard
ST006759,Maharashtra,19.569908,75.752111,2,Standard
ST006760,Maharashtra,19.749011,75.767809,2,Standard
ST006761,Maharashtra,19.710184,75.739632,6,Hub
ST006762,Maharashtra,19.869528,75.838302,2,Standard
ST006763,Maharashtra,19.590648,75.65222,2,Standard
ST006764,Maharashtra,19.779027,75.664664,8,Hub
ST006765,Maharashtra,19.7356,75.708982,2,Standard
ST006766,Maharashtra,19.821158,75.672853,2,Standard
ST006767,Maharashtra,19.703966,75.751409,2,Standard
ST006768,Maharashtra,19.702678,75.726219,2,Standard
ST006769,Maharashtra,19.638475,75.827135,2,Standard
ST006770,Maharashtra,19.782223,75.661391,6,Hub
ST006771,Maharashtra,19.580038,75.74771,2,Standard
ST006772,Maharashtra,19.919679,75.771685,2,Standard
ST006773,Maharashtra,19.777612,75.847072,6,Hub
ST006774,Maharashtra,19.655457,75.659077,8,Hub
ST006775,Maharashtra,19.764386,75.698196,2,Standard
ST006776,Maharashtra,19.689862,75.802157,4,Standard
ST006777,Maharashtra,19.767761,75.673782,2,Standard
ST006778,Maharashtra,19.777594,75.638352,2,Standard
ST006779,Maharashtra,19.808342,75.854653,2,Standard
ST006780,Maharashtra,19.838114,75.769555,2,Standard
ST006781,Maharashtra,19.817119,75.741747,2,Standard
ST006782,Maharashtra,19.661963,75.647917,2,Standard
ST006783,Maharashtra,19.680633,75.762286,2,Standard
ST006784,Maharashtra,19.764761,75.804107,2,Standard
ST006785,Maharashtra,19.914307,75.664658,2,Standard
ST006786,Maharashtra,19.755144,75.718612,6,Hub
ST006787,Maharashtra,19.847793,75.671166,2,Standard
ST006788,Maharashtra,19.599748,75.677127,2,Standard
ST006789,Maharashtra,19.713395,75.802429,4,Standard
ST006790,Maharashtra,19.883332,75.687602,2,Standard
ST006791,Maharashtra,19.76665,75.735819,2,Standard
ST006792,Maharashtra,19.794961,75.860954,2,Standard
ST006793,Maharashtra,19.750297,75.718005,2,Standard
ST006794,Maharashtra,19.783376,75.702237,4,Standard
ST006795,Maharashtra,19.798841,75.716747,6,Hub
ST006796,Maharashtra,19.759428,75.797928,2,Standard
ST006797,Maharashtra,19.905794,75.629568,2,Standard
ST006798,Maharashtra,19.672316,75.735886,2,Standard
ST006799,Maharashtra,19.705689,75.697404,2,Standard
ST006800,Maharashtra,19.929337,75.774394,4,Standard
ST006801,Maharashtra,19.766869,75.750483,2,Standard
ST006802,Maharashtra,19.654646,75.730829,2,Standard
ST006803,Maharashtra,19.780893,75.71732,4,Standard
ST006804,Maharashtra,19.652908,75.808659,2,Standard
ST006805,Maharashtra,19.762937,75.797726,6,Hub
ST006806,Maharashtra,19.585193,75.651243,2,Standard
ST006807,Maharashtra,19.739213,75.737618,2,Standard
ST006808,Maharashtra,19.602495,75.723959,2,Standard
ST006809,Maharashtra,19.816993,75.767983,2,Standard
ST006810,Maharashtra,19.75817,75.714648,4,Standard
ST006811,Maharashtra,19.692202,75.720276,2,Standard
ST006812,Maharashtra,19.819259,75.61434,4,Standard
ST006813,Maharashtra,19.673307,75.737187,2,Standard
ST006814,Maharashtra,19.743413,75.71404,4,Standard
ST006815,Maharashtra,19.907551,75.589351,8,Hub
ST006816,Maharashtra,19.761547,75.73578,2,Standard
ST006817,Maharashtra,19.83346,75.817634,2,Standard
ST006818,Maharashtra,19.661932,75.569898,4,Standard
ST006819,Maharashtra,19.752532,75.623968,2,Standard
ST006820,Maharashtra,19.647025,75.624265,4,Standard
ST006821,Maharashtra,19.656674,75.706295,2,Standard
ST006822,Maharashtra,19.683218,75.62576,2,Standard
ST006823,Maharashtra,19.675733,75.617551,2,Standard
ST006824,Maharashtra,19.726773,75.58774,4,Standard
ST006825,Maharashtra,19.616188,75.697029,2,Standard
ST006826,Maharashtra,19.70558,75.728986,4,Standard
ST006827,Maharashtra,19.863488,75.714898,2,Standard
ST006828,Maharashtra,19.587785,75.609055,2,Standard
ST006829,Maharashtra,19.700692,75.774168,6,Hub
ST006830,Maharashtra,19.755707,75.727365,4,Standard
ST006831,Maharashtra,19.758631,75.664476,8,Hub
ST006832,Maharashtra,19.644912,75.626951,2,Standard
ST006833,Maharashtra,19.579084,75.745404,2,Standard
ST006834,Maharashtra,19.698035,75.733607,2,Standard
ST006835,Maharashtra,19.888325,75.609159,2,Standard
ST006836,Maharashtra,19.75417,75.718353,2,Standard
ST006837,Maharashtra,19.799891,75.744604,2,Standard
ST006838,Maharashtra,19.861511,75.694529,4,Standard
ST006839,Maharashtra,19.627197,75.840949,2,Standard
ST006840,Maharashtra,19.691166,75.732197,6,Hub
ST006841,Maharashtra,19.909947,75.652567,2,Standard
ST006842,Maharashtra,19.808378,75.628681,8,Hub
ST006843,Maharashtra,19.760298,75.679125,2,Standard
ST006844,Maharashtra,19.575191,75.626532,4,Standard
ST006845,Maharashtra,19.711065,75.867539,2,Standard
ST006846,Maharashtra,19.743553,75.714376,4,Standard
ST006847,Maharashtra,19.754255,75.680299,2,Standard
ST006848,Maharashtra,19.739888,75.701303,2,Standard
ST006849,Maharashtra,19.806624,75.694782,2,Standard
ST006850,Maharashtra,19.755305,75.739445,2,Standard
ST006851,Maharashtra,19.885764,75.666515,4,Standard
ST006852,Maharashtra,19.746269,75.614156,2,Standard
ST006853,Maharashtra,19.729773,75.717379,2,Standard
ST006854,Maharashtra,19.705566,75.695767,2,Standard
ST006855,Maharashtra,19.909176,75.691101,4,Standard
ST006856,Maharashtra,19.725643,75.729635,8,Hub
ST006857,Maharashtra,19.756875,75.690088,2,Standard
ST006858,Maharashtra,19.767238,75.753168,2,Standard
ST006859,Maharashtra,19.604039,75.658823,2,Standard
ST006860,Maharashtra,19.744842,75.72947,2,Standard
ST006861,Maharashtra,19.605577,75.746962,2,Standard
ST006862,Maharashtra,19.75929,75.75719,2,Standard
ST006863,Maharashtra,19.931936,75.651777,2,Standard
ST006864,Maharashtra,19.912742,75.704229,2,Standard
ST006865,Maharashtra,19.767556,75.753138,2,Standard
ST006866,Maharashtra,19.717331,75.767573,2,Standard
ST006867,Maharashtra,19.903464,75.671328,2,Standard
ST006868,Maharashtra,19.745453,75.677202,2,Standard
ST006869,Maharashtra,19.891034,75.624765,2,Standard
ST006870,Maharashtra,19.841469,75.863108,2,Standard
ST006871,Maharashtra,19.749246,75.729916,4,Standard
ST006872,Maharashtra,19.679245,75.604916,2,Standard
ST006873,Maharashtra,19.804259,75.749722,4,Standard
ST006874,Maharashtra,19.887047,75.707776,2,Standard
ST006875,Maharashtra,19.746183,75.67165,2,Standard
ST006876,Maharashtra,19.800233,75.740208,2,Standard
ST006877,Maharashtra,19.751825,75.760808,2,Standard
ST006878,Maharashtra,19.79196,75.821495,2,Standard
ST006879,Maharashtra,19.674178,75.858606,2,Standard
ST006880,Maharashtra,19.788968,75.798937,8,Hub
ST006881,Maharashtra,19.847482,75.722157,2,Standard
ST006882,Maharashtra,19.935133,75.781106,2,Standard
ST006883,Maharashtra,19.77623,75.619049,2,Standard
ST006884,Maharashtra,19.852882,75.77523,2,Standard
ST006885,Maharashtra,19.753599,75.675814,2,Standard
ST006886,Maharashtra,19.603385,75.646228,2,Standard
ST006887,Maharashtra,19.769873,75.554356,4,Standard
ST006888,Maharashtra,19.887661,75.584942,2,Standard
ST006889,Maharashtra,19.657208,75.777531,2,Standard
ST006890,Maharashtra,19.786734,75.578997,2,Standard
ST006891,Maharashtra,19.754234,75.713823,2,Standard
ST006892,Maharashtra,19.717014,75.758282,2,Standard
ST006893,Maharashtra,19.748059,75.758273,4,Standard
ST006894,Maharashtra,19.747194,75.697504,2,Standard
ST006895,Maharashtra,19.744191,75.575408,4,Standard
ST006896,Maharashtra,19.751245,75.764466,6,Hub
ST006897,Maharashtra,19.646359,75.60353,2,Standard
ST006898,Maharashtra,19.87313,75.594519,2,Standard
ST006899,Maharashtra,19.864958,75.688452,2,Standard
ST006900,Maharashtra,19.887293,75.626105,2,Standard
ST006901,Maharashtra,19.753334,75.712471,2,Standard
ST006902,Maharashtra,19.844041,75.693765,4,Standard
ST006903,Maharashtra,19.759085,75.689616,2,Standard
ST006904,Maharashtra,19.708405,75.746922,4,Standard
ST006905,Maharashtra,19.745121,75.737711,4,Standard
ST006906,Maharashtra,19.752134,75.712164,4,Standard
ST006907,Maharashtra,19.73815,75.746126,2,Standard
ST006908,Maharashtra,19.708402,75.686913,4,Standard
ST006909,Maharashtra,19.745981,75.811412,2,Standard
ST006910,Maharashtra,19.737573,75.694034,2,Standard
ST006911,Maharashtra,19.773801,75.758019,8,Hub
ST006912,Maharashtra,19.829852,75.700858,6,Hub
ST006913,Maharashtra,19.712238,75.685754,2,Standard
ST006914,Maharashtra,19.736703,75.714788,4,Standard
ST006915,Maharashtra,19.843022,75.734202,2,Standard
ST006916,Maharashtra,19.729489,75.730177,2,Standard
ST006917,Maharashtra,19.675623,75.530387,2,Standard
ST006918,Maharashtra,19.65249,75.790058,2,Standard
ST006919,Maharashtra,19.913327,75.67556,2,Standard
ST006920,Maharashtra,19.607853,75.747384,2,Standard
ST006921,Maharashtra,19.822482,75.787735,2,Standard
ST006922,Maharashtra,19.745647,75.745597,2,Standard
ST006923,Maharashtra,19.728058,75.725608,2,Standard
ST006924,Maharashtra,19.72275,75.6273,2,Standard
ST006925,Maharashtra,19.722784,75.708208,2,Standard
ST006926,Maharashtra,19.826006,75.803699,2,Standard
ST006927,Maharashtra,19.770665,75.71209,2,Standard
ST006928,Maharashtra,19.712787,75.883428,2,Standard
ST006929,Maharashtra,19.908924,75.790742,2,Standard
ST006930,Maharashtra,19.670795,75.701489,2,Standard
ST006931,Maharashtra,19.729736,75.769194,4,Standard
ST006932,Maharashtra,19.690718,75.880094,2,Standard
ST006933,Maharashtra,19.729546,75.581767,2,Standard
ST006934,Maharashtra,19.767006,75.664871,2,Standard
ST006935,Maharashtra,19.683656,75.651742,2,Standard
ST006936,Maharashtra,19.76402,75.653329,2,Standard
ST006937,Maharashtra,19.641769,75.57573,6,Hub
ST006938,Maharashtra,19.740615,75.721586,2,Standard
ST006939,Maharashtra,19.682657,75.706934,2,Standard
ST006940,Maharashtra,19.662207,75.545956,2,Standard
ST006941,Maharashtra,19.658643,75.72232,2,Standard
ST006942,Maharashtra,19.739821,75.69681,6,Hub
ST006943,Maharashtra,19.747451,75.897651,2,Standard
ST006944,Maharashtra,19.750204,75.711544,2,Standard
ST006945,Maharashtra,19.78991,75.844955,2,Standard
ST006946,Maharashtra,19.766676,75.546615,2,Standard
ST006947,Maharashtra,19.70273,75.893606,2,Standard
ST006948,Maharashtra,19.61983,75.668406,2,Standard
ST006949,Maharashtra,19.731349,75.699881,2,Standard
ST006950,Maharashtra,19.775418,75.708255,2,Standard
ST006951,Maharashtra,19.746509,75.876549,2,Standard
ST006952,Maharashtra,19.628296,75.600231,8,Hub
ST006953,Maharashtra,19.67647,75.706457,2,Standard
ST006954,Maharashtra,19.757894,75.710481,2,Standard
ST006955,Maharashtra,19.780052,75.677625,2,Standard
ST006956,Maharashtra,19.767684,75.691248,2,Standard
ST006957,Maharashtra,19.595967,75.628116,2,Standard
ST006958,Maharashtra,19.604245,75.73861,2,Standard
ST006959,Maharashtra,19.80111,75.575207,2,Standard
ST006960,Maharashtra,19.83121,75.673493,2,Standard
ST006961,Maharashtra,19.755941,75.722368,2,Standard
ST006962,Maharashtra,19.752137,75.742532,2,Standard
ST006963,Maharashtra,19.716936,75.700728,2,Standard
ST006964,Maharashtra,19.758484,75.715643,2,Standard
ST006965,Maharashtra,19.809506,75.610809,4,Standard
ST006966,Maharashtra,19.639166,75.853064,2,Standard
ST006967,Maharashtra,19.928801,75.797599,2,Standard
ST006968,Maharashtra,19.724174,75.689412,2,Standard
ST006969,Maharashtra,19.685687,75.576137,2,Standard
ST006970,Maharashtra,19.595879,75.787916,2,Standard
ST006971,Maharashtra,19.784071,75.759167,2,Standard
ST006972,Maharashtra,19.786606,75.737275,2,Standard
ST006973,Maharashtra,19.764486,75.896967,2,Standard
ST006974,Maharashtra,19.826893,75.754189,6,Hub
ST006975,Maharashtra,19.575473,75.677563,2,Standard
ST006976,Maharashtra,19.902162,75.711719,2,Standard
ST006977,Maharashtra,19.906277,75.685171,2,Standard
ST006978,Maharashtra,19.88919,75.681486,2,Standard
ST006979,Maharashtra,19.821999,75.752521,2,Standard
ST006980,Maharashtra,19.709067,75.658047,2,Standard
ST006981,Maharashtra,19.734594,75.828136,2,Standard
ST006982,Maharashtra,19.757895,75.711061,2,Standard
ST006983,Maharashtra,19.768923,75.570408,4,Standard
ST006984,Maharashtra,19.932888,75.672101,8,Hub
ST006985,Maharashtra,19.759492,75.610126,2,Standard
ST006986,Maharashtra,19.782405,75.818476,4,Standard
ST006987,Maharashtra,19.768752,75.535599,4,Standard
ST006988,Maharashtra,19.761144,75.676056,8,Hub
ST006989,Maharashtra,19.697676,75.674957,2,Standard
ST006990,Maharashtra,19.791477,75.716215,4,Standard
ST006991,Maharashtra,19.879165,75.82394,2,Standard
ST006992,Maharashtra,19.748458,75.770758,2,Standard
ST006993,Maharashtra,19.824928,75.695016,2,Standard
ST006994,Maharashtra,19.808166,75.717317,2,Standard
ST006995,Maharashtra,19.766551,75.727909,2,Standard
ST006996,Maharashtra,19.856365,75.769412,4,Standard
ST006997,Maharashtra,19.778372,75.780965,2,Standard
ST006998,Maharashtra,19.806421,75.649199,2,Standard
ST006999,Maharashtra,19.837439,75.663579,2,Standard
ST007000,Maharashtra,19.630733,75.802999,4,Standard
ST007001,Maharashtra,19.767537,75.721841,6,Hub
ST007002,Maharashtra,19.695238,75.634408,2,Standard
ST007003,Maharashtra,19.797536,75.536523,2,Standard
ST007004,Maharashtra,19.660377,75.790872,2,Standard
ST007005,Maharashtra,19.55518,75.713041,2,Standard
ST007006,Maharashtra,19.840433,75.55471,2,Standard
ST007007,Maharashtra,19.747287,75.868348,2,Standard
ST007008,Maharashtra,19.747448,75.755451,2,Standard
ST007009,Maharashtra,19.755127,75.712575,2,Standard
ST007010,Maharashtra,19.780649,75.707459,4,Standard
ST007011,Maharashtra,19.77482,75.663885,2,Standard
ST007012,Maharashtra,19.725864,75.748859,4,Standard
ST007013,Maharashtra,19.691691,75.678268,2,Standard
ST007014,Maharashtra,19.74978,75.711286,2,Standard
ST007015,Maharashtra,19.769824,75.721744,2,Standard
ST007016,Maharashtra,19.609197,75.793308,2,Standard
ST007017,Maharashtra,19.788866,75.682261,2,Standard
ST007018,Maharashtra,19.614301,75.644677,2,Standard
ST007019,Maharashtra,19.73174,75.793279,4,Standard
ST007020,Maharashtra,19.72483,75.709852,4,Standard
ST007021,Maharashtra,19.781655,75.718867,2,Standard
ST007022,Maharashtra,19.741211,75.703368,2,Standard
ST007023,Maharashtra,19.776494,75.776678,6,Hub
ST007024,Maharashtra,19.785342,75.731919,2,Standard
ST007025,Maharashtra,19.754775,75.711858,2,Standard
ST007026,Maharashtra,19.707662,75.650741,2,Standard
ST007027,Maharashtra,19.696504,75.609795,2,Standard
ST007028,Maharashtra,19.779584,75.880998,2,Standard
ST007029,Maharashtra,19.587204,75.722227,2,Standard
ST007030,Maharashtra,19.587916,75.823557,2,Standard
ST007031,Maharashtra,19.776302,75.522309,2,Standard
ST007032,Maharashtra,19.657145,75.705384,2,Standard
ST007033,Maharashtra,19.757532,75.537945,4,Standard
ST007034,Maharashtra,19.81477,75.6994,2,Standard
ST007035,Maharashtra,19.764192,75.673728,2,Standard
ST007036,Maharashtra,19.716995,75.70374,2,Standard
ST007037,Maharashtra,19.644491,75.866367,2,Standard
ST007038,Maharashtra,19.828334,75.814368,2,Standard
ST007039,Maharashtra,19.731355,75.700585,2,Standard
ST007040,Maharashtra,19.699766,75.813908,4,Standard
ST007041,Maharashtra,19.813076,75.861712,2,Standard
ST007042,Maharashtra,19.793796,75.706424,2,Standard
ST007043,Maharashtra,19.78663,75.797832,4,Standard
ST007044,Maharashtra,19.750709,75.657585,2,Standard
ST007045,Maharashtra,19.858901,75.727386,2,Standard
ST007046,Maharashtra,19.826864,75.692824,2,Standard
ST007047,Maharashtra,19.58161,75.807111,4,Standard
ST007048,Maharashtra,19.702444,75.57869,2,Standard
ST007049,Maharashtra,19.571511,75.639078,4,Standard
ST007050,Maharashtra,19.68442,75.547937,2,Standard
ST007051,Maharashtra,19.705522,75.574251,2,Standard
ST007052,Maharashtra,19.736254,75.77265,2,Standard
ST007053,Maharashtra,19.763711,75.655829,2,Standard
ST007054,Maharashtra,19.705458,75.694737,2,Standard
ST007055,Maharashtra,19.760529,75.693728,2,Standard
ST007056,Maharashtra,19.809206,75.608063,2,Standard
ST007057,Maharashtra,19.793357,75.8139,2,Standard
ST007058,Maharashtra,19.738381,75.777249,2,Standard
ST007059,Maharashtra,19.743958,75.724073,2,Standard
ST007060,Maharashtra,19.757782,75.713344,6,Hub
ST007061,Maharashtra,19.712706,75.650596,2,Standard
ST007062,Maharashtra,19.708189,75.657326,2,Standard
ST007063,Maharashtra,19.684269,75.584473,2,Standard
ST007064,Maharashtra,19.743183,75.692679,4,Standard
ST007065,Maharashtra,19.720578,75.667214,2,Standard
ST007066,Maharashtra,19.833111,75.728832,2,Standard
ST007067,Maharashtra,19.666093,75.751791,2,Standard
ST007068,Maharashtra,19.734202,75.654603,2,Standard
ST007069,Maharashtra,19.746671,75.725006,4,Standard
ST007070,Maharashtra,19.707593,75.609166,2,Standard
ST007071,Maharashtra,19.669013,75.828301,2,Standard
ST007072,Maharashtra,19.660225,75.692073,4,Standard
ST007073,Maharashtra,19.624552,75.704852,2,Standard
ST007074,Maharashtra,19.720535,75.665104,6,Hub
ST007075,Maharashtra,19.771356,75.738131,8,Hub
ST007076,Maharashtra,19.639708,75.579815,2,Standard
ST007077,Maharashtra,19.722932,75.732157,2,Standard
ST007078,Maharashtra,19.758405,75.547545,2,Standard
ST007079,Maharashtra,19.840276,75.631143,2,Standard
ST007080,Maharashtra,19.753476,75.711534,4,Standard
ST007081,Maharashtra,19.765969,75.725452,2,Standard
ST007082,Maharashtra,19.74826,75.700366,2,Standard
ST007083,Maharashtra,19.656983,75.716059,2,Standard
ST007084,Maharashtra,19.686702,75.875472,2,Standard
ST007085,Maharashtra,19.785292,75.775765,4,Standard
ST007086,Maharashtra,19.752421,75.707886,2,Standard
ST007087,Maharashtra,19.675505,75.569384,2,Standard
ST007088,Maharashtra,19.911127,75.641545,2,Standard
ST007089,Maharashtra,19.701979,75.820204,4,Standard
ST007090,Maharashtra,19.797111,75.737974,4,Standard
ST007091,Maharashtra,19.80381,75.749077,4,Standard
ST007092,Maharashtra,19.800655,75.664861,2,Standard
ST007093,Maharashtra,19.671297,75.681034,2,Standard
ST007094,Maharashtra,19.56401,75.763402,8,Hub
ST007095,Maharashtra,19.715623,75.834126,8,Hub
ST007096,Maharashtra,19.740781,75.719787,2,Standard
ST007097,Maharashtra,19.589197,75.724797,2,Standard
ST007098,Maharashtra,19.762824,75.721993,6,Hub
ST007099,Maharashtra,19.838515,75.839601,2,Standard
ST007100,Maharashtra,19.733118,75.602402,2,Standard
ST007101,Maharashtra,19.577364,75.749134,2,Standard
ST007102,Maharashtra,19.768506,75.552404,6,Hub
ST007103,Maharashtra,19.80126,75.595378,2,Standard
ST007104,Maharashtra,19.584547,75.758993,4,Standard
ST007105,Maharashtra,19.755756,75.711765,2,Standard
ST007106,Maharashtra,19.933276,75.774932,2,Standard
ST007107,Maharashtra,19.721835,75.886037,2,Standard
ST007108,Maharashtra,19.733262,75.729222,8,Hub
ST007109,Maharashtra,19.778888,75.729056,2,Standard
ST007110,Maharashtra,19.751566,75.811604,2,Standard
ST007111,Maharashtra,19.692306,75.52571,6,Hub
ST007112,Maharashtra,19.654784,75.751137,2,Standard
ST007113,Maharashtra,19.644625,75.699158,4,Standard
ST007114,Maharashtra,19.749756,75.713705,2,Standard
ST007115,Maharashtra,19.771032,75.714112,2,Standard
ST007116,Maharashtra,19.864739,75.797877,2,Standard
ST007117,Maharashtra,19.801514,75.885711,8,Hub
ST007118,Maharashtra,19.927368,75.629254,2,Standard
ST007119,Maharashtra,19.801943,75.693591,4,Standard
ST007120,Maharashtra,19.716475,75.711746,2,Standard
ST007121,Maharashtra,19.812958,75.547181,2,Standard
ST007122,Maharashtra,19.803011,75.644195,2,Standard
ST007123,Maharashtra,19.752563,75.694413,4,Standard
ST007124,Maharashtra,19.897357,75.751589,2,Standard
ST007125,Maharashtra,19.57389,75.803898,2,Standard
ST007126,Maharashtra,19.891658,75.812082,4,Standard
ST007127,Maharashtra,19.587377,75.734651,2,Standard
ST007128,Maharashtra,19.826498,75.546756,2,Standard
ST007129,Maharashtra,19.695245,75.895339,2,Standard
ST007130,Maharashtra,19.760997,75.727263,2,Standard
ST007131,Maharashtra,19.600894,75.782911,2,Standard
ST007132,Maharashtra,19.58795,75.74147,4,Standard
ST007133,Maharashtra,19.746169,75.672355,2,Standard
ST007134,Maharashtra,19.763035,75.710062,2,Standard
ST007135,Maharashtra,19.80037,75.67758,4,Standard
ST007136,Maharashtra,19.66703,75.713821,2,Standard
ST007137,Maharashtra,19.785282,75.777063,6,Hub
ST007138,Maharashtra,19.76581,75.752084,2,Standard
ST007139,Maharashtra,19.789179,75.804154,2,Standard
ST007140,Maharashtra,19.785255,75.605228,2,Standard
ST007141,Maharashtra,19.851208,75.634743,2,Standard
ST007142,Maharashtra,19.701833,75.58996,2,Standard
ST007143,Maharashtra,19.620525,75.756949,2,Standard
ST007144,Maharashtra,19.907238,75.786836,2,Standard
ST007145,Maharashtra,19.760027,75.665601,2,Standard
ST007146,Maharashtra,19.751786,75.711388,2,Standard
ST007147,Maharashtra,19.754162,75.726653,2,Standard
ST007148,Maharashtra,19.780039,75.565443,2,Standard
ST007149,Maharashtra,19.751849,75.713074,2,Standard
ST007150,Maharashtra,19.610537,75.712808,2,Standard
ST007151,Maharashtra,19.824276,75.82157,2,Standard
ST007152,Maharashtra,19.782818,75.732186,2,Standard
ST007153,Maharashtra,19.622296,75.733701,2,Standard
ST007154,Maharashtra,19.774045,75.743295,2,Standard
ST007155,Maharashtra,19.764978,75.759698,2,Standard
ST007156,Maharashtra,19.7631,75.792074,4,Standard
ST007157,Maharashtra,19.701708,75.641819,2,Standard
ST007158,Maharashtra,19.774873,75.571958,2,Standard
ST007159,Maharashtra,19.758341,75.720873,2,Standard
ST007160,Maharashtra,19.762997,75.702821,6,Hub
ST007161,Maharashtra,19.754139,75.717454,2,Standard
ST007162,Maharashtra,19.670885,75.629832,2,Standard
ST007163,Maharashtra,19.928286,75.69932,2,Standard
ST007164,Maharashtra,19.688542,75.753388,4,Standard
ST007165,Maharashtra,19.742656,75.74307,2,Standard
ST007166,Maharashtra,19.768608,75.734081,2,Standard
ST007167,Maharashtra,19.787759,75.74551,2,Standard
ST007168,Maharashtra,19.684462,75.894153,2,Standard
ST007169,Maharashtra,19.577508,75.620409,2,Standard
ST007170,Maharashtra,19.68782,75.77964,2,Standard
ST007171,Maharashtra,19.73498,75.746535,4,Standard
ST007172,Maharashtra,19.869064,75.861906,2,Standard
ST007173,Maharashtra,19.760451,75.713157,4,Standard
ST007174,Maharashtra,19.801139,75.782536,2,Standard
ST007175,Maharashtra,19.779842,75.78093,6,Hub
ST007176,Maharashtra,19.814378,75.780101,4,Standard
ST007177,Maharashtra,19.741936,75.783628,2,Standard
ST007178,Maharashtra,19.822526,75.761722,2,Standard
ST007179,Maharashtra,19.816903,75.706994,2,Standard
ST007180,Maharashtra,19.871812,75.595729,2,Standard
ST007181,Maharashtra,19.902407,75.667016,2,Standard
ST007182,Maharashtra,19.659338,75.569485,4,Standard
ST007183,Maharashtra,19.833806,75.756258,2,Standard
ST007184,Maharashtra,19.905069,75.703518,2,Standard
ST007185,Maharashtra,19.903021,75.677095,2,Standard
ST007186,Maharashtra,19.851344,75.613908,2,Standard
ST007187,Maharashtra,19.758399,75.609492,2,Standard
ST007188,Maharashtra,19.898163,75.638285,6,Hub
ST007189,Maharashtra,19.826376,75.602046,2,Standard
ST007190,Maharashtra,19.749104,75.720611,6,Hub
ST007191,Maharashtra,19.859274,75.667788,2,Standard
ST007192,Maharashtra,19.742615,75.742373,2,Standard
ST007193,Maharashtra,19.83166,75.56705,2,Standard
ST007194,Maharashtra,19.802372,75.595337,2,Standard
ST007195,Maharashtra,19.710993,75.75926,2,Standard
ST007196,Maharashtra,19.917981,75.722857,2,Standard
ST007197,Maharashtra,19.859089,75.779768,8,Hub
ST007198,Maharashtra,19.646197,75.711203,2,Standard
ST007199,Maharashtra,19.757164,75.71109,2,Standard
ST007200,Maharashtra,19.753025,75.703602,2,Standard
ST007201,Maharashtra,19.835005,75.734311,2,Standard
ST007202,Maharashtra,19.897096,75.774825,2,Standard
ST007203,Maharashtra,19.745792,75.712827,2,Standard
ST007204,Maharashtra,19.870088,75.744746,4,Standard
ST007205,Maharashtra,19.781735,75.631726,2,Standard
ST007206,Maharashtra,19.600849,75.66011,2,Standard
ST007207,Maharashtra,19.716955,75.685136,2,Standard
ST007208,Maharashtra,19.656234,75.631962,2,Standard
ST007209,Maharashtra,19.739121,75.590344,2,Standard
ST007210,Maharashtra,19.790223,75.706322,6,Hub
ST007211,Maharashtra,19.854124,75.681331,2,Standard
ST007212,Maharashtra,19.742132,75.696352,2,Standard
ST007213,Maharashtra,19.638949,75.818829,6,Hub
ST007214,Maharashtra,19.749353,75.706165,4,Standard
ST007215,Maharashtra,19.734596,75.708805,2,Standard
ST007216,Maharashtra,19.930899,75.709228,2,Standard
ST007217,Maharashtra,19.921726,75.73658,4,Standard
ST007218,Maharashtra,19.813341,75.679614,2,Standard
ST007219,Maharashtra,19.73466,75.627098,2,Standard
ST007220,Maharashtra,19.713325,75.65755,2,Standard
ST007221,Maharashtra,19.714127,75.790117,2,Standard
ST007222,Maharashtra,19.852913,75.845608,2,Standard
ST007223,Maharashtra,19.704991,75.779028,2,Standard
ST007224,Maharashtra,19.829619,75.652558,2,Standard
ST007225,Maharashtra,19.567548,75.661391,4,Standard
ST007226,Maharashtra,19.777165,75.691763,2,Standard
ST007227,Maharashtra,19.559985,75.746439,2,Standard
ST007228,Maharashtra,19.699828,75.767311,2,Standard
ST007229,Maharashtra,19.759241,75.735414,2,Standard
ST007230,Maharashtra,19.742124,75.56018,2,Standard
ST007231,Maharashtra,19.903261,75.683973,2,Standard
ST007232,Maharashtra,19.751835,75.721916,2,Standard
ST007233,Maharashtra,19.819305,75.707678,2,Standard
ST007234,Maharashtra,19.682717,75.881528,4,Standard
ST007235,Maharashtra,19.714524,75.692001,4,Standard
ST007236,Maharashtra,19.903858,75.586394,2,Standard
ST007237,Maharashtra,19.899001,75.803245,2,Standard
ST007238,Maharashtra,19.670523,75.780449,2,Standard
ST007239,Maharashtra,19.918951,75.614608,2,Standard
ST007240,Maharashtra,19.74825,75.756346,2,Standard
ST007241,Maharashtra,19.849785,75.768349,2,Standard
ST007242,Maharashtra,19.833579,75.720933,6,Hub
ST007243,Maharashtra,19.824082,75.749959,4,Standard
ST007244,Maharashtra,19.913313,75.755373,2,Standard
ST007245,Maharashtra,19.767934,75.777472,2,Standard
ST007246,Maharashtra,19.853704,75.60513,4,Standard
ST007247,Maharashtra,19.75428,75.728009,2,Standard
ST007248,Maharashtra,19.734777,75.63757,2,Standard
ST007249,Maharashtra,19.760483,75.625295,2,Standard
ST007250,Maharashtra,19.700308,75.788216,2,Standard
ST007251,Maharashtra,19.749866,75.533463,2,Standard
ST007252,Maharashtra,19.851239,75.746146,8,Hub
ST007253,Maharashtra,19.843195,75.733091,2,Standard
ST007254,Maharashtra,19.805831,75.666172,2,Standard
ST007255,Maharashtra,19.866432,75.661963,2,Standard
ST007256,Maharashtra,19.890158,75.653022,4,Standard
ST007257,Maharashtra,19.788306,75.741874,4,Standard
ST007258,Maharashtra,19.724727,75.734892,2,Standard
ST007259,Maharashtra,19.657275,75.716914,4,Standard
ST007260,Maharashtra,19.83499,75.690359,2,Standard
ST007261,Maharashtra,19.793318,75.530218,2,Standard
ST007262,Maharashtra,19.781377,75.684761,2,Standard
ST007263,Maharashtra,19.681974,75.715635,2,Standard
ST007264,Maharashtra,19.693158,75.756367,2,Standard
ST007265,Maharashtra,19.79324,75.633682,2,Standard
ST007266,Maharashtra,19.557184,75.684755,2,Standard
ST007267,Maharashtra,19.842243,75.749814,2,Standard
ST007268,Maharashtra,19.756053,75.684012,2,Standard
ST007269,Maharashtra,19.714893,75.683018,2,Standard
ST007270,Maharashtra,19.795499,75.665487,2,Standard
ST007271,Maharashtra,19.694482,75.819078,2,Standard
ST007272,Maharashtra,19.7746,75.765985,4,Standard
ST007273,Maharashtra,19.690256,75.749277,4,Standard
ST007274,Maharashtra,19.633034,75.695231,2,Standard
ST007275,Maharashtra,19.631978,75.660685,2,Standard
ST007276,Maharashtra,19.742525,75.737539,2,Standard
ST007277,Maharashtra,19.763046,75.544136,6,Hub
ST007278,Maharashtra,19.747917,75.79524,2,Standard
ST007279,Maharashtra,19.644839,75.714859,4,Standard
ST007280,Maharashtra,19.747019,75.706889,2,Standard
ST007281,Maharashtra,19.749291,75.701704,6,Hub
ST007282,Maharashtra,19.589241,75.746665,2,Standard
ST007283,Maharashtra,19.723072,75.722897,6,Hub
ST007284,Maharashtra,19.928571,75.6972,2,Standard
ST007285,Maharashtra,19.762489,75.632335,6,Hub
ST007286,Maharashtra,19.827527,75.88615,2,Standard
ST007287,Maharashtra,19.584539,75.679487,2,Standard
ST007288,Maharashtra,19.714827,75.770041,4,Standard
ST007289,Maharashtra,19.855436,75.704431,2,Standard
ST007290,Maharashtra,19.779357,75.747874,2,Standard
ST007291,Maharashtra,19.74306,75.714862,2,Standard
ST007292,Maharashtra,19.670023,75.733443,4,Standard
ST007293,Maharashtra,19.764511,75.644114,6,Hub
ST007294,Maharashtra,19.787437,75.709944,2,Standard
ST007295,Maharashtra,19.736413,75.704194,2,Standard
ST007296,Maharashtra,19.731364,75.515971,4,Standard
ST007297,Maharashtra,19.798276,75.613082,2,Standard
ST007298,Maharashtra,19.585261,75.729887,4,Standard
ST007299,Maharashtra,19.933547,75.63644,4,Standard
ST007300,Maharashtra,19.593737,75.833848,4,Standard
ST007301,Maharashtra,19.779759,75.756006,2,Standard
ST007302,Maharashtra,19.797566,75.742737,6,Hub
ST007303,Maharashtra,19.770685,75.544397,4,Standard
ST007304,Maharashtra,19.774287,75.589761,4,Standard
ST007305,Maharashtra,19.610305,75.701478,2,Standard
ST007306,Maharashtra,19.621292,75.820474,2,Standard
ST007307,Maharashtra,19.689858,75.58869,2,Standard
ST007308,Maharashtra,19.578948,75.674263,2,Standard
ST007309,Maharashtra,19.750535,75.790123,2,Standard
ST007310,Maharashtra,19.768531,75.616833,2,Standard
ST007311,Maharashtra,19.804662,75.669476,2,Standard
ST007312,Maharashtra,19.63037,75.843983,4,Standard
ST007313,Maharashtra,19.650851,75.736816,4,Standard
ST007314,Maharashtra,19.724005,75.761919,4,Standard
ST007315,Maharashtra,19.738146,75.693996,2,Standard
ST007316,Maharashtra,19.864614,75.606702,2,Standard
ST007317,Maharashtra,19.80199,75.843195,2,Standard
ST007318,Maharashtra,19.722005,75.691716,2,Standard
ST007319,Maharashtra,19.739617,75.79483,2,Standard
ST007320,Maharashtra,19.711447,75.592597,2,Standard
ST007321,Maharashtra,19.600959,75.682986,2,Standard
ST007322,Maharashtra,19.757661,75.590482,2,Standard
ST007323,Maharashtra,19.766898,75.648845,2,Standard
ST007324,Maharashtra,19.841808,75.630419,2,Standard
ST007325,Maharashtra,19.799482,75.615744,2,Standard
ST007326,Maharashtra,19.772872,75.820256,2,Standard
ST007327,Maharashtra,19.655298,75.814922,2,Standard
ST007328,Maharashtra,19.586208,75.739235,2,Standard
ST007329,Maharashtra,19.691711,75.590736,2,Standard
ST007330,Maharashtra,19.791836,75.906573,8,Hub
ST007331,Maharashtra,19.837452,75.581562,2,Standard
ST007332,Maharashtra,19.699765,75.807706,2,Standard
ST007333,Maharashtra,19.821646,75.795617,4,Standard
ST007334,Maharashtra,19.818803,75.801675,2,Standard
ST007335,Maharashtra,19.705124,75.651135,2,Standard
ST007336,Maharashtra,19.576377,75.715501,2,Standard
ST007337,Maharashtra,19.874414,75.813728,2,Standard
ST007338,Maharashtra,19.755006,75.72035,2,Standard
ST007339,Maharashtra,19.81176,75.854543,2,Standard
ST007340,Maharashtra,19.607093,75.811871,4,Standard
ST007341,Maharashtra,19.747103,75.713212,2,Standard
ST007342,Maharashtra,19.746923,75.692334,4,Standard
ST007343,Maharashtra,19.759734,75.681303,6,Hub
ST007344,Maharashtra,19.665568,75.839586,8,Hub
ST007345,Maharashtra,19.822736,75.69283,4,Standard
ST007346,Maharashtra,19.769757,75.680392,2,Standard
ST007347,Maharashtra,19.797734,75.590797,2,Standard
ST007348,Maharashtra,19.772799,75.770528,2,Standard
ST007349,Maharashtra,19.803307,75.770314,4,Standard
ST007350,Maharashtra,19.788483,75.837276,2,Standard
ST007351,Maharashtra,19.7539,75.713817,2,Standard
ST007352,Maharashtra,19.640538,75.684725,4,Standard
ST007353,Maharashtra,19.838351,75.661952,2,Standard
ST007354,Maharashtra,19.660703,75.688323,2,Standard
ST007355,Maharashtra,19.750172,75.725027,2,Standard
ST007356,Maharashtra,19.742667,75.719611,2,Standard
ST007357,Maharashtra,19.693108,75.694727,2,Standard
ST007358,Maharashtra,19.725237,75.708271,2,Standard
ST007359,Maharashtra,19.914614,75.640412,4,Standard
ST007360,Maharashtra,19.776787,75.777765,2,Standard
ST007361,Maharashtra,19.737026,75.701381,2,Standard
ST007362,Maharashtra,19.720826,75.753667,2,Standard
ST007363,Maharashtra,19.898539,75.627584,2,Standard
ST007364,Maharashtra,19.660251,75.66386,2,Standard
ST007365,Maharashtra,19.920598,75.635269,2,Standard
ST007366,Maharashtra,19.776112,75.709098,2,Standard
ST007367,Maharashtra,19.823622,75.828431,2,Standard
ST007368,Maharashtra,19.747931,75.712949,2,Standard
ST007369,Maharashtra,19.915819,75.781329,2,Standard
ST007370,Maharashtra,19.800043,75.661466,2,Standard
ST007371,Maharashtra,19.843485,75.638821,2,Standard
ST007372,Maharashtra,19.780915,75.633634,4,Standard
ST007373,Maharashtra,19.817143,75.770608,4,Standard
ST007374,Maharashtra,19.645253,75.74311,2,Standard
ST007375,Maharashtra,19.907726,75.836,2,Standard
ST007376,Maharashtra,19.752963,75.753584,6,Hub
ST007377,Maharashtra,19.645578,75.695891,2,Standard
ST007378,Maharashtra,19.608027,75.770892,8,Hub
ST007379,Maharashtra,19.630228,75.701163,2,Standard
ST007380,Maharashtra,19.750678,75.708963,4,Standard
ST007381,Maharashtra,19.591797,75.637959,2,Standard
ST007382,Maharashtra,19.832053,75.722736,2,Standard
ST007383,Maharashtra,19.814678,75.682321,6,Hub
ST007384,Maharashtra,19.561755,75.764237,6,Hub
ST007385,Maharashtra,19.755586,75.726295,2,Standard
ST007386,Maharashtra,19.86173,75.579666,6,Hub
ST007387,Maharashtra,19.650237,75.73185,2,Standard
ST007388,Maharashtra,19.827335,75.587141,2,Standard
ST007389,Maharashtra,19.751179,75.717263,2,Standard
ST007390,Maharashtra,19.581113,75.735751,2,Standard
ST007391,Maharashtra,19.903226,75.597479,4,Standard
ST007392,Maharashtra,19.835848,75.634255,2,Standard
ST007393,Maharashtra,19.605822,75.766755,2,Standard
ST007394,Maharashtra,19.744622,75.606491,2,Standard
ST007395,Maharashtra,19.909528,75.810504,2,Standard
ST007396,Maharashtra,19.681642,75.733909,2,Standard
ST007397,Maharashtra,19.658979,75.61591,2,Standard
ST007398,Maharashtra,19.792426,75.876207,4,Standard
ST007399,Maharashtra,19.742229,75.750067,2,Standard
ST007400,Maharashtra,19.629936,75.794961,2,Standard
ST007401,Maharashtra,19.909559,75.679047,2,Standard
ST007402,Maharashtra,19.777669,75.703605,2,Standard
ST007403,Maharashtra,19.852071,75.762137,2,Standard
ST007404,Maharashtra,19.710014,75.874231,2,Standard
ST007405,Maharashtra,19.660102,75.542614,2,Standard
ST007406,Maharashtra,19.748575,75.811013,4,Standard
ST007407,Maharashtra,19.703666,75.713527,2,Standard
ST007408,Maharashtra,19.676672,75.666351,4,Standard
ST007409,Maharashtra,19.68298,75.737735,2,Standard
ST007410,Maharashtra,19.855329,75.724986,2,Standard
ST007411,Maharashtra,19.751365,75.714127,2,Standard
ST007412,Maharashtra,19.731657,75.765973,2,Standard
ST007413,Maharashtra,19.730822,75.730265,2,Standard
ST007414,Maharashtra,19.613173,75.707217,8,Hub
ST007415,Maharashtra,19.641595,75.596589,2,Standard
ST007416,Maharashtra,19.652366,75.744733,2,Standard
ST007417,Maharashtra,19.78319,75.634446,2,Standard
ST007418,Maharashtra,19.725472,75.630968,2,Standard
ST007419,Maharashtra,19.619321,75.789034,2,Standard
ST007420,Maharashtra,19.782305,75.774205,4,Standard
ST007421,Maharashtra,19.763104,75.784778,2,Standard
ST007422,Maharashtra,19.765753,75.828901,4,Standard
ST007423,Maharashtra,19.798393,75.563728,2,Standard
ST007424,Maharashtra,19.62119,75.862645,2,Standard
ST007425,Maharashtra,19.685111,75.669477,2,Standard
ST007426,Maharashtra,19.826233,75.588506,2,Standard
ST007427,Maharashtra,19.751321,75.674673,2,Standard
ST007428,Maharashtra,19.582537,75.747979,2,Standard
ST007429,Maharashtra,19.614853,75.710432,2,Standard
ST007430,Maharashtra,19.608095,75.625483,4,Standard
ST007431,Maharashtra,19.726703,75.826292,2,Standard
ST007432,Maharashtra,19.850187,75.810422,2,Standard
ST007433,Maharashtra,19.750531,75.705387,2,Standard
ST007434,Maharashtra,19.714215,75.639815,4,Standard
ST007435,Maharashtra,19.81122,75.772946,2,Standard
ST007436,Maharashtra,19.78003,75.791962,2,Standard
ST007437,Maharashtra,19.641131,75.812021,8,Hub
ST007438,Maharashtra,19.769901,75.593897,2,Standard
ST007439,Maharashtra,19.935816,75.740353,2,Standard
ST007440,Maharashtra,19.748833,75.707603,2,Standard
ST007441,Maharashtra,19.768288,75.677535,2,Standard
ST007442,Maharashtra,19.669498,75.66934,6,Hub
ST007443,Maharashtra,19.595655,75.799782,4,Standard
ST007444,Maharashtra,19.737583,75.719679,4,Standard
ST007445,Maharashtra,19.925356,75.653323,6,Hub
ST007446,Maharashtra,19.71403,75.628151,2,Standard
ST007447,Maharashtra,19.883486,75.801026,2,Standard
ST007448,Maharashtra,19.763706,75.720166,4,Standard
ST007449,Maharashtra,19.720354,75.706446,2,Standard
ST007450,Maharashtra,19.836023,75.718009,2,Standard
ST007451,Maharashtra,19.772393,75.738274,2,Standard
ST007452,Maharashtra,19.787822,75.73296,4,Standard
ST007453,Maharashtra,19.716688,75.555904,2,Standard
ST007454,Maharashtra,19.654662,75.743669,4,Standard
ST007455,Maharashtra,19.765072,75.716725,2,Standard
ST007456,Maharashtra,19.74633,75.822557,2,Standard
ST007457,Maharashtra,19.743562,75.59316,4,Standard
ST007458,Maharashtra,19.733066,75.728739,6,Hub
ST007459,Maharashtra,19.76548,75.642499,2,Standard
ST007460,Maharashtra,19.742522,75.611698,2,Standard
ST007461,Maharashtra,19.738584,75.532902,2,Standard
ST007462,Maharashtra,19.845615,75.66295,4,Standard
ST007463,Maharashtra,19.698503,75.710061,2,Standard
ST007464,Maharashtra,19.835733,75.677951,2,Standard
ST007465,Maharashtra,19.811689,75.776082,2,Standard
ST007466,Maharashtra,19.821646,75.78588,2,Standard
ST007467,Maharashtra,19.688894,75.68853,2,Standard
ST007468,Maharashtra,19.921399,75.796011,4,Standard
ST007469,Maharashtra,19.77603,75.547927,4,Standard
ST007470,Maharashtra,19.649538,75.826852,6,Hub
ST007471,Maharashtra,19.711453,75.717591,2,Standard
ST007472,Maharashtra,19.800474,75.76252,4,Standard
ST007473,Maharashtra,19.881115,75.86576,2,Standard
ST007474,Maharashtra,19.835548,75.740736,2,Standard
ST007475,Maharashtra,19.694077,75.731726,2,Standard
ST007476,Maharashtra,19.724469,75.700899,2,Standard
ST007477,Maharashtra,19.76556,75.648914,2,Standard
ST007478,Maharashtra,19.631304,75.636192,2,Standard
ST007479,Maharashtra,19.879653,75.606577,4,Standard
ST007480,Maharashtra,19.691125,75.665024,2,Standard
ST007481,Maharashtra,19.597784,75.710804,2,Standard
ST007482,Maharashtra,19.76641,75.69946,2,Standard
ST007483,Maharashtra,19.635158,75.816656,6,Hub
ST007484,Maharashtra,19.691088,75.741566,2,Standard
ST007485,Maharashtra,19.649167,75.777656,2,Standard
ST007486,Maharashtra,19.850098,75.713779,2,Standard
ST007487,Maharashtra,19.759898,75.745368,2,Standard
ST007488,Maharashtra,19.85933,75.74329,2,Standard
ST007489,Maharashtra,19.712052,75.702554,2,Standard
ST007490,Maharashtra,19.701581,75.574338,2,Standard
ST007491,Maharashtra,19.747568,75.782608,2,Standard
ST007492,Maharashtra,19.826219,75.709421,2,Standard
ST007493,Maharashtra,19.75764,75.623563,2,Standard
ST007494,Maharashtra,19.792872,75.565764,6,Hub
ST007495,Maharashtra,19.667038,75.565266,2,Standard
ST007496,Maharashtra,19.85914,75.67067,2,Standard
ST007497,Maharashtra,19.757771,75.793379,8,Hub
ST007498,Maharashtra,19.75829,75.583901,2,Standard
ST007499,Maharashtra,19.755991,75.723111,2,Standard
ST007500,Maharashtra,19.730968,75.668073,2,Standard
ST007501,Maharashtra,19.602151,75.714209,2,Standard
ST007502,Maharashtra,19.736114,75.707508,2,Standard
ST007503,Maharashtra,19.768774,75.754221,2,Standard
ST007504,Maharashtra,19.745915,75.826843,4,Standard
ST007505,Maharashtra,19.710881,75.712888,4,Standard
ST007506,Maharashtra,19.782744,75.72802,2,Standard
ST007507,Maharashtra,19.844759,75.704719,2,Standard
ST007508,Maharashtra,19.865622,75.588236,4,Standard
ST007509,Maharashtra,19.610533,75.703679,2,Standard
ST007510,Maharashtra,19.799962,75.842768,2,Standard
ST007511,Maharashtra,19.728172,75.878669,2,Standard
ST007512,Maharashtra,19.885221,75.791542,2,Standard
ST007513,Maharashtra,19.89412,75.817433,2,Standard
ST007514,Maharashtra,19.707782,75.837261,2,Standard
ST007515,Maharashtra,19.678465,75.719647,2,Standard
ST007516,Maharashtra,19.635767,75.56384,4,Standard
ST007517,Maharashtra,19.929127,75.76102,2,Standard
ST007518,Maharashtra,19.626499,75.611699,2,Standard
ST007519,Maharashtra,19.681156,75.776806,2,Standard
ST007520,Maharashtra,19.807858,75.653009,4,Standard
ST007521,Maharashtra,19.747556,75.713027,2,Standard
ST007522,Maharashtra,19.821218,75.821649,2,Standard
ST007523,Maharashtra,19.727496,75.599879,4,Standard
ST007524,Maharashtra,19.806843,75.783704,2,Standard
ST007525,Maharashtra,19.690695,75.792194,2,Standard
ST007526,Maharashtra,19.857956,75.601004,6,Hub
ST007527,Maharashtra,19.905338,75.803566,2,Standard
ST007528,Maharashtra,19.605062,75.740153,2,Standard
ST007529,Maharashtra,19.836981,75.817281,2,Standard
ST007530,Maharashtra,19.759024,75.801253,4,Standard
ST007531,Maharashtra,19.781652,75.717107,2,Standard
ST007532,Maharashtra,19.791645,75.740119,2,Standard
ST007533,Maharashtra,19.863444,75.795252,4,Standard
ST007534,Maharashtra,19.872997,75.736318,2,Standard
ST007535,Maharashtra,19.871345,75.860086,4,Standard
ST007536,Maharashtra,19.792674,75.695494,2,Standard
ST007537,Maharashtra,19.747285,75.710211,2,Standard
ST007538,Maharashtra,19.846637,75.670431,2,Standard
ST007539,Maharashtra,19.817489,75.732275,2,Standard
ST007540,Maharashtra,19.821104,75.75039,2,Standard
ST007541,Maharashtra,19.706188,75.631567,2,Standard
ST007542,Maharashtra,19.733751,75.729803,2,Standard
ST007543,Maharashtra,19.752137,75.733919,2,Standard
ST007544,Maharashtra,19.761061,75.688598,4,Standard
ST007545,Maharashtra,19.694896,75.675237,2,Standard
ST007546,Maharashtra,19.77073,75.84034,4,Standard
ST007547,Maharashtra,19.674374,75.735259,2,Standard
ST007548,Maharashtra,19.669498,75.659775,2,Standard
ST007549,Maharashtra,19.714629,75.819458,2,Standard
ST007550,Maharashtra,19.748913,75.70923,2,Standard
ST007551,Maharashtra,19.740228,75.716355,4,Standard
ST007552,Maharashtra,19.795111,75.817171,2,Standard
ST007553,Maharashtra,19.869248,75.582335,2,Standard
ST007554,Maharashtra,19.827356,75.749563,2,Standard
ST007555,Maharashtra,19.725997,75.699245,2,Standard
ST007556,Maharashtra,19.76591,75.565752,2,Standard
ST007557,Maharashtra,19.752894,75.712931,2,Standard
ST007558,Maharashtra,19.785878,75.875726,2,Standard
ST007559,Maharashtra,19.665897,75.556835,4,Standard
ST007560,Maharashtra,19.86327,75.755877,6,Hub
ST007561,Maharashtra,19.745026,75.710901,2,Standard
ST007562,Maharashtra,19.630036,75.703555,2,Standard
ST007563,Maharashtra,19.77121,75.764889,4,Standard
ST007564,Maharashtra,19.691956,75.641603,2,Standard
ST007565,Maharashtra,19.794487,75.660597,2,Standard
ST007566,Maharashtra,19.730919,75.909795,4,Standard
ST007567,Maharashtra,19.756418,75.710828,2,Standard
ST007568,Maharashtra,19.754366,75.69202,6,Hub
ST007569,Maharashtra,19.805425,75.723306,2,Standard
ST007570,Maharashtra,19.731631,75.876555,2,Standard
ST007571,Maharashtra,19.703474,75.523543,2,Standard
ST007572,Maharashtra,19.731468,75.632683,2,Standard
ST007573,Maharashtra,19.688451,75.524212,2,Standard
ST007574,Maharashtra,19.713747,75.566316,2,Standard
ST007575,Maharashtra,19.772547,75.705316,2,Standard
ST007576,Maharashtra,19.703805,75.55056,2,Standard
ST007577,Maharashtra,19.791972,75.70197,2,Standard
ST007578,Maharashtra,19.615431,75.71054,4,Standard
ST007579,Maharashtra,19.753411,75.833979,2,Standard
ST007580,Maharashtra,19.748325,75.780516,4,Standard
ST007581,Maharashtra,19.652727,75.751921,4,Standard
ST007582,Maharashtra,19.657811,75.744755,2,Standard
ST007583,Maharashtra,19.741944,75.744223,2,Standard
ST007584,Maharashtra,19.788974,75.72539,4,Standard
ST007585,Maharashtra,19.61466,75.63648,4,Standard
ST007586,Maharashtra,19.762049,75.732876,2,Standard
ST007587,Maharashtra,19.751228,75.652869,2,Standard
ST007588,Maharashtra,19.887781,75.671035,2,Standard
ST007589,Maharashtra,19.724642,75.765204,2,Standard
ST007590,Maharashtra,19.735846,75.711552,2,Standard
ST007591,Maharashtra,19.777488,75.7376,2,Standard
ST007592,Maharashtra,19.767401,75.612366,6,Hub
ST007593,Maharashtra,19.885907,75.722837,4,Standard
ST007594,Maharashtra,19.66085,75.761032,2,Standard
ST007595,Maharashtra,19.776171,75.821463,2,Standard
ST007596,Maharashtra,19.766063,75.711981,2,Standard
ST007597,Maharashtra,19.741221,75.7614,2,Standard
ST007598,Maharashtra,19.75219,75.789638,2,Standard
ST007599,Maharashtra,19.827268,75.547793,2,Standard
ST007600,Maharashtra,19.783616,75.817632,2,Standard
ST007601,Maharashtra,19.683421,75.634796,2,Standard
ST007602,Maharashtra,19.716352,75.729353,6,Hub
ST007603,Maharashtra,19.671477,75.719834,6,Hub
ST007604,Maharashtra,19.794627,75.567395,2,Standard
ST007605,Maharashtra,19.763291,75.727106,2,Standard
ST007606,Maharashtra,19.841257,75.655467,2,Standard
ST007607,Maharashtra,19.758789,75.704837,2,Standard
ST007608,Maharashtra,19.645108,75.696009,4,Standard
ST007609,Maharashtra,19.76401,75.698913,2,Standard
ST007610,Maharashtra,19.756378,75.795061,2,Standard
ST007611,Maharashtra,19.876422,75.573705,2,Standard
ST007612,Maharashtra,19.943138,75.705134,6,Hub
ST007613,Maharashtra,19.761035,75.714256,2,Standard
ST007614,Maharashtra,19.793355,75.769724,2,Standard
ST007615,Maharashtra,19.837427,75.557408,6,Hub
ST007616,Maharashtra,19.799405,75.8282,2,Standard
ST007617,Maharashtra,19.832023,75.667878,2,Standard
ST007618,Maharashtra,19.824359,75.769355,2,Standard
ST007619,Maharashtra,19.6694,75.795184,4,Standard
ST007620,Maharashtra,19.748285,75.715204,4,Standard
ST007621,Maharashtra,19.860131,75.709801,2,Standard
ST007622,Maharashtra,19.563191,75.745388,2,Standard
ST007623,Maharashtra,19.772604,75.745317,2,Standard
ST007624,Maharashtra,19.770097,75.665161,2,Standard
ST007625,Maharashtra,19.768031,75.66217,2,Standard
ST007626,Maharashtra,19.852663,75.735306,2,Standard
ST007627,Maharashtra,19.801328,75.857045,2,Standard
ST007628,Maharashtra,19.634831,75.570687,6,Hub
ST007629,Maharashtra,19.75894,75.678519,2,Standard
ST007630,Maharashtra,19.791283,75.591874,2,Standard
ST007631,Maharashtra,19.670352,75.568568,2,Standard
ST007632,Maharashtra,19.668147,75.672202,2,Standard
ST007633,Maharashtra,19.712554,75.668796,2,Standard
ST007634,Maharashtra,19.802178,75.826323,2,Standard
ST007635,Maharashtra,19.753119,75.729801,4,Standard
ST007636,Maharashtra,19.873163,75.714324,6,Hub
ST007637,Maharashtra,19.654035,75.828528,2,Standard
ST007638,Maharashtra,19.682693,75.782555,2,Standard
ST007639,Maharashtra,19.642936,75.785619,2,Standard
ST007640,Maharashtra,19.632273,75.865356,2,Standard
ST007641,Maharashtra,19.907638,75.647665,2,Standard
ST007642,Maharashtra,19.830298,75.670774,2,Standard
ST007643,Maharashtra,19.606953,75.680223,6,Hub
ST007644,Maharashtra,19.692367,75.545865,4,Standard
ST007645,Maharashtra,19.709594,75.518772,4,Standard
ST007646,Maharashtra,19.654845,75.849595,4,Standard
ST007647,Maharashtra,19.70682,75.58304,2,Standard
ST007648,Maharashtra,19.679435,75.853519,2,Standard
ST007649,Maharashtra,19.786922,75.688292,2,Standard
ST007650,Maharashtra,19.696217,75.658271,8,Hub
ST007651,Maharashtra,19.84706,75.707615,2,Standard
ST007652,Maharashtra,19.761871,75.789564,2,Standard
ST007653,Maharashtra,19.742855,75.701376,2,Standard
ST007654,Maharashtra,19.603341,75.601046,2,Standard
ST007655,Maharashtra,19.75948,75.702968,2,Standard
ST007656,Maharashtra,19.891125,75.708098,2,Standard
ST007657,Maharashtra,19.7528,75.716016,2,Standard
ST007658,Maharashtra,19.831072,75.861446,2,Standard
ST007659,Maharashtra,19.797699,75.72022,2,Standard
ST007660,Maharashtra,19.756879,75.596801,2,Standard
ST007661,Maharashtra,19.781978,75.567815,2,Standard
ST007662,Maharashtra,19.921056,75.769701,4,Standard
ST007663,Maharashtra,19.767417,75.823428,2,Standard
ST007664,Maharashtra,19.73071,75.687344,2,Standard
ST007665,Maharashtra,19.848044,75.699374,2,Standard
ST007666,Maharashtra,19.926792,75.780317,4,Standard
ST007667,Maharashtra,19.631706,75.64176,2,Standard
ST007668,Maharashtra,19.586637,75.687602,2,Standard
ST007669,Maharashtra,19.804017,75.724994,4,Standard
ST007670,Maharashtra,19.736457,75.716804,4,Standard
ST007671,Maharashtra,19.729965,75.63817,4,Standard
ST007672,Maharashtra,19.751404,75.714569,2,Standard
ST007673,Maharashtra,19.720077,75.550125,4,Standard
ST007674,Maharashtra,19.662318,75.78304,2,Standard
ST007675,Maharashtra,19.768889,75.837119,2,Standard
ST007676,Maharashtra,19.848945,75.721346,4,Standard
ST007677,Maharashtra,19.638224,75.569361,4,Standard
ST007678,Maharashtra,19.639065,75.817722,2,Standard
ST007679,Maharashtra,19.599938,75.607114,4,Standard
ST007680,Maharashtra,19.700254,75.751936,2,Standard
ST007681,Maharashtra,19.758975,75.707487,2,Standard
ST007682,Maharashtra,19.762291,75.726357,2,Standard
ST007683,Maharashtra,19.752672,75.712131,2,Standard
ST007684,Maharashtra,19.809751,75.644961,2,Standard
ST007685,Maharashtra,19.831803,75.715931,2,Standard
ST007686,Maharashtra,19.799796,75.829063,2,Standard
ST007687,Maharashtra,19.709629,75.625842,2,Standard
ST007688,Maharashtra,19.878496,75.746949,4,Standard
ST007689,Maharashtra,19.830246,75.593261,2,Standard
ST007690,Maharashtra,19.77081,75.678753,2,Standard
ST007691,Maharashtra,19.800863,75.672479,8,Hub
ST007692,Maharashtra,19.91958,75.72809,2,Standard
ST007693,Maharashtra,19.873949,75.667033,4,Standard
ST007694,Maharashtra,19.757359,75.763907,2,Standard
ST007695,Maharashtra,19.575875,75.751315,8,Hub
ST007696,Maharashtra,19.848937,75.847299,4,Standard
ST007697,Maharashtra,19.710002,75.870202,2,Standard
ST007698,Maharashtra,19.826493,75.672838,2,Standard
ST007699,Maharashtra,19.645358,75.834217,2,Standard
ST007700,Maharashtra,19.616952,75.688686,2,Standard
ST007701,Maharashtra,19.729585,75.692575,2,Standard
ST007702,Maharashtra,19.773466,75.681487,2,Standard
ST007703,Maharashtra,19.797146,75.693215,2,Standard
ST007704,Maharashtra,19.745744,75.657261,2,Standard
ST007705,Maharashtra,19.725885,75.770361,4,Standard
ST007706,Maharashtra,19.750025,75.602547,4,Standard
ST007707,Maharashtra,19.797086,75.672656,2,Standard
ST007708,Maharashtra,19.697821,75.573202,2,Standard
ST007709,Maharashtra,19.797986,75.779152,2,Standard
ST007710,Maharashtra,19.680777,75.721565,2,Standard
ST007711,Maharashtra,19.691404,75.837331,2,Standard
ST007712,Maharashtra,19.781696,75.852528,4,Standard
ST007713,Maharashtra,19.855255,75.669035,4,Standard
ST007714,Maharashtra,19.740957,75.705017,2,Standard
ST007715,Maharashtra,19.789113,75.670953,2,Standard
ST007716,Maharashtra,19.604653,75.584353,2,Standard
ST007717,Maharashtra,19.631879,75.632052,6,Hub
ST007718,Maharashtra,19.740132,75.717967,4,Standard
ST007719,Maharashtra,19.753562,75.707211,2,Standard
ST007720,Maharashtra,19.750101,75.709534,2,Standard
ST007721,Maharashtra,19.771946,75.689901,2,Standard
ST007722,Maharashtra,19.63255,75.703205,2,Standard
ST007723,Maharashtra,19.685758,75.731865,2,Standard
ST007724,Maharashtra,19.690486,75.72641,2,Standard
ST007725,Maharashtra,19.685075,75.74111,4,Standard
ST007726,Maharashtra,19.707973,75.694672,2,Standard
ST007727,Maharashtra,19.85142,75.706766,8,Hub
ST007728,Maharashtra,19.784292,75.803501,2,Standard
ST007729,Maharashtra,19.754413,75.710654,2,Standard
ST007730,Maharashtra,19.70456,75.614868,2,Standard
ST007731,Maharashtra,19.830662,75.856953,2,Standard
ST007732,Maharashtra,19.711577,75.757015,4,Standard
ST007733,Maharashtra,19.8117,75.601274,2,Standard
ST007734,Maharashtra,19.852601,75.638742,2,Standard
ST007735,Maharashtra,19.741854,75.546889,2,Standard
ST007736,Maharashtra,19.89762,75.766236,2,Standard
ST007737,Maharashtra,19.740998,75.704792,4,Standard
ST007738,Maharashtra,19.735032,75.713012,6,Hub
ST007739,Maharashtra,19.741862,75.605025,2,Standard
ST007740,Maharashtra,19.78658,75.703367,6,Hub
ST007741,Maharashtra,19.718233,75.687747,2,Standard
ST007742,Maharashtra,19.642527,75.618959,2,Standard
ST007743,Maharashtra,19.723276,75.553347,4,Standard
ST007744,Maharashtra,19.76086,75.701603,2,Standard
ST007745,Maharashtra,19.675498,75.828395,2,Standard
ST007746,Maharashtra,19.713366,75.714239,2,Standard
ST007747,Maharashtra,19.674441,75.687403,2,Standard
ST007748,Maharashtra,19.62669,75.817101,2,Standard
ST007749,Maharashtra,19.747076,75.716802,2,Standard
ST007750,Maharashtra,19.911478,75.774999,4,Standard
ST007751,Maharashtra,19.884985,75.680164,2,Standard
ST007752,Maharashtra,19.627918,75.855203,2,Standard
ST007753,Maharashtra,19.663542,75.56975,4,Standard
ST007754,Maharashtra,19.75904,75.638448,2,Standard
ST007755,Maharashtra,19.714606,75.718867,2,Standard
ST007756,Maharashtra,19.710893,75.864134,4,Standard
ST007757,Maharashtra,19.865415,75.624362,4,Standard
ST007758,Maharashtra,19.734611,75.717656,2,Standard
ST007759,Maharashtra,19.821623,75.74012,2,Standard
ST007760,Maharashtra,19.63281,75.741355,2,Standard
ST007761,Maharashtra,19.94928,75.721969,2,Standard
ST007762,Maharashtra,19.64018,75.841878,2,Standard
ST007763,Maharashtra,19.726039,75.708214,2,Standard
ST007764,Maharashtra,19.793299,75.578228,2,Standard
ST007765,Maharashtra,19.650115,75.696247,2,Standard
ST007766,Maharashtra,19.863349,75.782422,2,Standard
ST007767,Maharashtra,19.767324,75.704031,4,Standard
ST007768,Maharashtra,19.736198,75.893712,2,Standard
ST007769,Maharashtra,19.723496,75.841655,2,Standard
ST007770,Maharashtra,19.635077,75.688016,2,Standard
ST007771,Maharashtra,19.699706,75.744185,2,Standard
ST007772,Maharashtra,19.893488,75.758593,2,Standard
ST007773,Maharashtra,19.748208,75.579795,2,Standard
ST007774,Maharashtra,19.721295,75.675643,2,Standard
ST007775,Maharashtra,19.911652,75.736534,4,Standard
ST007776,Maharashtra,19.690227,75.717315,2,Standard
ST007777,Maharashtra,19.761558,75.721396,2,Standard
ST007778,Maharashtra,19.657827,75.84478,2,Standard
ST007779,Maharashtra,19.907968,75.62624,2,Standard
ST007780,Maharashtra,19.91059,75.626441,2,Standard
ST007781,Maharashtra,19.708257,75.70643,2,Standard
ST007782,Maharashtra,19.764208,75.67309,6,Hub
ST007783,Maharashtra,19.746466,75.760278,2,Standard
ST007784,Maharashtra,19.687419,75.70785,2,Standard
ST007785,Maharashtra,19.802841,75.788591,2,Standard
ST007786,Maharashtra,19.831632,75.63266,4,Standard
ST007787,Maharashtra,19.779775,75.686786,2,Standard
ST007788,Maharashtra,19.808865,75.813704,2,Standard
ST007789,Maharashtra,19.622955,75.744054,4,Standard
ST007790,Maharashtra,19.793083,75.569507,8,Hub
ST007791,Maharashtra,19.825967,75.685633,2,Standard
ST007792,Maharashtra,19.781317,75.819971,2,Standard
ST007793,Maharashtra,19.79584,75.750932,2,Standard
ST007794,Maharashtra,19.772242,75.790452,2,Standard
ST007795,Maharashtra,19.756376,75.717997,2,Standard
ST007796,Maharashtra,19.68404,75.612188,2,Standard
ST007797,Maharashtra,19.717336,75.586318,4,Standard
ST007798,Maharashtra,19.795338,75.752205,2,Standard
ST007799,Maharashtra,19.867276,75.836456,2,Standard
ST007800,Maharashtra,19.750716,75.673602,4,Standard
ST007801,Maharashtra,19.646573,75.87627,4,Standard
ST007802,Maharashtra,19.618502,75.624538,2,Standard
ST007803,Maharashtra,19.747654,75.755734,2,Standard
ST007804,Maharashtra,19.780512,75.579829,2,Standard
ST007805,Maharashtra,19.705055,75.613605,2,Standard
ST007806,Maharashtra,19.615945,75.656672,2,Standard
ST007807,Maharashtra,19.742656,75.783897,2,Standard
ST007808,Maharashtra,19.794247,75.669307,2,Standard
ST007809,Maharashtra,19.616879,75.673585,2,Standard
ST007810,Maharashtra,19.838558,75.713859,2,Standard
ST007811,Maharashtra,19.599891,75.787473,2,Standard
ST007812,Maharashtra,19.801463,75.576486,2,Standard
ST007813,Maharashtra,19.688434,75.728735,2,Standard
ST007814,Maharashtra,19.615585,75.603275,2,Standard
ST007815,Maharashtra,19.767666,75.699425,2,Standard
ST007816,Maharashtra,19.667816,75.754343,8,Hub
ST007817,Maharashtra,19.885761,75.694891,2,Standard
ST007818,Maharashtra,19.747149,75.716768,2,Standard
ST007819,Maharashtra,19.733884,75.706226,2,Standard
ST007820,Maharashtra,19.827664,75.584091,2,Standard
ST007821,Maharashtra,19.668287,75.734982,2,Standard
ST007822,Maharashtra,19.7976,75.679214,2,Standard
ST007823,Maharashtra,19.752657,75.901736,4,Standard
ST007824,Maharashtra,19.811195,75.561016,4,Standard
ST007825,Maharashtra,19.761175,75.740877,2,Standard
ST007826,Maharashtra,19.798276,75.721619,2,Standard
ST007827,Maharashtra,19.758769,75.666446,2,Standard
ST007828,Maharashtra,19.744904,75.663952,2,Standard
ST007829,Maharashtra,19.595909,75.834132,4,Standard
ST007830,Maharashtra,19.753953,75.789134,2,Standard
ST007831,Maharashtra,19.744583,75.734705,2,Standard
ST007832,Maharashtra,19.675914,75.718706,2,Standard
ST007833,Maharashtra,19.696001,75.560088,2,Standard
ST007834,Maharashtra,19.745308,75.712133,4,Standard
ST007835,Maharashtra,19.743373,75.706371,2,Standard
ST007836,Maharashtra,19.649506,75.622424,2,Standard
ST007837,Maharashtra,19.804319,75.869023,2,Standard
ST007838,Maharashtra,19.889393,75.627703,2,Standard
ST007839,Maharashtra,19.711681,75.824265,2,Standard
ST007840,Maharashtra,19.806664,75.68119,2,Standard
ST007841,Maharashtra,19.752307,75.712185,2,Standard
ST007842,Maharashtra,19.903402,75.717381,2,Standard
ST007843,Maharashtra,19.76284,75.556513,2,Standard
ST007844,Maharashtra,19.772839,75.703863,2,Standard
ST007845,Maharashtra,19.771915,75.893488,2,Standard
ST007846,Maharashtra,19.811731,75.836332,2,Standard
ST007847,Maharashtra,19.735165,75.710735,6,Hub
ST007848,Maharashtra,19.728629,75.81543,2,Standard
ST007849,Maharashtra,19.836357,75.600659,2,Standard
ST007850,Maharashtra,19.67999,75.645138,4,Standard
ST007851,Maharashtra,19.744318,75.736642,2,Standard
ST007852,Maharashtra,19.746702,75.716984,2,Standard
ST007853,Maharashtra,19.772455,75.79782,4,Standard
ST007854,Maharashtra,19.743774,75.718236,2,Standard
ST007855,Maharashtra,19.658331,75.655542,8,Hub
ST007856,Maharashtra,19.917871,75.802799,2,Standard
ST007857,Maharashtra,19.890204,75.813855,2,Standard
ST007858,Maharashtra,19.927956,75.714243,4,Standard
ST007859,Maharashtra,19.901901,75.732631,2,Standard
ST007860,Maharashtra,19.656185,75.826655,2,Standard
ST007861,Maharashtra,19.739936,75.722109,4,Standard
ST007862,Maharashtra,19.753064,75.699736,6,Hub
ST007863,Maharashtra,19.760498,75.709108,2,Standard
ST007864,Maharashtra,19.608112,75.732632,6,Hub
ST007865,Maharashtra,19.717466,75.740905,2,Standard
ST007866,Maharashtra,19.760455,75.557297,2,Standard
ST007867,Maharashtra,19.818031,75.678778,2,Standard
ST007868,Maharashtra,19.67893,75.711048,2,Standard
ST007869,Maharashtra,19.744819,75.863958,2,Standard
ST007870,Maharashtra,19.705775,75.7863,2,Standard
ST007871,Maharashtra,19.634286,75.794995,2,Standard
ST007872,Maharashtra,19.867456,75.648045,2,Standard
ST007873,Maharashtra,19.598137,75.741578,6,Hub
ST007874,Maharashtra,19.74383,75.704513,2,Standard
ST007875,Maharashtra,19.757754,75.718189,2,Standard
ST007876,Maharashtra,19.592372,75.758168,4,Standard
ST007877,Maharashtra,19.721838,75.784775,2,Standard
ST007878,Maharashtra,19.892529,75.623749,4,Standard
ST007879,Maharashtra,19.724351,75.667962,2,Standard
ST007880,Maharashtra,19.753882,75.716055,2,Standard
ST007881,Maharashtra,19.797283,75.750348,2,Standard
ST007882,Maharashtra,19.739372,75.709808,2,Standard
ST007883,Maharashtra,19.77524,75.74125,2,Standard
ST007884,Maharashtra,19.668317,75.623079,2,Standard
ST007885,Maharashtra,19.703927,75.698189,4,Standard
ST007886,Maharashtra,19.738163,75.727903,2,Standard
ST007887,Maharashtra,19.777958,75.891481,2,Standard
ST007888,Maharashtra,19.879979,75.697416,2,Standard
ST007889,Maharashtra,19.862889,75.649735,2,Standard
ST007890,Maharashtra,19.946532,75.75518,4,Standard
ST007891,Maharashtra,19.86248,75.793421,2,Standard
ST007892,Maharashtra,19.750103,75.792284,2,Standard
ST007893,Maharashtra,19.698401,75.644609,2,Standard
ST007894,Maharashtra,19.751271,75.780789,2,Standard
ST007895,Maharashtra,19.647123,75.874889,2,Standard
ST007896,Maharashtra,19.779079,75.626435,4,Standard
ST007897,Maharashtra,19.801797,75.868108,2,Standard
ST007898,Maharashtra,19.77468,75.749035,2,Standard
ST007899,Maharashtra,19.634224,75.845228,2,Standard
ST007900,Maharashtra,19.768034,75.731908,2,Standard
ST007901,Maharashtra,19.696257,75.715992,2,Standard
ST007902,Maharashtra,19.669465,75.676095,2,Standard
ST007903,Maharashtra,19.73095,75.722799,2,Standard
ST007904,Maharashtra,19.855338,75.841118,2,Standard
ST007905,Maharashtra,19.786879,75.683056,4,Standard
ST007906,Maharashtra,19.759582,75.720887,2,Standard
ST007907,Maharashtra,19.640293,75.623888,2,Standard
ST007908,Maharashtra,19.656711,75.811334,4,Standard
ST007909,Maharashtra,19.708354,75.531875,4,Standard
ST007910,Maharashtra,19.786807,75.729146,2,Standard
ST007911,Maharashtra,19.909255,75.786357,4,Standard
ST007912,Maharashtra,19.781887,75.603062,2,Standard
ST007913,Maharashtra,19.798782,75.741329,2,Standard
ST007914,Maharashtra,19.718376,75.821045,4,Standard
ST007915,Maharashtra,19.750763,75.728473,4,Standard
ST007916,Maharashtra,19.744287,75.65452,2,Standard
ST007917,Maharashtra,19.727101,75.721427,2,Standard
ST007918,Maharashtra,19.78817,75.606903,2,Standard
ST007919,Maharashtra,19.832245,75.656455,2,Standard
ST007920,Maharashtra,19.917929,75.649725,4,Standard
ST007921,Maharashtra,19.585864,75.627581,2,Standard
ST007922,Maharashtra,19.719085,75.779452,2,Standard
ST007923,Maharashtra,19.864562,75.747116,2,Standard
ST007924,Maharashtra,19.724351,75.561597,4,Standard
ST007925,Maharashtra,19.803797,75.785706,2,Standard
ST007926,Maharashtra,19.810234,75.832588,2,Standard
ST007927,Maharashtra,19.850357,75.865319,4,Standard
ST007928,Maharashtra,19.758574,75.77175,2,Standard
ST007929,Maharashtra,19.805818,75.640026,4,Standard
ST007930,Maharashtra,19.849295,75.728757,2,Standard
ST007931,Maharashtra,19.921413,75.813729,2,Standard
ST007932,Maharashtra,19.707857,75.686925,2,Standard
ST007933,Maharashtra,19.737342,75.707908,2,Standard
ST007934,Maharashtra,19.808568,75.537853,2,Standard
ST007935,Maharashtra,19.799663,75.6654,2,Standard
ST007936,Maharashtra,19.748284,75.720137,2,Standard
ST007937,Maharashtra,19.689382,75.626801,2,Standard
ST007938,Maharashtra,19.575864,75.759765,2,Standard
ST007939,Maharashtra,19.752454,75.715582,2,Standard
ST007940,Maharashtra,19.791517,75.73376,2,Standard
ST007941,Maharashtra,19.849877,75.73478,2,Standard
ST007942,Maharashtra,19.737354,75.747109,2,Standard
ST007943,Maharashtra,19.751522,75.67301,2,Standard
ST007944,Maharashtra,19.724811,75.649347,2,Standard
ST007945,Maharashtra,19.565242,75.700033,2,Standard
ST007946,Maharashtra,19.84881,75.737166,2,Standard
ST007947,Maharashtra,19.823237,75.620721,2,Standard
ST007948,Maharashtra,19.738135,75.792305,2,Standard
ST007949,Maharashtra,19.675911,75.552567,2,Standard
ST007950,Maharashtra,19.765334,75.717551,2,Standard
ST007951,Maharashtra,19.730351,75.755375,2,Standard
ST007952,Maharashtra,19.747354,75.757959,6,Hub
ST007953,Maharashtra,19.760222,75.738526,2,Standard
ST007954,Maharashtra,19.77789,75.702273,2,Standard
ST007955,Maharashtra,19.765418,75.761146,4,Standard
ST007956,Maharashtra,19.889453,75.652149,2,Standard
ST007957,Maharashtra,19.756672,75.693597,2,Standard
ST007958,Maharashtra,19.793634,75.643975,2,Standard
ST007959,Maharashtra,19.742232,75.828676,2,Standard
ST007960,Maharashtra,19.819733,75.573914,2,Standard
ST007961,Maharashtra,19.894526,75.595575,2,Standard
ST007962,Maharashtra,19.757821,75.798436,2,Standard
ST007963,Maharashtra,19.926622,75.730042,2,Standard
ST007964,Maharashtra,19.848727,75.856141,4,Standard
ST007965,Maharashtra,19.716279,75.778556,2,Standard
ST007966,Maharashtra,19.81491,75.729813,2,Standard
ST007967,Maharashtra,19.755403,75.710603,2,Standard
ST007968,Maharashtra,19.746277,75.717386,2,Standard
ST007969,Maharashtra,19.727718,75.738932,2,Standard
ST007970,Maharashtra,19.749054,75.889403,2,Standard
ST007971,Maharashtra,19.701102,75.735316,2,Standard
ST007972,Maharashtra,19.72744,75.698771,4,Standard
ST007973,Maharashtra,19.745057,75.822959,2,Standard
ST007974,Maharashtra,19.762137,75.849308,2,Standard
ST007975,Maharashtra,19.597323,75.72215,4,Standard
ST007976,Maharashtra,19.773447,75.7065,2,Standard
ST007977,Maharashtra,19.719083,75.768978,2,Standard
ST007978,Maharashtra,19.84578,75.845714,2,Standard
ST007979,Maharashtra,19.75751,75.617201,2,Standard
ST007980,Maharashtra,19.739925,75.7111,2,Standard
ST007981,Maharashtra,19.60276,75.659814,6,Hub
ST007982,Maharashtra,19.704046,75.69016,2,Standard
ST007983,Maharashtra,19.715699,75.651089,2,Standard
ST007984,Maharashtra,19.657837,75.686769,2,Standard
ST007985,Maharashtra,19.645968,75.811545,2,Standard
ST007986,Maharashtra,19.752277,75.713205,2,Standard
ST007987,Maharashtra,19.845032,75.672456,2,Standard
ST007988,Maharashtra,19.699368,75.550909,2,Standard
ST007989,Maharashtra,19.58806,75.748172,2,Standard
ST007990,Maharashtra,19.765483,75.742498,2,Standard
ST007991,Maharashtra,19.655928,75.568463,6,Hub
ST007992,Maharashtra,19.851942,75.633355,2,Standard
ST007993,Maharashtra,19.68607,75.703331,2,Standard
ST007994,Maharashtra,19.814935,75.705886,2,Standard
ST007995,Maharashtra,19.747614,75.607575,2,Standard
ST007996,Maharashtra,19.690397,75.664306,2,Standard
ST007997,Maharashtra,19.863055,75.688834,2,Standard
ST007998,Maharashtra,19.752904,75.713322,8,Hub
ST007999,Maharashtra,19.622757,75.650658,2,Standard
ST008000,Maharashtra,19.745906,75.532991,2,Standard
ST008001,Maharashtra,19.751566,75.713902,4,Standard
ST008002,Maharashtra,19.74573,75.714916,2,Standard
ST008003,Maharashtra,19.795346,75.706823,2,Standard
ST008004,Maharashtra,19.739452,75.71599,2,Standard
ST008005,Maharashtra,19.676237,75.703406,2,Standard
ST008006,Maharashtra,19.815903,75.732462,2,Standard
ST008007,Maharashtra,19.597818,75.838718,2,Standard
ST008008,Maharashtra,19.779996,75.819064,2,Standard
ST008009,Maharashtra,19.909401,75.701289,2,Standard
ST008010,Maharashtra,19.944992,75.705832,2,Standard
ST008011,Maharashtra,19.612526,75.723047,4,Standard
ST008012,Maharashtra,19.819325,75.770329,2,Standard
ST008013,Maharashtra,19.788125,75.619703,2,Standard
ST008014,Maharashtra,19.707822,75.571288,2,Standard
ST008015,Maharashtra,19.747683,75.888998,2,Standard
ST008016,Maharashtra,19.710795,75.7244,8,Hub
ST008017,Maharashtra,19.806925,75.651363,2,Standard
ST008018,Maharashtra,19.751715,75.604294,2,Standard
ST008019,Maharashtra,19.632129,75.823383,2,Standard
ST008020,Maharashtra,19.684133,75.674362,4,Standard
ST008021,Maharashtra,19.889778,75.827707,4,Standard
ST008022,Maharashtra,19.919868,75.752057,4,Standard
ST008023,Maharashtra,19.670018,75.812443,2,Standard
ST008024,Maharashtra,19.778288,75.699652,2,Standard
ST008025,Maharashtra,19.611942,75.651466,2,Standard
ST008026,Maharashtra,19.756507,75.608893,2,Standard
ST008027,Maharashtra,19.644194,75.606945,2,Standard
ST008028,Maharashtra,19.833969,75.585786,2,Standard
ST008029,Maharashtra,19.630307,75.872174,2,Standard
ST008030,Maharashtra,19.747016,75.715857,2,Standard
ST008031,Maharashtra,19.734888,75.733321,4,Standard
ST008032,Maharashtra,19.792195,75.752815,2,Standard
ST008033,Maharashtra,19.881531,75.75922,2,Standard
ST008034,Maharashtra,19.787843,75.732128,2,Standard
ST008035,Maharashtra,19.762042,75.720863,2,Standard
ST008036,Maharashtra,19.738769,75.827569,2,Standard
ST008037,Maharashtra,19.922318,75.675363,4,Standard
ST008038,Maharashtra,19.776545,75.689147,2,Standard
ST008039,Maharashtra,19.750071,75.729112,4,Standard
ST008040,Maharashtra,19.753984,75.70016,4,Standard
ST008041,Maharashtra,19.705037,75.696611,2,Standard
ST008042,Maharashtra,19.759658,75.911877,4,Standard
ST008043,Maharashtra,19.758628,75.546664,4,Standard
ST008044,Maharashtra,19.594813,75.63777,6,Hub
ST008045,Maharashtra,19.635978,75.564018,4,Standard
ST008046,Maharashtra,19.728207,75.830663,4,Standard
ST008047,Maharashtra,19.72263,75.640807,2,Standard
ST008048,Maharashtra,19.894103,75.579494,2,Standard
ST008049,Maharashtra,19.673432,75.716958,4,Standard
ST008050,Maharashtra,19.583597,75.743815,2,Standard
ST008051,Maharashtra,19.746033,75.706808,2,Standard
ST008052,Maharashtra,19.748161,75.712994,2,Standard
ST008053,Maharashtra,19.76321,75.64929,2,Standard
ST008054,Maharashtra,19.594229,75.74185,2,Standard
ST008055,Maharashtra,19.781867,75.723023,2,Standard
ST008056,Maharashtra,19.714647,75.741404,2,Standard
ST008057,Maharashtra,19.646762,75.883853,2,Standard
ST008058,Maharashtra,19.832166,75.556597,2,Standard
ST008059,Maharashtra,19.814423,75.68763,2,Standard
ST008060,Maharashtra,19.737854,75.758679,4,Standard
ST008061,Maharashtra,19.817063,75.594849,4,Standard
ST008062,Maharashtra,19.758043,75.789014,2,Standard
ST008063,Maharashtra,19.645966,75.709447,2,Standard
ST008064,Maharashtra,19.809757,75.664916,2,Standard
ST008065,Maharashtra,19.82559,75.665912,2,Standard
ST008066,Maharashtra,19.74726,75.527897,2,Standard
ST008067,Maharashtra,19.761023,75.707651,2,Standard
ST008068,Maharashtra,19.777705,75.805611,4,Standard
ST008069,Maharashtra,19.634993,75.76734,6,Hub
ST008070,Maharashtra,19.772638,75.706246,2,Standard
ST008071,Maharashtra,19.714765,75.725363,2,Standard
ST008072,Maharashtra,19.903268,75.594808,2,Standard
ST008073,Maharashtra,19.730884,75.716675,2,Standard
ST008074,Maharashtra,19.782167,75.577886,2,Standard
ST008075,Maharashtra,19.643011,75.854363,2,Standard
ST008076,Maharashtra,19.861787,75.697023,2,Standard
ST008077,Maharashtra,19.697,75.690019,2,Standard
ST008078,Maharashtra,19.675678,75.669376,4,Standard
ST008079,Maharashtra,19.747172,75.726621,2,Standard
ST008080,Maharashtra,19.750827,75.753465,2,Standard
ST008081,Maharashtra,19.63534,75.682481,8,Hub
ST008082,Maharashtra,19.691239,75.664952,2,Standard
ST008083,Maharashtra,19.604674,75.793147,4,Standard
ST008084,Maharashtra,19.556144,75.743292,2,Standard
ST008085,Maharashtra,19.630822,75.762016,2,Standard
ST008086,Maharashtra,19.87568,75.754562,2,Standard
ST008087,Maharashtra,19.863655,75.562406,2,Standard
ST008088,Maharashtra,19.807928,75.71295,2,Standard
ST008089,Maharashtra,19.671277,75.672789,2,Standard
ST008090,Maharashtra,19.722507,75.701609,2,Standard
ST008091,Maharashtra,19.864032,75.570969,2,Standard
ST008092,Maharashtra,19.698196,75.731345,2,Standard
ST008093,Maharashtra,19.838117,75.819725,2,Standard
ST008094,Maharashtra,19.68217,75.882078,2,Standard
ST008095,Maharashtra,19.690009,75.600343,6,Hub
ST008096,Maharashtra,19.742975,75.710562,2,Standard
ST008097,Maharashtra,19.865773,75.661804,8,Hub
ST008098,Maharashtra,19.858896,75.709891,2,Standard
ST008099,Maharashtra,19.748712,75.703009,2,Standard
ST008100,Maharashtra,19.648035,75.601284,2,Standard
ST008101,Maharashtra,19.778947,75.562343,4,Standard
ST008102,Maharashtra,19.780463,75.906818,4,Standard
ST008103,Maharashtra,19.766612,75.713442,4,Standard
ST008104,Maharashtra,19.804835,75.691393,2,Standard
ST008105,Maharashtra,19.726324,75.651139,4,Standard
ST008106,Maharashtra,19.771386,75.709815,2,Standard
ST008107,Maharashtra,19.665899,75.715112,2,Standard
ST008108,Maharashtra,19.692148,75.828556,2,Standard
ST008109,Maharashtra,19.848923,75.819033,2,Standard
ST008110,Maharashtra,19.911217,75.694326,2,Standard
ST008111,Maharashtra,19.797354,75.658484,2,Standard
ST008112,Maharashtra,19.704619,75.806072,2,Standard
ST008113,Maharashtra,19.932822,75.767478,2,Standard
ST008114,Maharashtra,19.863279,75.855755,8,Hub
ST008115,Maharashtra,19.893854,75.796385,2,Standard
ST008116,Maharashtra,19.755906,75.720125,2,Standard
ST008117,Maharashtra,19.74082,75.658874,2,Standard
ST008118,Maharashtra,19.72694,75.605634,4,Standard
ST008119,Maharashtra,19.89603,75.831653,6,Hub
ST008120,Maharashtra,19.611155,75.757255,2,Standard
ST008121,Maharashtra,19.63063,75.713125,2,Standard
ST008122,Maharashtra,19.738455,75.751789,4,Standard
ST008123,Maharashtra,19.666587,75.69063,6,Hub
ST008124,Maharashtra,19.647795,75.799568,2,Standard
ST008125,Maharashtra,19.748146,75.70535,2,Standard
ST008126,Maharashtra,19.707923,75.783779,4,Standard
ST008127,Maharashtra,19.790204,75.740881,2,Standard
ST008128,Maharashtra,19.940351,75.777423,2,Standard
ST008129,Maharashtra,19.750024,75.696472,2,Standard
ST008130,Maharashtra,19.894195,75.732154,2,Standard
ST008131,Maharashtra,19.605487,75.77257,2,Standard
ST008132,Maharashtra,19.85777,75.658465,8,Hub
ST008133,Maharashtra,19.811722,75.858283,2,Standard
ST008134,Maharashtra,19.863102,75.682093,4,Standard
ST008135,Maharashtra,19.723531,75.652473,4,Standard
ST008136,Maharashtra,19.643431,75.813448,2,Standard
ST008137,Maharashtra,19.864564,75.658749,4,Standard
ST008138,Maharashtra,19.760005,75.680643,2,Standard
ST008139,Maharashtra,19.776692,75.817282,2,Standard
ST008140,Maharashtra,19.808049,75.827615,2,Standard
ST008141,Maharashtra,19.71054,75.866816,2,Standard
ST008142,Maharashtra,19.78462,75.627257,2,Standard
ST008143,Maharashtra,19.80598,75.831223,2,Standard
ST008144,Maharashtra,19.87589,75.708259,2,Standard
ST008145,Maharashtra,19.754872,75.714671,2,Standard
ST008146,Maharashtra,19.734747,75.749292,6,Hub
ST008147,Maharashtra,19.816699,75.558025,6,Hub
ST008148,Maharashtra,19.747975,75.778933,2,Standard
ST008149,Maharashtra,19.76718,75.894899,2,Standard
ST008150,Maharashtra,19.620291,75.711716,2,Standard
ST008151,Maharashtra,19.642678,75.777813,2,Standard
ST008152,Maharashtra,19.7003,75.758552,4,Standard
ST008153,Maharashtra,19.673035,75.625483,4,Standard
ST008154,Maharashtra,19.743432,75.74266,2,Standard
ST008155,Maharashtra,19.695199,75.774939,2,Standard
ST008156,Maharashtra,19.625194,75.581607,2,Standard
ST008157,Maharashtra,19.798978,75.724884,2,Standard
ST008158,Maharashtra,19.786291,75.808142,4,Standard
ST008159,Maharashtra,19.619686,75.77623,2,Standard
ST008160,Maharashtra,19.757164,75.832665,4,Standard
ST008161,Maharashtra,19.887254,75.592474,2,Standard
ST008162,Maharashtra,19.900995,75.674297,2,Standard
ST008163,Maharashtra,19.790458,75.687776,2,Standard
ST008164,Maharashtra,19.75192,75.715128,2,Standard
ST008165,Maharashtra,19.701281,75.533257,4,Standard
ST008166,Maharashtra,19.800667,75.831418,4,Standard
ST008167,Maharashtra,19.747374,75.528423,4,Standard
ST008168,Maharashtra,19.63436,75.559184,2,Standard
ST008169,Maharashtra,19.712281,75.771864,4,Standard
ST008170,Maharashtra,19.677584,75.693423,2,Standard
ST008171,Maharashtra,19.897849,75.715211,2,Standard
ST008172,Maharashtra,19.753112,75.564514,2,Standard
ST008173,Maharashtra,19.692775,75.800287,2,Standard
ST008174,Maharashtra,19.749456,75.716372,4,Standard
ST008175,Maharashtra,19.728629,75.704435,2,Standard
ST008176,Maharashtra,19.883891,75.786727,2,Standard
ST008177,Maharashtra,19.94296,75.725349,2,Standard
ST008178,Maharashtra,19.555799,75.695084,2,Standard
ST008179,Maharashtra,19.860542,75.755494,2,Standard
ST008180,Maharashtra,19.652921,75.850796,2,Standard
ST008181,Maharashtra,19.717984,75.753786,2,Standard
ST008182,Maharashtra,19.798369,75.655438,2,Standard
ST008183,Maharashtra,19.829122,75.722141,4,Standard
ST008184,Maharashtra,19.72278,75.671911,2,Standard
ST008185,Maharashtra,19.741177,75.718601,2,Standard
ST008186,Maharashtra,19.622826,75.634388,2,Standard
ST008187,Maharashtra,19.679615,75.757448,2,Standard
ST008188,Maharashtra,19.785832,75.735172,2,Standard
ST008189,Maharashtra,19.805812,75.793468,2,Standard
ST008190,Maharashtra,19.564909,75.67921,4,Standard
ST008191,Maharashtra,19.858996,75.767176,2,Standard
ST008192,Maharashtra,19.649681,75.696789,6,Hub
ST008193,Maharashtra,19.780229,75.684498,2,Standard
ST008194,Maharashtra,19.881566,75.74797,4,Standard
ST008195,Maharashtra,19.74952,75.716808,2,Standard
ST008196,Maharashtra,19.750966,75.775763,2,Standard
ST008197,Maharashtra,19.725874,75.690776,2,Standard
ST008198,Maharashtra,19.669049,75.764032,2,Standard
ST008199,Maharashtra,19.563066,75.763245,4,Standard
ST008200,Maharashtra,19.933973,75.767541,4,Standard
ST008201,Maharashtra,19.612983,75.635539,2,Standard
ST008202,Maharashtra,19.669276,75.752344,2,Standard
ST008203,Maharashtra,19.881601,75.590686,2,Standard
ST008204,Maharashtra,19.75433,75.753648,2,Standard
ST008205,Maharashtra,19.571495,75.718159,2,Standard
ST008206,Maharashtra,19.694237,75.831058,2,Standard
ST008207,Maharashtra,19.711021,75.563518,2,Standard
ST008208,Maharashtra,19.677415,75.682433,2,Standard
ST008209,Maharashtra,19.87115,75.688742,2,Standard
ST008210,Maharashtra,19.742236,75.645528,2,Standard
ST008211,Maharashtra,19.726647,75.668726,2,Standard
ST008212,Maharashtra,19.755903,75.856777,2,Standard
ST008213,Maharashtra,19.616078,75.695585,4,Standard
ST008214,Maharashtra,19.736911,75.832753,2,Standard
ST008215,Maharashtra,19.63944,75.755094,2,Standard
ST008216,Maharashtra,19.715149,75.852296,4,Standard
ST008217,Maharashtra,19.769394,75.665094,2,Standard
ST008218,Maharashtra,19.710148,75.839499,2,Standard
ST008219,Maharashtra,19.704286,75.581231,2,Standard
ST008220,Maharashtra,19.71926,75.642258,2,Standard
ST008221,Maharashtra,19.71126,75.745173,2,Standard
ST008222,Maharashtra,19.828032,75.829353,2,Standard
ST008223,Maharashtra,19.907816,75.817551,2,Standard
ST008224,Maharashtra,19.830975,75.561925,2,Standard
ST008225,Maharashtra,19.819568,75.668677,2,Standard
ST008226,Maharashtra,19.769547,75.687945,4,Standard
ST008227,Maharashtra,19.907029,75.73518,2,Standard
ST008228,Maharashtra,19.927771,75.803431,2,Standard
ST008229,Maharashtra,19.682917,75.579722,2,Standard
ST008230,Maharashtra,19.755053,75.848626,2,Standard
ST008231,Maharashtra,19.912925,75.758847,4,Standard
ST008232,Maharashtra,19.818979,75.835961,4,Standard
ST008233,Maharashtra,19.753686,75.727415,2,Standard
ST008234,Maharashtra,19.717871,75.717828,4,Standard
ST008235,Maharashtra,19.74538,75.666783,2,Standard
ST008236,Maharashtra,19.689209,75.808765,2,Standard
ST008237,Maharashtra,19.735024,75.78768,2,Standard
ST008238,Maharashtra,19.765863,75.681062,2,Standard
ST008239,Maharashtra,19.808605,75.746331,2,Standard
ST008240,Maharashtra,19.654991,75.763551,2,Standard
ST008241,Maharashtra,19.641612,75.827404,2,Standard
ST008242,Maharashtra,19.835232,75.735017,8,Hub
ST008243,Maharashtra,19.65584,75.801212,2,Standard
ST008244,Maharashtra,19.851292,75.692433,2,Standard
ST008245,Maharashtra,19.811745,75.708921,2,Standard
ST008246,Maharashtra,19.784011,75.720286,2,Standard
ST008247,Maharashtra,19.701479,75.752637,6,Hub
ST008248,Maharashtra,19.822435,75.763458,4,Standard
ST008249,Maharashtra,19.738606,75.73476,2,Standard
ST008250,Maharashtra,19.700845,75.883796,2,Standard
ST008251,Maharashtra,19.705631,75.849123,2,Standard
ST008252,Maharashtra,19.686376,75.658599,2,Standard
ST008253,Maharashtra,19.756585,75.787528,2,Standard
ST008254,Maharashtra,19.692773,75.675531,2,Standard
ST008255,Maharashtra,19.756596,75.736628,2,Standard
ST008256,Maharashtra,19.815607,75.653523,2,Standard
ST008257,Maharashtra,19.682236,75.644455,2,Standard
ST008258,Maharashtra,19.827657,75.635378,2,Standard
ST008259,Maharashtra,19.567926,75.736176,2,Standard
ST008260,Maharashtra,19.747277,75.691993,4,Standard
ST008261,Maharashtra,19.820576,75.85536,2,Standard
ST008262,Maharashtra,19.807506,75.620345,2,Standard
ST008263,Maharashtra,19.632439,75.671495,2,Standard
ST008264,Maharashtra,19.625294,75.764682,8,Hub
ST008265,Maharashtra,19.900798,75.835029,2,Standard
ST008266,Maharashtra,19.751623,75.587665,2,Standard
ST008267,Maharashtra,19.73847,75.743336,2,Standard
ST008268,Maharashtra,19.640076,75.785259,2,Standard
ST008269,Maharashtra,19.700427,75.656907,2,Standard
ST008270,Maharashtra,19.628268,75.607592,8,Hub
ST008271,Maharashtra,19.840398,75.728717,6,Hub
ST008272,Maharashtra,19.757369,75.604829,2,Standard
ST008273,Maharashtra,19.691539,75.62974,6,Hub
ST008274,Maharashtra,19.76241,75.713343,2,Standard
ST008275,Maharashtra,19.733246,75.714928,2,Standard
ST008276,Maharashtra,19.792636,75.778527,2,Standard
ST008277,Maharashtra,19.859293,75.873676,2,Standard
ST008278,Maharashtra,19.815,75.691842,6,Hub
ST008279,Maharashtra,19.683324,75.631755,2,Standard
ST008280,Maharashtra,19.801762,75.598916,4,Standard
ST008281,Maharashtra,19.904135,75.714142,4,Standard
ST008282,Maharashtra,19.749481,75.611975,2,Standard
ST008283,Maharashtra,19.900424,75.609819,2,Standard
ST008284,Maharashtra,19.631272,75.6957,2,Standard
ST008285,Maharashtra,19.81125,75.712594,2,Standard
ST008286,Maharashtra,19.734983,75.74651,2,Standard
ST008287,Maharashtra,19.869648,75.623282,2,Standard
ST008288,Maharashtra,19.906162,75.834872,2,Standard
ST008289,Maharashtra,19.7312,75.545011,4,Standard
ST008290,Maharashtra,19.847905,75.74399,2,Standard
ST008291,Maharashtra,19.717036,75.610925,2,Standard
ST008292,Maharashtra,19.669696,75.57225,4,Standard
ST008293,Maharashtra,19.631981,75.834419,2,Standard
ST008294,Maharashtra,19.779687,75.760168,2,Standard
ST008295,Maharashtra,19.821699,75.733506,4,Standard
ST008296,Maharashtra,19.634159,75.824216,6,Hub
ST008297,Maharashtra,19.70156,75.642241,4,Standard
ST008298,Maharashtra,19.745409,75.705278,2,Standard
ST008299,Maharashtra,19.804695,75.827447,2,Standard
ST008300,Maharashtra,19.653838,75.593761,2,Standard
ST008301,Maharashtra,19.633008,75.796623,6,Hub
ST008302,Maharashtra,19.673847,75.537562,2,Standard
ST008303,Maharashtra,19.775481,75.821598,2,Standard
ST008304,Maharashtra,19.591227,75.594718,4,Standard
ST008305,Maharashtra,19.783095,75.81366,6,Hub
ST008306,Maharashtra,19.691735,75.800448,2,Standard
ST008307,Maharashtra,19.752567,75.723363,2,Standard
ST008308,Maharashtra,19.691191,75.684324,2,Standard
ST008309,Maharashtra,19.778368,75.772853,4,Standard
ST008310,Maharashtra,19.932549,75.771822,2,Standard
ST008311,Maharashtra,19.609272,75.634369,2,Standard
ST008312,Maharashtra,19.591509,75.797817,2,Standard
ST008313,Maharashtra,19.637341,75.72591,4,Standard
ST008314,Maharashtra,19.605039,75.721458,2,Standard
ST008315,Maharashtra,19.701875,75.691809,2,Standard
ST008316,Maharashtra,19.825474,75.809938,2,Standard
ST008317,Maharashtra,19.732349,75.715204,2,Standard
ST008318,Maharashtra,19.669905,75.776686,6,Hub
ST008319,Maharashtra,19.758571,75.700422,2,Standard
ST008320,Maharashtra,19.656054,75.847917,2,Standard
ST008321,Maharashtra,19.71695,75.667324,2,Standard
ST008322,Maharashtra,19.807126,75.632418,2,Standard
ST008323,Maharashtra,19.556193,75.715923,4,Standard
ST008324,Maharashtra,19.819284,75.69051,4,Standard
ST008325,Maharashtra,19.792835,75.764237,2,Standard
ST008326,Maharashtra,19.755578,75.714691,2,Standard
ST008327,Maharashtra,19.602412,75.828763,2,Standard
ST008328,Maharashtra,19.822155,75.639935,4,Standard
ST008329,Maharashtra,19.750412,75.713427,2,Standard
ST008330,Maharashtra,19.752566,75.718739,4,Standard
ST008331,Maharashtra,19.752331,75.684783,2,Standard
ST008332,Maharashtra,19.839014,75.619582,6,Hub
ST008333,Maharashtra,19.755568,75.745181,4,Standard
ST008334,Maharashtra,19.626221,75.584419,2,Standard
ST008335,Maharashtra,19.737733,75.645564,4,Standard
ST008336,Maharashtra,19.698483,75.681464,2,Standard
ST008337,Maharashtra,19.901266,75.7131,2,Standard
ST008338,Maharashtra,19.687785,75.658166,2,Standard
ST008339,Maharashtra,19.701155,75.667711,2,Standard
ST008340,Maharashtra,19.829222,75.728152,2,Standard
ST008341,Maharashtra,19.864999,75.660909,2,Standard
ST008342,Maharashtra,19.904438,75.802998,2,Standard
ST008343,Maharashtra,19.745732,75.762311,2,Standard
ST008344,Maharashtra,19.71784,75.824324,2,Standard
ST008345,Maharashtra,19.657066,75.686665,2,Standard
ST008346,Maharashtra,19.738676,75.651905,2,Standard
ST008347,Maharashtra,19.758517,75.679545,2,Standard
ST008348,Maharashtra,19.778521,75.583917,4,Standard
ST008349,Maharashtra,19.712258,75.625947,2,Standard
ST008350,Maharashtra,19.743549,75.700062,2,Standard
ST008351,Maharashtra,19.758117,75.704976,2,Standard
ST008352,Maharashtra,19.820042,75.806687,2,Standard
ST008353,Maharashtra,19.750486,75.698683,2,Standard
ST008354,Maharashtra,19.922585,75.620913,2,Standard
ST008355,Maharashtra,19.675802,75.654456,2,Standard
ST008356,Maharashtra,19.747951,75.648324,2,Standard
ST008357,Maharashtra,19.568434,75.721652,2,Standard
ST008358,Maharashtra,19.929763,75.662905,2,Standard
ST008359,Maharashtra,19.747867,75.760252,2,Standard
ST008360,Maharashtra,19.72546,75.798234,2,Standard
ST008361,Maharashtra,19.722136,75.782742,2,Standard
ST008362,Maharashtra,19.640747,75.609059,2,Standard
ST008363,Maharashtra,19.73674,75.551685,2,Standard
ST008364,Maharashtra,19.760852,75.715817,8,Hub
ST008365,Maharashtra,19.777614,75.610532,2,Standard
ST008366,Maharashtra,19.742225,75.708941,2,Standard
ST008367,Maharashtra,19.747238,75.8415,2,Standard
ST008368,Maharashtra,19.867674,75.571991,2,Standard
ST008369,Maharashtra,19.642406,75.713612,2,Standard
ST008370,Maharashtra,19.805096,75.620685,2,Standard
ST008371,Maharashtra,19.571498,75.694762,2,Standard
ST008372,Maharashtra,19.796641,75.537778,2,Standard
ST008373,Maharashtra,19.772285,75.816695,2,Standard
ST008374,Maharashtra,19.763701,75.695318,2,Standard
ST008375,Maharashtra,19.761635,75.678737,2,Standard
ST008376,Maharashtra,19.79521,75.599571,4,Standard
ST008377,Maharashtra,19.784554,75.802613,2,Standard
ST008378,Maharashtra,19.698901,75.598557,2,Standard
ST008379,Maharashtra,19.590095,75.79329,2,Standard
ST008380,Maharashtra,19.651067,75.701684,2,Standard
ST008381,Maharashtra,19.921996,75.784209,2,Standard
ST008382,Maharashtra,19.798216,75.808681,2,Standard
ST008383,Maharashtra,19.765731,75.673227,2,Standard
ST008384,Maharashtra,19.704073,75.705662,4,Standard
ST008385,Maharashtra,19.758371,75.601241,2,Standard
ST008386,Maharashtra,19.862021,75.573207,2,Standard
ST008387,Maharashtra,19.665294,75.597212,6,Hub
ST008388,Maharashtra,19.678262,75.6905,2,Standard
ST008389,Maharashtra,19.642994,75.568209,2,Standard
ST008390,Maharashtra,19.69704,75.745336,4,Standard
ST008391,Maharashtra,19.684952,75.770063,2,Standard
ST008392,Maharashtra,19.840729,75.758353,2,Standard
ST008393,Maharashtra,19.633886,75.718103,4,Standard
ST008394,Maharashtra,19.671676,75.806982,4,Standard
ST008395,Maharashtra,19.889327,75.581534,2,Standard
ST008396,Maharashtra,19.744131,75.709628,2,Standard
ST008397,Maharashtra,19.890043,75.686782,2,Standard
ST008398,Maharashtra,19.736365,75.739142,4,Standard
ST008399,Maharashtra,19.772325,75.740203,2,Standard
ST008400,Maharashtra,19.924584,75.764862,4,Standard
ST008401,Maharashtra,19.616076,75.678431,8,Hub
ST008402,Maharashtra,19.826112,75.574277,4,Standard
ST008403,Maharashtra,19.894669,75.5838,2,Standard
ST008404,Maharashtra,19.575192,75.784899,2,Standard
ST008405,Maharashtra,19.749139,75.699965,2,Standard
ST008406,Maharashtra,19.694418,75.588981,2,Standard
ST008407,Maharashtra,19.813415,75.67231,2,Standard
ST008408,Maharashtra,19.749401,75.71266,2,Standard
ST008409,Maharashtra,19.745361,75.72473,2,Standard
ST008410,Maharashtra,19.589552,75.691502,2,Standard
ST008411,Maharashtra,19.780011,75.815462,4,Standard
ST008412,Maharashtra,19.758378,75.737037,2,Standard
ST008413,Maharashtra,19.735708,75.712807,2,Standard
ST008414,Maharashtra,19.746153,75.71063,2,Standard
ST008415,Maharashtra,19.837685,75.782252,6,Hub
ST008416,Maharashtra,19.746633,75.71075,4,Standard
ST008417,Maharashtra,19.601309,75.639293,2,Standard
ST008418,Maharashtra,19.746959,75.688059,2,Standard
ST008419,Maharashtra,19.639114,75.640102,4,Standard
ST008420,Maharashtra,19.91791,75.753554,2,Standard
ST008421,Maharashtra,19.892935,75.619418,2,Standard
ST008422,Maharashtra,19.818834,75.58099,2,Standard
ST008423,Maharashtra,19.660745,75.61298,2,Standard
ST008424,Maharashtra,19.797474,75.589632,2,Standard
ST008425,Maharashtra,19.716221,75.780302,2,Standard
ST008426,Maharashtra,19.754233,75.711836,2,Standard
ST008427,Maharashtra,19.691147,75.532733,2,Standard
ST008428,Maharashtra,19.697516,75.522588,2,Standard
ST008429,Maharashtra,19.748872,75.70755,2,Standard
ST008430,Maharashtra,19.777982,75.663509,2,Standard
ST008431,Maharashtra,19.692633,75.734653,2,Standard
ST008432,Maharashtra,19.741464,75.799595,2,Standard
ST008433,Maharashtra,19.659846,75.801332,2,Standard
ST008434,Maharashtra,19.774463,75.659099,2,Standard
ST008435,Maharashtra,19.781641,75.843829,2,Standard
ST008436,Maharashtra,19.664993,75.555792,2,Standard
ST008437,Maharashtra,19.921253,75.730965,2,Standard
ST008438,Maharashtra,19.62832,75.69755,2,Standard
ST008439,Maharashtra,19.824152,75.760889,2,Standard
ST008440,Maharashtra,19.758727,75.764229,2,Standard
ST008441,Maharashtra,19.589063,75.70972,2,Standard
ST008442,Maharashtra,19.746882,75.59579,4,Standard
ST008443,Maharashtra,19.668647,75.692949,2,Standard
ST008444,Maharashtra,19.861895,75.694783,4,Standard
ST008445,Maharashtra,19.750353,75.759904,2,Standard
ST008446,Maharashtra,19.6715,75.646565,2,Standard
ST008447,Maharashtra,19.917319,75.721926,4,Standard
ST008448,Maharashtra,19.713871,75.586995,2,Standard
ST008449,Maharashtra,19.817254,75.744228,2,Standard
ST008450,Maharashtra,19.909993,75.645765,2,Standard
ST008451,Maharashtra,19.744543,75.744532,4,Standard
ST008452,Maharashtra,19.683944,75.736279,2,Standard
ST008453,Maharashtra,19.671657,75.537875,2,Standard
ST008454,Maharashtra,19.743388,75.723338,2,Standard
ST008455,Maharashtra,19.757573,75.709347,2,Standard
ST008456,Maharashtra,19.878605,75.67503,6,Hub
ST008457,Maharashtra,19.788782,75.699595,2,Standard
ST008458,Maharashtra,19.845967,75.738598,2,Standard
ST008459,Maharashtra,19.688367,75.73414,2,Standard
ST008460,Maharashtra,19.910228,75.670644,4,Standard
ST008461,Maharashtra,19.734321,75.686227,4,Standard
ST008462,Maharashtra,19.737201,75.569202,4,Standard
ST008463,Maharashtra,19.586666,75.797798,4,Standard
ST008464,Maharashtra,19.778143,75.760256,2,Standard
ST008465,Maharashtra,19.898202,75.775449,4,Standard
ST008466,Maharashtra,19.706063,75.670277,2,Standard
ST008467,Maharashtra,19.755639,75.720781,4,Standard
ST008468,Maharashtra,19.79679,75.792434,2,Standard
ST008469,Maharashtra,19.752419,75.765688,2,Standard
ST008470,Maharashtra,19.824615,75.641313,2,Standard
ST008471,Maharashtra,19.750572,75.706818,2,Standard
ST008472,Maharashtra,19.68805,75.785721,2,Standard
ST008473,Maharashtra,19.76085,75.736045,2,Standard
ST008474,Maharashtra,19.880378,75.577183,2,Standard
ST008475,Maharashtra,19.81292,75.747069,6,Hub
ST008476,Maharashtra,19.767564,75.70959,4,Standard
ST008477,Maharashtra,19.631017,75.561282,4,Standard
ST008478,Maharashtra,19.844864,75.701045,4,Standard
ST008479,Maharashtra,19.772564,75.748394,2,Standard
ST008480,Maharashtra,19.891701,75.597323,2,Standard
ST008481,Maharashtra,19.632139,75.617806,2,Standard
ST008482,Maharashtra,19.743132,75.5818,4,Standard
ST008483,Maharashtra,19.815475,75.592662,4,Standard
ST008484,Maharashtra,19.705186,75.703852,2,Standard
ST008485,Maharashtra,19.747865,75.619282,4,Standard
ST008486,Maharashtra,19.706954,75.867979,2,Standard
ST008487,Maharashtra,19.6899,75.536842,2,Standard
ST008488,Maharashtra,19.817282,75.82584,6,Hub
ST008489,Maharashtra,19.75804,75.894498,2,Standard
ST008490,Maharashtra,19.857911,75.790702,2,Standard
ST008491,Maharashtra,19.769622,75.645269,2,Standard
ST008492,Maharashtra,19.914631,75.665547,2,Standard
ST008493,Maharashtra,19.751083,75.715349,2,Standard
ST008494,Maharashtra,19.735242,75.767762,2,Standard
ST008495,Maharashtra,19.900509,75.590574,2,Standard
ST008496,Maharashtra,19.836677,75.754269,2,Standard
ST008497,Maharashtra,19.733768,75.708343,2,Standard
ST008498,Maharashtra,19.70596,75.758033,4,Standard
ST008499,Maharashtra,19.622641,75.684197,2,Standard
ST008500,Maharashtra,19.74362,75.687709,2,Standard
ST008501,Maharashtra,19.803786,75.588668,2,Standard
ST008502,Maharashtra,19.82041,75.656215,4,Standard
ST008503,Maharashtra,19.887576,75.60682,2,Standard
ST008504,Maharashtra,19.680908,75.742669,6,Hub
ST008505,Maharashtra,19.881976,75.655296,2,Standard
ST008506,Maharashtra,19.894968,75.644447,2,Standard
ST008507,Maharashtra,19.733582,75.699209,4,Standard
ST008508,Maharashtra,19.701568,75.901124,2,Standard
ST008509,Maharashtra,19.74362,75.730805,2,Standard
ST008510,Maharashtra,19.712811,75.572289,2,Standard
ST008511,Maharashtra,19.738346,75.771963,2,Standard
ST008512,Maharashtra,19.747225,75.714746,2,Standard
ST008513,Maharashtra,19.76701,75.652408,2,Standard
ST008514,Maharashtra,19.848899,75.586299,2,Standard
ST008515,Maharashtra,19.717169,75.658735,2,Standard
ST008516,Maharashtra,19.663001,75.704795,4,Standard
ST008517,Maharashtra,19.661618,75.857756,2,Standard
ST008518,Maharashtra,19.585849,75.731128,2,Standard
ST008519,Maharashtra,19.773763,75.731218,2,Standard
ST008520,Maharashtra,19.867862,75.697205,2,Standard
ST008521,Maharashtra,19.647066,75.707481,2,Standard
ST008522,Maharashtra,19.782619,75.854232,4,Standard
ST008523,Maharashtra,19.850277,75.772133,4,Standard
ST008524,Maharashtra,19.586441,75.635253,2,Standard
ST008525,Maharashtra,19.724458,75.709411,2,Standard
ST008526,Maharashtra,19.73511,75.705838,2,Standard
ST008527,Maharashtra,19.753281,75.719861,6,Hub
ST008528,Maharashtra,19.734652,75.71249,2,Standard
ST008529,Maharashtra,19.56835,75.74956,2,Standard
ST008530,Maharashtra,19.748576,75.698696,2,Standard
ST008531,Maharashtra,19.773237,75.846867,2,Standard
ST008532,Maharashtra,19.756695,75.709855,2,Standard
ST008533,Maharashtra,19.794467,75.610077,4,Standard
ST008534,Maharashtra,19.567914,75.659196,2,Standard
ST008535,Maharashtra,19.748984,75.543895,2,Standard
ST008536,Maharashtra,19.6841,75.801934,2,Standard
ST008537,Maharashtra,19.703364,75.671244,2,Standard
ST008538,Maharashtra,19.708705,75.693681,2,Standard
ST008539,Maharashtra,19.797943,75.772528,2,Standard
ST008540,Maharashtra,19.739178,75.531077,2,Standard
ST008541,Maharashtra,19.627446,75.747658,2,Standard
ST008542,Maharashtra,19.89579,75.822999,4,Standard
ST008543,Maharashtra,19.609708,75.648691,2,Standard
ST008544,Maharashtra,19.765638,75.664591,2,Standard
ST008545,Maharashtra,19.562622,75.678884,2,Standard
ST008546,Maharashtra,19.867011,75.786834,2,Standard
ST008547,Maharashtra,19.809934,75.69978,2,Standard
ST008548,Maharashtra,19.871831,75.57111,2,Standard
ST008549,Maharashtra,19.750653,75.667642,2,Standard
ST008550,Maharashtra,19.747893,75.720087,2,Standard
ST008551,Maharashtra,19.834717,75.56575,2,Standard
ST008552,Maharashtra,19.704118,75.661689,2,Standard
ST008553,Maharashtra,19.884909,75.783799,4,Standard
ST008554,Maharashtra,19.724677,75.533361,2,Standard
ST008555,Maharashtra,19.731277,75.549399,2,Standard
ST008556,Maharashtra,19.748294,75.587803,2,Standard
ST008557,Maharashtra,19.589742,75.793818,2,Standard
ST008558,Maharashtra,19.705064,75.649161,2,Standard
ST008559,Maharashtra,19.801827,75.743013,2,Standard
ST008560,Maharashtra,19.69844,75.698944,2,Standard
ST008561,Maharashtra,19.77046,75.817661,2,Standard
ST008562,Maharashtra,19.828778,75.854094,6,Hub
ST008563,Maharashtra,19.637281,75.725155,4,Standard
ST008564,Maharashtra,19.790515,75.765783,6,Hub
ST008565,Maharashtra,19.614972,75.800435,8,Hub
ST008566,Maharashtra,19.757134,75.669662,2,Standard
ST008567,Maharashtra,19.715216,75.68143,2,Standard
ST008568,Maharashtra,19.941406,75.699851,2,Standard
ST008569,Maharashtra,19.622618,75.659788,4,Standard
ST008570,Maharashtra,19.797291,75.577164,2,Standard
ST008571,Maharashtra,19.692062,75.531636,2,Standard
ST008572,Maharashtra,19.646904,75.641409,2,Standard
ST008573,Maharashtra,19.829752,75.605149,2,Standard
ST008574,Maharashtra,19.746487,75.667335,2,Standard
ST008575,Maharashtra,19.731163,75.735214,2,Standard
ST008576,Maharashtra,19.660414,75.710599,4,Standard
ST008577,Maharashtra,19.873722,75.711721,2,Standard
ST008578,Maharashtra,19.766664,75.648841,6,Hub
ST008579,Maharashtra,19.811808,75.60668,2,Standard
ST008580,Maharashtra,19.732248,75.65825,6,Hub
ST008581,Maharashtra,19.630568,75.675748,2,Standard
ST008582,Maharashtra,19.5964,75.616704,2,Standard
ST008583,Maharashtra,19.90736,75.598056,2,Standard
ST008584,Maharashtra,19.655115,75.545097,2,Standard
ST008585,Maharashtra,19.778331,75.666846,4,Standard
ST008586,Maharashtra,19.708692,75.734893,2,Standard
ST008587,Maharashtra,19.789097,75.714892,2,Standard
ST008588,Maharashtra,19.895421,75.717573,2,Standard
ST008589,Maharashtra,19.695704,75.742094,2,Standard
ST008590,Maharashtra,19.763751,75.547854,2,Standard
ST008591,Maharashtra,19.878359,75.694052,2,Standard
ST008592,Maharashtra,19.692222,75.728514,2,Standard
ST008593,Maharashtra,19.75887,75.755843,2,Standard
ST008594,Maharashtra,19.584565,75.821037,4,Standard
ST008595,Maharashtra,19.790941,75.714112,2,Standard
ST008596,Maharashtra,19.805642,75.846712,2,Standard
ST008597,Maharashtra,19.696597,75.787038,2,Standard
ST008598,Maharashtra,19.799675,75.779016,2,Standard
ST008599,Maharashtra,19.836471,75.778284,2,Standard
ST008600,Maharashtra,19.8806,75.805165,2,Standard
ST008601,Maharashtra,19.6192,75.655061,4,Standard
ST008602,Maharashtra,19.684985,75.751279,2,Standard
ST008603,Maharashtra,19.836949,75.774525,2,Standard
ST008604,Maharashtra,19.658268,75.705381,2,Standard
ST008605,Maharashtra,19.741587,75.547695,2,Standard
ST008606,Maharashtra,19.751643,75.685127,6,Hub
ST008607,Maharashtra,19.739933,75.702752,6,Hub
ST008608,Maharashtra,19.725461,75.642109,2,Standard
ST008609,Maharashtra,19.867535,75.841419,2,Standard
ST008610,Maharashtra,19.697992,75.667316,2,Standard
ST008611,Maharashtra,19.856965,75.734518,2,Standard
ST008612,Maharashtra,19.857165,75.658569,2,Standard
ST008613,Maharashtra,19.778358,75.709065,2,Standard
ST008614,Maharashtra,19.606351,75.647477,2,Standard
ST008615,Maharashtra,19.733521,75.71099,2,Standard
ST008616,Maharashtra,19.645372,75.653024,2,Standard
ST008617,Maharashtra,19.731195,75.563018,2,Standard
ST008618,Maharashtra,19.768769,75.58234,2,Standard
ST008619,Maharashtra,19.768734,75.792889,2,Standard
ST008620,Maharashtra,19.782666,75.525779,2,Standard
ST008621,Maharashtra,19.845698,75.764877,2,Standard
ST008622,Maharashtra,19.734243,75.755545,2,Standard
ST008623,Maharashtra,19.630363,75.709475,2,Standard
ST008624,Maharashtra,19.907247,75.723475,2,Standard
ST008625,Maharashtra,19.833589,75.539115,2,Standard
ST008626,Maharashtra,19.801694,75.821697,2,Standard
ST008627,Maharashtra,19.691526,75.743691,2,Standard
ST008628,Maharashtra,19.608141,75.651185,2,Standard
ST008629,Maharashtra,19.94335,75.741884,4,Standard
ST008630,Maharashtra,19.8067,75.574178,2,Standard
ST008631,Maharashtra,19.756575,75.636254,2,Standard
ST008632,Maharashtra,19.752288,75.63655,2,Standard
ST008633,Maharashtra,19.780005,75.692834,2,Standard
ST008634,Maharashtra,19.722505,75.820287,2,Standard
ST008635,Maharashtra,19.715755,75.79085,4,Standard
ST008636,Maharashtra,19.580423,75.722051,2,Standard
ST008637,Maharashtra,19.679776,75.703374,2,Standard
ST008638,Maharashtra,19.752663,75.795627,6,Hub
ST008639,Maharashtra,19.603006,75.69917,2,Standard
ST008640,Maharashtra,19.783609,75.744453,2,Standard
ST008641,Maharashtra,19.699064,75.763356,2,Standard
ST008642,Maharashtra,19.628113,75.813713,4,Standard
ST008643,Maharashtra,19.706404,75.80358,2,Standard
ST008644,Maharashtra,19.71844,75.681291,4,Standard
ST008645,Maharashtra,19.730116,75.606588,2,Standard
ST008646,Maharashtra,19.598514,75.767052,4,Standard
ST008647,Maharashtra,19.758717,75.890388,6,Hub
ST008648,Maharashtra,19.638519,75.668304,2,Standard
ST008649,Maharashtra,19.867166,75.598319,2,Standard
ST008650,Maharashtra,19.630507,75.624166,2,Standard
ST008651,Maharashtra,19.651493,75.758436,4,Standard
ST008652,Maharashtra,19.768122,75.720733,4,Standard
ST008653,Maharashtra,19.757212,75.703421,2,Standard
ST008654,Maharashtra,19.828705,75.853088,2,Standard
ST008655,Maharashtra,19.807979,75.714307,4,Standard
ST008656,Maharashtra,19.64863,75.653899,2,Standard
ST008657,Maharashtra,19.768679,75.614184,2,Standard
ST008658,Maharashtra,19.606691,75.705336,2,Standard
ST008659,Maharashtra,19.629806,75.714952,2,Standard
ST008660,Maharashtra,19.81579,75.665803,4,Standard
ST008661,Maharashtra,19.750967,75.714369,6,Hub
ST008662,Maharashtra,19.746995,75.710007,2,Standard
ST008663,Maharashtra,19.590708,75.709708,2,Standard
ST008664,Maharashtra,19.700204,75.697261,4,Standard
ST008665,Maharashtra,19.763654,75.661344,4,Standard
ST008666,Maharashtra,19.738512,75.592541,2,Standard
ST008667,Maharashtra,19.838714,75.872533,2,Standard
ST008668,Maharashtra,19.811898,75.902376,2,Standard
ST008669,Maharashtra,19.804141,75.71632,4,Standard
ST008670,Maharashtra,19.752367,75.716561,2,Standard
ST008671,Maharashtra,19.736167,75.576065,4,Standard
ST008672,Maharashtra,19.765001,75.664367,2,Standard
ST008673,Maharashtra,19.627658,75.759071,8,Hub
ST008674,Maharashtra,19.621903,75.765429,4,Standard
ST008675,Maharashtra,19.736226,75.696798,2,Standard
ST008676,Maharashtra,19.779436,75.572498,6,Hub
ST008677,Maharashtra,19.7342,75.688154,4,Standard
ST008678,Maharashtra,19.742627,75.792033,4,Standard
ST008679,Maharashtra,19.742982,75.758659,2,Standard
ST008680,Maharashtra,19.795008,75.593897,2,Standard
ST008681,Maharashtra,19.71008,75.69583,2,Standard
ST008682,Maharashtra,19.784782,75.695076,2,Standard
ST008683,Maharashtra,19.805381,75.528225,2,Standard
ST008684,Maharashtra,19.723018,75.517382,2,Standard
ST008685,Maharashtra,19.726169,75.678546,2,Standard
ST008686,Maharashtra,19.770072,75.776099,4,Standard
ST008687,Maharashtra,19.887703,75.720006,2,Standard
ST008688,Maharashtra,19.732421,75.875816,2,Standard
ST008689,Maharashtra,19.690698,75.78818,2,Standard
ST008690,Maharashtra,19.798813,75.703539,2,Standard
ST008691,Maharashtra,19.724371,75.565333,4,Standard
ST008692,Maharashtra,19.769658,75.81244,2,Standard
ST008693,Maharashtra,19.660599,75.838682,2,Standard
ST008694,Maharashtra,19.68313,75.647659,2,Standard
ST008695,Maharashtra,19.760128,75.667667,2,Standard
ST008696,Maharashtra,19.755438,75.54087,2,Standard
ST008697,Maharashtra,19.864821,75.605622,2,Standard
ST008698,Maharashtra,19.587032,75.821176,2,Standard
ST008699,Maharashtra,19.658616,75.801571,2,Standard
ST008700,Maharashtra,19.85545,75.880169,4,Standard
ST008701,Maharashtra,19.708542,75.569478,2,Standard
ST008702,Maharashtra,19.891328,75.775221,2,Standard
ST008703,Maharashtra,19.772287,75.581163,2,Standard
ST008704,Maharashtra,19.726007,75.808462,2,Standard
ST008705,Maharashtra,19.824008,75.774218,2,Standard
ST008706,Maharashtra,19.754209,75.783667,2,Standard
ST008707,Maharashtra,19.775516,75.753146,2,Standard
ST008708,Maharashtra,19.914596,75.799037,2,Standard
ST008709,Maharashtra,19.673596,75.698831,2,Standard
ST008710,Maharashtra,19.628873,75.686466,2,Standard
ST008711,Maharashtra,19.783019,75.697054,6,Hub
ST008712,Maharashtra,19.696402,75.901119,2,Standard
ST008713,Maharashtra,19.748387,75.717166,2,Standard
ST008714,Maharashtra,19.754659,75.718115,6,Hub
ST008715,Maharashtra,19.807162,75.710371,2,Standard
ST008716,Maharashtra,19.928133,75.621854,2,Standard
ST008717,Maharashtra,19.746125,75.710003,2,Standard
ST008718,Maharashtra,19.835436,75.761143,2,Standard
ST008719,Maharashtra,19.650729,75.781304,2,Standard
ST008720,Maharashtra,19.578306,75.783927,4,Standard
ST008721,Maharashtra,19.616047,75.683855,2,Standard
ST008722,Maharashtra,19.774877,75.696114,2,Standard
ST008723,Maharashtra,19.754226,75.73519,2,Standard
ST008724,Maharashtra,19.817026,75.792742,2,Standard
ST008725,Maharashtra,19.714898,75.790211,2,Standard
ST008726,Maharashtra,19.782651,75.710459,2,Standard
ST008727,Maharashtra,19.732372,75.708885,2,Standard
ST008728,Maharashtra,19.707482,75.809784,2,Standard
ST008729,Maharashtra,19.825388,75.688151,4,Standard
ST008730,Maharashtra,19.822765,75.74469,2,Standard
ST008731,Maharashtra,19.779523,75.750376,2,Standard
ST008732,Maharashtra,19.74156,75.704788,2,Standard
ST008733,Maharashtra,19.63259,75.740696,2,Standard
ST008734,Maharashtra,19.748127,75.715704,2,Standard
ST008735,Maharashtra,19.824619,75.707229,4,Standard
ST008736,Maharashtra,19.763132,75.649818,2,Standard
ST008737,Maharashtra,19.674763,75.726046,2,Standard
ST008738,Maharashtra,19.7491,75.717552,4,Standard
ST008739,Maharashtra,19.638086,75.850958,2,Standard
ST008740,Maharashtra,19.74086,75.686831,2,Standard
ST008741,Maharashtra,19.601531,75.617193,2,Standard
ST008742,Maharashtra,19.742317,75.685617,2,Standard
ST008743,Maharashtra,19.792182,75.669379,6,Hub
ST008744,Maharashtra,19.650622,75.743844,2,Standard
ST008745,Maharashtra,19.861496,75.563512,2,Standard
ST008746,Maharashtra,19.752938,75.71322,2,Standard
ST008747,Maharashtra,19.761093,75.708773,2,Standard
ST008748,Maharashtra,19.741309,75.816392,2,Standard
ST008749,Maharashtra,19.631519,75.729114,4,Standard
ST008750,Maharashtra,19.566181,75.737967,2,Standard
ST008751,Maharashtra,19.754753,75.768608,2,Standard
ST008752,Maharashtra,19.764984,75.706569,2,Standard
ST008753,Maharashtra,19.646203,75.627279,4,Standard
ST008754,Maharashtra,19.612738,75.709066,2,Standard
ST008755,Maharashtra,19.831053,75.864733,2,Standard
ST008756,Maharashtra,19.802588,75.775675,2,Standard
ST008757,Maharashtra,19.848577,75.763561,2,Standard
ST008758,Maharashtra,19.660549,75.549085,2,Standard
ST008759,Maharashtra,19.744254,75.605922,4,Standard
ST008760,Maharashtra,19.838739,75.674587,2,Standard
ST008761,Maharashtra,19.640988,75.669174,2,Standard
ST008762,Maharashtra,19.609921,75.803774,2,Standard
ST008763,Maharashtra,19.795458,75.81579,4,Standard
ST008764,Maharashtra,19.720118,75.535849,2,Standard
ST008765,Maharashtra,19.827363,75.646096,2,Standard
ST008766,Maharashtra,19.702457,75.652161,2,Standard
ST008767,Maharashtra,19.573858,75.7499,2,Standard
ST008768,Maharashtra,19.913875,75.638368,2,Standard
ST008769,Maharashtra,19.861208,75.843784,2,Standard
ST008770,Maharashtra,19.819981,75.690868,2,Standard
ST008771,Maharashtra,19.596749,75.695686,2,Standard
ST008772,Maharashtra,19.567727,75.638349,2,Standard
ST008773,Maharashtra,19.614204,75.753122,6,Hub
ST008774,Maharashtra,19.777631,75.618597,2,Standard
ST008775,Maharashtra,19.819519,75.628432,2,Standard
ST008776,Maharashtra,19.733173,75.725265,2,Standard
ST008777,Maharashtra,19.636418,75.805019,2,Standard
ST008778,Maharashtra,19.795804,75.690008,2,Standard
ST008779,Maharashtra,19.732591,75.738203,2,Standard
ST008780,Maharashtra,19.681618,75.535029,2,Standard
ST008781,Maharashtra,19.673402,75.618338,2,Standard
ST008782,Maharashtra,19.734799,75.708066,2,Standard
ST008783,Maharashtra,19.736036,75.594487,2,Standard
ST008784,Maharashtra,19.656591,75.561235,2,Standard
ST008785,Maharashtra,19.784574,75.561259,2,Standard
ST008786,Maharashtra,19.929124,75.626445,2,Standard
ST008787,Maharashtra,19.732502,75.703256,2,Standard
ST008788,Maharashtra,19.599145,75.753907,2,Standard
ST008789,Maharashtra,19.762705,75.715872,2,Standard
ST008790,Maharashtra,19.884883,75.77378,6,Hub
ST008791,Maharashtra,19.677722,75.713359,2,Standard
ST008792,Maharashtra,19.866868,75.804107,2,Standard
ST008793,Maharashtra,19.728599,75.761769,2,Standard
ST008794,Maharashtra,19.687109,75.622502,2,Standard
ST008795,Maharashtra,19.668232,75.811505,2,Standard
ST008796,Maharashtra,19.730366,75.871455,2,Standard
ST008797,Maharashtra,19.755616,75.7454,4,Standard
ST008798,Maharashtra,19.780158,75.575252,2,Standard
ST008799,Maharashtra,19.761049,75.735098,8,Hub
ST008800,Maharashtra,19.833401,75.581929,2,Standard
ST008801,Maharashtra,19.690079,75.830332,2,Standard
ST008802,Maharashtra,19.823585,75.785228,2,Standard
ST008803,Maharashtra,19.829279,75.723096,2,Standard
ST008804,Maharashtra,19.836214,75.756959,6,Hub
ST008805,Maharashtra,19.673168,75.755892,2,Standard
ST008806,Maharashtra,19.820909,75.734222,2,Standard
ST008807,Maharashtra,19.754505,75.640178,2,Standard
ST008808,Maharashtra,19.735458,75.641767,2,Standard
ST008809,Maharashtra,19.651586,75.766209,2,Standard
ST008810,Maharashtra,19.772235,75.707261,2,Standard
ST008811,Maharashtra,19.870501,75.738867,2,Standard
ST008812,Maharashtra,19.939406,75.651665,6,Hub
ST008813,Maharashtra,19.658347,75.723199,2,Standard
ST008814,Maharashtra,19.68337,75.626108,2,Standard
ST008815,Maharashtra,19.635153,75.583445,2,Standard
ST008816,Maharashtra,19.749194,75.614551,4,Standard
ST008817,Maharashtra,19.627234,75.744259,2,Standard
ST008818,Maharashtra,19.663467,75.739053,4,Standard
ST008819,Maharashtra,19.78613,75.71746,2,Standard
ST008820,Maharashtra,19.587398,75.725764,2,Standard
ST008821,Maharashtra,19.732735,75.816731,2,Standard
ST008822,Maharashtra,19.739722,75.731239,8,Hub
ST008823,Maharashtra,19.916601,75.669623,2,Standard
ST008824,Maharashtra,19.878302,75.782054,2,Standard
ST008825,Maharashtra,19.63701,75.87663,2,Standard
ST008826,Maharashtra,19.736062,75.759083,2,Standard
ST008827,Maharashtra,19.599442,75.644793,2,Standard
ST008828,Maharashtra,19.801635,75.846627,4,Standard
ST008829,Maharashtra,19.921776,75.783064,4,Standard
ST008830,Maharashtra,19.911131,75.803067,6,Hub
ST008831,Maharashtra,19.662031,75.719073,2,Standard
ST008832,Maharashtra,19.946798,75.680835,2,Standard
ST008833,Maharashtra,19.736579,75.693315,2,Standard
ST008834,Maharashtra,19.645747,75.709798,2,Standard
ST008835,Maharashtra,19.638071,75.703576,4,Standard
ST008836,Maharashtra,19.892762,75.730597,2,Standard
ST008837,Maharashtra,19.746094,75.691448,4,Standard
ST008838,Maharashtra,19.648719,75.665346,4,Standard
ST008839,Maharashtra,19.744467,75.698336,2,Standard
ST008840,Maharashtra,19.712172,75.673822,2,Standard
ST008841,Maharashtra,19.596985,75.707097,2,Standard
ST008842,Maharashtra,19.744958,75.691037,2,Standard
ST008843,Maharashtra,19.588627,75.608829,2,Standard
ST008844,Maharashtra,19.845807,75.856042,6,Hub
ST008845,Maharashtra,19.706027,75.565929,2,Standard
ST008846,Maharashtra,19.740016,75.770321,2,Standard
ST008847,Maharashtra,19.81128,75.673831,2,Standard
ST008848,Maharashtra,19.862326,75.760227,4,Standard
ST008849,Maharashtra,19.864285,75.826427,2,Standard
ST008850,Maharashtra,19.641472,75.577887,2,Standard
ST008851,Maharashtra,19.756369,75.692012,2,Standard
ST008852,Maharashtra,19.637863,75.819183,2,Standard
ST008853,Maharashtra,19.582671,75.810422,2,Standard
ST008854,Maharashtra,19.751223,75.710812,2,Standard
ST008855,Maharashtra,19.766195,75.700098,2,Standard
ST008856,Maharashtra,19.844764,75.827395,6,Hub
ST008857,Maharashtra,19.822423,75.633422,2,Standard
ST008858,Maharashtra,19.734433,75.782059,2,Standard
ST008859,Maharashtra,19.715496,75.76842,2,Standard
ST008860,Maharashtra,19.756923,75.835553,2,Standard
ST008861,Maharashtra,19.801279,75.677927,2,Standard
ST008862,Maharashtra,19.816466,75.868522,2,Standard
ST008863,Maharashtra,19.741893,75.527981,4,Standard
ST008864,Maharashtra,19.766105,75.73878,2,Standard
ST008865,Maharashtra,19.632753,75.682272,2,Standard
ST008866,Maharashtra,19.632635,75.728785,2,Standard
ST008867,Maharashtra,19.792135,75.800791,2,Standard
ST008868,Maharashtra,19.704256,75.641392,4,Standard
ST008869,Maharashtra,19.712795,75.632384,2,Standard
ST008870,Maharashtra,19.721052,75.766435,2,Standard
ST008871,Maharashtra,19.747587,75.716352,2,Standard
ST008872,Maharashtra,19.668704,75.566547,4,Standard
ST008873,Maharashtra,19.745874,75.721188,2,Standard
ST008874,Maharashtra,19.804058,75.709523,2,Standard
ST008875,Maharashtra,19.803256,75.766721,2,Standard
ST008876,Maharashtra,19.747277,75.655269,6,Hub
ST008877,Maharashtra,19.677376,75.676306,4,Standard
ST008878,Maharashtra,19.800284,75.758438,2,Standard
ST008879,Maharashtra,19.732254,75.593022,4,Standard
ST008880,Maharashtra,19.775342,75.736227,2,Standard
ST008881,Maharashtra,19.648381,75.588074,2,Standard
ST008882,Maharashtra,19.681835,75.810454,2,Standard
ST008883,Maharashtra,19.78128,75.768593,4,Standard
ST008884,Maharashtra,19.903911,75.733417,2,Standard
ST008885,Maharashtra,19.618842,75.809002,2,Standard
ST008886,Maharashtra,19.708641,75.553788,2,Standard
ST008887,Maharashtra,19.743274,75.749996,4,Standard
ST008888,Maharashtra,19.892736,75.688707,2,Standard
ST008889,Maharashtra,19.752823,75.711631,2,Standard
ST008890,Maharashtra,19.660842,75.831595,2,Standard
ST008891,Maharashtra,19.851618,75.767299,2,Standard
ST008892,Maharashtra,19.748321,75.715419,2,Standard
ST008893,Maharashtra,19.756513,75.770637,2,Standard
ST008894,Maharashtra,19.847874,75.795543,8,Hub
ST008895,Maharashtra,19.754151,75.769361,2,Standard
ST008896,Maharashtra,19.82647,75.658153,2,Standard
ST008897,Maharashtra,19.638726,75.804683,2,Standard
ST008898,Maharashtra,19.755721,75.711207,2,Standard
ST008899,Maharashtra,19.635747,75.752932,2,Standard
ST008900,Maharashtra,19.68699,75.854267,4,Standard
ST008901,Maharashtra,19.937163,75.680265,2,Standard
ST008902,Maharashtra,19.746962,75.75894,4,Standard
ST008903,Maharashtra,19.839973,75.689691,2,Standard
ST008904,Maharashtra,19.788127,75.850473,8,Hub
ST008905,Maharashtra,19.74003,75.766104,2,Standard
ST008906,Maharashtra,19.775083,75.691544,2,Standard
ST008907,Maharashtra,19.800991,75.735093,2,Standard
ST008908,Maharashtra,19.732234,75.698575,6,Hub
ST008909,Maharashtra,19.628026,75.736174,2,Standard
ST008910,Maharashtra,19.778227,75.676493,2,Standard
ST008911,Maharashtra,19.770792,75.671062,2,Standard
ST008912,Maharashtra,19.71325,75.636724,4,Standard
ST008913,Maharashtra,19.858844,75.808155,2,Standard
ST008914,Maharashtra,19.758606,75.748503,2,Standard
ST008915,Maharashtra,19.669281,75.815446,4,Standard
ST008916,Maharashtra,19.755187,75.750447,4,Standard
ST008917,Maharashtra,19.845644,75.719796,2,Standard
ST008918,Maharashtra,19.709349,75.734175,8,Hub
ST008919,Maharashtra,19.832519,75.742296,2,Standard
ST008920,Maharashtra,19.785512,75.574946,2,Standard
ST008921,Maharashtra,19.752729,75.712429,2,Standard
ST008922,Maharashtra,19.818268,75.699599,2,Standard
ST008923,Maharashtra,19.801932,75.710854,4,Standard
ST008924,Maharashtra,19.681843,75.726492,4,Standard
ST008925,Maharashtra,19.647617,75.846512,2,Standard
ST008926,Maharashtra,19.747036,75.51552,2,Standard
ST008927,Maharashtra,19.681432,75.65328,2,Standard
ST008928,Maharashtra,19.919735,75.820775,2,Standard
ST008929,Maharashtra,19.618684,75.669329,2,Standard
ST008930,Maharashtra,19.66023,75.774477,4,Standard
ST008931,Maharashtra,19.782641,75.70215,2,Standard
ST008932,Maharashtra,19.743499,75.74324,2,Standard
ST008933,Maharashtra,19.754753,75.701925,2,Standard
ST008934,Maharashtra,19.803517,75.743195,2,Standard
ST008935,Maharashtra,19.670568,75.706666,2,Standard
ST008936,Maharashtra,19.935456,75.767114,2,Standard
ST008937,Maharashtra,19.804939,75.697596,2,Standard
ST008938,Maharashtra,19.738098,75.598964,2,Standard
ST008939,Maharashtra,19.755622,75.766172,2,Standard
ST008940,Maharashtra,19.667782,75.718558,2,Standard
ST008941,Maharashtra,19.710129,75.870014,2,Standard
ST008942,Maharashtra,19.621418,75.72912,4,Standard
ST008943,Maharashtra,19.791232,75.812928,2,Standard
ST008944,Maharashtra,19.707888,75.809725,2,Standard
ST008945,Maharashtra,19.781099,75.562993,2,Standard
ST008946,Maharashtra,19.666933,75.824033,2,Standard
ST008947,Maharashtra,19.868216,75.66878,2,Standard
ST008948,Maharashtra,19.832499,75.823075,2,Standard
ST008949,Maharashtra,19.889385,75.820722,4,Standard
ST008950,Maharashtra,19.674894,75.705851,2,Standard
ST008951,Maharashtra,19.822823,75.740599,2,Standard
ST008952,Maharashtra,19.754944,75.711502,2,Standard
ST008953,Maharashtra,19.567626,75.74344,2,Standard
ST008954,Maharashtra,19.683887,75.766454,2,Standard
ST008955,Maharashtra,19.669965,75.670032,6,Hub
ST008956,Maharashtra,19.753316,75.717136,2,Standard
ST008957,Maharashtra,19.609462,75.596679,4,Standard
ST008958,Maharashtra,19.784614,75.740044,2,Standard
ST008959,Maharashtra,19.640606,75.83165,2,Standard
ST008960,Maharashtra,19.730204,75.889021,2,Standard
ST008961,Maharashtra,19.928582,75.777601,2,Standard
ST008962,Maharashtra,19.629226,75.664823,2,Standard
ST008963,Maharashtra,19.646104,75.829452,2,Standard
ST008964,Maharashtra,19.756397,75.722369,4,Standard
ST008965,Maharashtra,19.61625,75.818108,8,Hub
ST008966,Maharashtra,19.754701,75.610518,2,Standard
ST008967,Maharashtra,19.728145,75.702524,2,Standard
ST008968,Maharashtra,19.836403,75.581372,2,Standard
ST008969,Maharashtra,19.699807,75.636304,2,Standard
ST008970,Maharashtra,19.922941,75.674966,4,Standard
ST008971,Maharashtra,19.705714,75.655307,2,Standard
ST008972,Maharashtra,19.666632,75.636165,2,Standard
ST008973,Maharashtra,19.703216,75.751723,2,Standard
ST008974,Maharashtra,19.655758,75.777213,2,Standard
ST008975,Maharashtra,19.704068,75.736902,2,Standard
ST008976,Maharashtra,19.758816,75.607859,4,Standard
ST008977,Maharashtra,19.818604,75.744287,2,Standard
ST008978,Maharashtra,19.864748,75.613949,2,Standard
ST008979,Maharashtra,19.668162,75.882014,2,Standard
ST008980,Maharashtra,19.921906,75.802899,2,Standard
ST008981,Maharashtra,19.751549,75.715718,2,Standard
ST008982,Maharashtra,19.685826,75.742906,4,Standard
ST008983,Maharashtra,19.596928,75.675154,4,Standard
ST008984,Maharashtra,19.795528,75.646811,2,Standard
ST008985,Maharashtra,19.724697,75.726544,4,Standard
ST008986,Maharashtra,19.874062,75.751645,2,Standard
ST008987,Maharashtra,19.8864,75.771712,6,Hub
ST008988,Maharashtra,19.712975,75.704243,2,Standard
ST008989,Maharashtra,19.716023,75.704904,2,Standard
ST008990,Maharashtra,19.603289,75.773945,8,Hub
ST008991,Maharashtra,19.722607,75.720948,2,Standard
ST008992,Maharashtra,19.745385,75.67705,4,Standard
ST008993,Maharashtra,19.744609,75.618278,2,Standard
ST008994,Maharashtra,19.588355,75.7627,4,Standard
ST008995,Maharashtra,19.749807,75.707539,2,Standard
ST008996,Maharashtra,19.701671,75.880805,2,Standard
ST008997,Maharashtra,19.859829,75.726429,2,Standard
ST008998,Maharashtra,19.734228,75.590734,2,Standard
ST008999,Maharashtra,19.761098,75.569079,4,Standard
ST009000,Maharashtra,19.692968,75.560371,2,Standard
ST009001,Maharashtra,19.702447,75.650092,4,Standard
ST009002,Maharashtra,19.610382,75.739069,2,Standard
ST009003,Maharashtra,19.790312,75.67572,6,Hub
ST009004,Maharashtra,19.649715,75.869755,2,Standard
ST009005,Maharashtra,19.719975,75.696951,2,Standard
ST009006,Maharashtra,19.649237,75.544175,2,Standard
ST009007,Maharashtra,19.817917,75.580356,8,Hub
ST009008,Maharashtra,19.797157,75.883075,2,Standard
ST009009,Maharashtra,19.575972,75.685207,2,Standard
ST009010,Maharashtra,19.745533,75.724782,2,Standard
ST009011,Maharashtra,19.698146,75.722015,2,Standard
ST009012,Maharashtra,19.710012,75.527029,4,Standard
ST009013,Maharashtra,19.68721,75.548573,2,Standard
ST009014,Maharashtra,19.603846,75.758793,2,Standard
ST009015,Maharashtra,19.829963,75.595336,4,Standard
ST009016,Maharashtra,19.626476,75.707786,2,Standard
ST009017,Maharashtra,19.736012,75.665711,4,Standard
ST009018,Maharashtra,19.821,75.536998,2,Standard
ST009019,Maharashtra,19.614618,75.744281,6,Hub
ST009020,Maharashtra,19.740715,75.58189,2,Standard
ST009021,Maharashtra,19.582841,75.66246,2,Standard
ST009022,Maharashtra,19.739903,75.717755,2,Standard
ST009023,Maharashtra,19.826956,75.602202,2,Standard
ST009024,Maharashtra,19.767683,75.691407,2,Standard
ST009025,Maharashtra,19.934897,75.749785,2,Standard
ST009026,Maharashtra,19.84854,75.843533,2,Standard
ST009027,Maharashtra,19.814425,75.586892,2,Standard
ST009028,Maharashtra,19.842099,75.811924,8,Hub
ST009029,Maharashtra,19.816763,75.659276,2,Standard
ST009030,Maharashtra,19.675686,75.759695,2,Standard
ST009031,Maharashtra,19.906595,75.80207,2,Standard
ST009032,Maharashtra,19.887374,75.567712,2,Standard
ST009033,Maharashtra,19.622272,75.637274,2,Standard
ST009034,Maharashtra,19.790618,75.841546,8,Hub
ST009035,Maharashtra,19.645312,75.568259,4,Standard
ST009036,Maharashtra,19.84274,75.549876,2,Standard
ST009037,Maharashtra,19.869501,75.586382,2,Standard
ST009038,Maharashtra,19.907311,75.779847,2,Standard
ST009039,Maharashtra,19.692111,75.666334,2,Standard
ST009040,Maharashtra,19.878579,75.761022,2,Standard
ST009041,Maharashtra,19.707359,75.796387,4,Standard
ST009042,Maharashtra,19.675654,75.548067,2,Standard
ST009043,Maharashtra,19.792634,75.633716,6,Hub
ST009044,Maharashtra,19.714979,75.74498,2,Standard
ST009045,Maharashtra,19.736052,75.729856,2,Standard
ST009046,Maharashtra,19.864397,75.693175,4,Standard
ST009047,Maharashtra,19.800507,75.764666,2,Standard
ST009048,Maharashtra,19.649544,75.682857,2,Standard
ST009049,Maharashtra,19.936956,75.755971,2,Standard
ST009050,Maharashtra,19.750986,75.717096,2,Standard
ST009051,Maharashtra,19.854409,75.767516,2,Standard
ST009052,Maharashtra,19.756908,75.720255,2,Standard
ST009053,Maharashtra,19.660906,75.799375,2,Standard
ST009054,Maharashtra,19.79932,75.7544,4,Standard
ST009055,Maharashtra,19.723772,75.729656,2,Standard
ST009056,Maharashtra,19.73447,75.71325,2,Standard
ST009057,Maharashtra,19.851058,75.743857,2,Standard
ST009058,Maharashtra,19.751752,75.732973,2,Standard
ST009059,Maharashtra,19.588992,75.798105,2,Standard
ST009060,Maharashtra,19.725165,75.552917,2,Standard
ST009061,Maharashtra,19.886358,75.573709,2,Standard
ST009062,Maharashtra,19.761616,75.59264,2,Standard
ST009063,Maharashtra,19.727403,75.741086,4,Standard
ST009064,Maharashtra,19.67438,75.530462,4,Standard
ST009065,Maharashtra,19.609797,75.743376,2,Standard
ST009066,Maharashtra,19.665154,75.716563,2,Standard
ST009067,Maharashtra,19.666183,75.767815,2,Standard
ST009068,Maharashtra,19.651135,75.825045,2,Standard
ST009069,Maharashtra,19.875786,75.588471,2,Standard
ST009070,Maharashtra,19.776525,75.891326,6,Hub
ST009071,Maharashtra,19.717845,75.765806,2,Standard
ST009072,Maharashtra,19.742632,75.653609,6,Hub
ST009073,Maharashtra,19.822124,75.738311,2,Standard
ST009074,Maharashtra,19.739839,75.649556,2,Standard
ST009075,Maharashtra,19.660857,75.617909,2,Standard
ST009076,Maharashtra,19.733196,75.53541,2,Standard
ST009077,Maharashtra,19.721157,75.727586,2,Standard
ST009078,Maharashtra,19.715227,75.792354,2,Standard
ST009079,Maharashtra,19.75091,75.711343,2,Standard
ST009080,Maharashtra,19.688852,75.856733,4,Standard
ST009081,Maharashtra,19.681688,75.585276,4,Standard
ST009082,Maharashtra,19.810819,75.568919,2,Standard
ST009083,Maharashtra,19.715155,75.63383,2,Standard
ST009084,Maharashtra,19.864711,75.702192,6,Hub
ST009085,Maharashtra,19.768625,75.769903,4,Standard
ST009086,Maharashtra,19.687282,75.540459,2,Standard
ST009087,Maharashtra,19.758632,75.728745,4,Standard
ST009088,Maharashtra,19.886141,75.589879,2,Standard
ST009089,Maharashtra,19.73905,75.788323,2,Standard
ST009090,Maharashtra,19.716209,75.658144,2,Standard
ST009091,Maharashtra,19.766919,75.698894,2,Standard
ST009092,Maharashtra,19.792015,75.723757,4,Standard
ST009093,Maharashtra,19.746423,75.735907,2,Standard
ST009094,Maharashtra,19.889931,75.774519,2,Standard
ST009095,Maharashtra,19.845259,75.870806,4,Standard
ST009096,Maharashtra,19.660924,75.812816,4,Standard
ST009097,Maharashtra,19.758899,75.761392,2,Standard
ST009098,Maharashtra,19.6515,75.663177,2,Standard
ST009099,Maharashtra,19.769295,75.563386,2,Standard
ST009100,Maharashtra,19.708566,75.634999,2,Standard
ST009101,Maharashtra,19.84776,75.634917,2,Standard
ST009102,Maharashtra,19.915063,75.703814,2,Standard
ST009103,Maharashtra,19.81315,75.731521,2,Standard
ST009104,Manipur,24.533872,93.843328,4,Standard
ST009105,Manipur,24.514272,93.857398,4,Standard
ST009106,Manipur,24.656206,93.942311,2,Standard
ST009107,Manipur,24.771846,93.944405,2,Standard
ST009108,Manipur,24.639155,93.845864,4,Standard
ST009109,Manipur,24.655814,93.899471,2,Standard
ST009110,Manipur,24.777611,93.988291,2,Standard
ST009111,Manipur,24.572982,94.005284,2,Standard
ST009112,Manipur,24.747462,93.757765,2,Standard
ST009113,Manipur,24.709389,93.992157,2,Standard
ST009114,Manipur,24.648093,93.752293,2,Standard
ST009115,Manipur,24.673564,93.861745,2,Standard
ST009116,Manipur,24.705387,94.016694,6,Hub
ST009117,Manipur,24.660127,93.842572,6,Hub
ST009118,Manipur,24.777131,93.99395,6,Hub
ST009119,Manipur,24.653478,93.937964,4,Standard
ST009120,Manipur,24.701445,93.956719,2,Standard
ST009121,Meghalaya,25.407133,91.326779,2,Standard
ST009122,Meghalaya,25.486219,91.368709,2,Standard
ST009123,Meghalaya,25.433784,91.493891,2,Standard
ST009124,Meghalaya,25.558327,91.43126,2,Standard
ST009125,Meghalaya,25.497873,91.39515,2,Standard
ST009126,Meghalaya,25.473315,91.378071,8,Hub
ST009127,Meghalaya,25.423031,91.284613,2,Standard
ST009128,Meghalaya,25.476643,91.348932,2,Standard
ST009129,Meghalaya,25.504647,91.414567,2,Standard
ST009130,Meghalaya,25.473086,91.305352,2,Standard
ST009131,Meghalaya,25.416393,91.399026,6,Hub
ST009132,Meghalaya,25.631519,91.456947,2,Standard
ST009133,Meghalaya,25.316705,91.318887,2,Standard
ST009134,Meghalaya,25.410996,91.279934,6,Hub
ST009135,Meghalaya,25.575675,91.434859,2,Standard
ST009136,Meghalaya,25.513424,91.434854,2,Standard
ST009137,Meghalaya,25.359272,91.252754,2,Standard
ST009138,Meghalaya,25.413695,91.242924,2,Standard
ST009139,Meghalaya,25.508026,91.421959,2,Standard
ST009140,Meghalaya,25.605697,91.40453,4,Standard
ST009141,Meghalaya,25.517495,91.350695,6,Hub
ST009142,Nagaland,26.239437,94.612197,2,Standard
ST009143,Nagaland,26.226989,94.475898,2,Standard
ST009144,Nagaland,26.344899,94.618849,4,Standard
ST009145,Nagaland,26.170883,94.53923,2,Standard
ST009146,Nagaland,26.237874,94.519871,8,Hub
ST009147,Nagaland,26.09448,94.628861,2,Standard
ST009148,Odisha,21.018535,84.984791,2,Standard
ST009149,Odisha,21.130103,85.168162,2,Standard
ST009150,Odisha,21.041018,85.217903,2,Standard
ST009151,Odisha,20.927099,85.07019,2,Standard
ST009152,Odisha,21.034854,85.251419,4,Standard
ST009153,Odisha,20.837099,85.161789,2,Standard
ST009154,Odisha,20.806277,85.094779,4,Standard
ST009155,Odisha,20.894712,85.105975,2,Standard
ST009156,Odisha,20.839391,85.228528,2,Standard
ST009157,Odisha,20.909868,85.107016,4,Standard
ST009158,Odisha,21.097759,85.034864,8,Hub
ST009159,Odisha,21.139392,85.166962,4,Standard
ST009160,Odisha,20.940828,85.068347,4,Standard
ST009161,Odisha,20.962854,85.236539,2,Standard
ST009162,Odisha,20.960588,85.051526,4,Standard
ST009163,Odisha,20.949011,85.159865,2,Standard
ST009164,Odisha,20.92365,85.078649,2,Standard
ST009165,Odisha,21.059376,85.181205,2,Standard
ST009166,Odisha,20.969915,84.999984,4,Standard
ST009167,Odisha,20.895034,85.163733,2,Standard
ST009168,Odisha,20.804995,85.222357,2,Standard
ST009169,Odisha,20.95642,85.057151,2,Standard
ST009170,Odisha,20.870454,85.170867,2,Standard
ST009171,Odisha,20.880684,85.037471,4,Standard
ST009172,Odisha,21.008328,84.955805,2,Standard
ST009173,Odisha,20.780904,85.092963,2,Standard
ST009174,Odisha,20.952766,84.942787,2,Standard
ST009175,Odisha,21.003006,85.084083,2,Standard
ST009176,Odisha,20.932026,85.275199,2,Standard
ST009177,Odisha,20.977495,84.914995,2,Standard
ST009178,Odisha,21.067503,85.147005,2,Standard
ST009179,Odisha,21.013654,85.177987,2,Standard
ST009180,Odisha,20.965999,85.119754,4,Standard
ST009181,Odisha,21.07738,85.108128,8,Hub
ST009182,Odisha,20.93839,85.114792,2,Standard
ST009183,Odisha,20.936771,85.128812,2,Standard
ST009184,Odisha,21.011454,85.075575,4,Standard
ST009185,Odisha,20.867148,85.243639,2,Standard
ST009186,Odisha,20.866602,84.98478,2,Standard
ST009187,Odisha,20.82745,84.955765,2,Standard
ST009188,Odisha,21.004494,85.289132,4,Standard
ST009189,Odisha,21.009067,84.995619,2,Standard
ST009190,Odisha,20.883809,84.987912,2,Standard
ST009191,Odisha,20.992401,85.114142,2,Standard
ST009192,Odisha,21.055456,85.07288,2,Standard
ST009193,Odisha,20.841685,85.203974,2,Standard
ST009194,Odisha,20.949099,85.098096,2,Standard
ST009195,Odisha,20.939053,84.952604,4,Standard
ST009196,Odisha,21.048942,85.263278,2,Standard
ST009197,Odisha,20.966642,85.188822,2,Standard
ST009198,Odisha,21.042338,85.178141,2,Standard
ST009199,Odisha,20.901612,85.148304,2,Standard
ST009200,Odisha,20.952589,85.096807,6,Hub
ST009201,Odisha,20.985612,84.989357,2,Standard
ST009202,Odisha,21.069139,85.088216,2,Standard
ST009203,Odisha,20.961222,85.101954,2,Standard
ST009204,Odisha,21.076601,84.985782,2,Standard
ST009205,Odisha,20.881652,85.200342,6,Hub
ST009206,Odisha,20.758681,85.111141,2,Standard
ST009207,Odisha,21.138822,85.037649,2,Standard
ST009208,Odisha,21.073237,84.963148,2,Standard
ST009209,Odisha,20.98563,85.261201,4,Standard
ST009210,Odisha,20.902475,84.912341,2,Standard
ST009211,Odisha,20.936346,85.091126,2,Standard
ST009212,Odisha,20.839305,85.019614,2,Standard
ST009213,Odisha,20.966314,85.175956,4,Standard
ST009214,Odisha,20.890758,85.055092,2,Standard
ST009215,Odisha,20.932885,85.117327,2,Standard
ST009216,Odisha,21.091516,85.0439,2,Standard
ST009217,Odisha,21.104818,85.099696,2,Standard
ST009218,Odisha,20.951575,85.096558,2,Standard
ST009219,Odisha,20.868851,85.187166,2,Standard
ST009220,Odisha,20.802909,85.144018,2,Standard
ST009221,Odisha,20.924241,85.112391,2,Standard
ST009222,Odisha,20.999577,85.091353,2,Standard
ST009223,Odisha,20.945928,85.070457,2,Standard
ST009224,Odisha,20.909592,85.176233,2,Standard
ST009225,Odisha,20.983652,85.182629,4,Standard
ST009226,Odisha,21.013279,85.191814,2,Standard
ST009227,Odisha,20.945257,85.087804,2,Standard
ST009228,Odisha,20.977239,85.071689,4,Standard
ST009229,Odisha,20.972094,85.229188,2,Standard
ST009230,Odisha,20.85374,85.117985,2,Standard
ST009231,Odisha,21.063367,85.214685,2,Standard
ST009232,Odisha,20.931622,85.080333,2,Standard
ST009233,Odisha,20.837814,85.213828,2,Standard
ST009234,Odisha,20.931944,85.089452,2,Standard
ST009235,Odisha,20.917861,85.133298,2,Standard
ST009236,Odisha,20.784042,85.080027,4,Standard
ST009237,Odisha,20.871888,85.132286,2,Standard
ST009238,Odisha,21.047153,85.033937,2,Standard
ST009239,Odisha,20.903783,85.077337,8,Hub
ST009240,Odisha,20.861909,85.026358,2,Standard
ST009241,Odisha,20.793737,85.218111,4,Standard
ST009242,Odisha,21.062197,84.99718,2,Standard
ST009243,Odisha,20.861821,85.077014,2,Standard
ST009244,Odisha,20.976021,85.154603,6,Hub
ST009245,Odisha,20.965311,85.008777,2,Standard
ST009246,Odisha,20.973551,85.078559,2,Standard
ST009247,Odisha,20.822485,85.091717,2,Standard
ST009248,Odisha,20.77485,85.079708,2,Standard
ST009249,Odisha,20.974817,85.096982,2,Standard
ST009250,Odisha,20.969548,85.117495,2,Standard
ST009251,Odisha,20.920464,85.030826,2,Standard
ST009252,Odisha,20.943214,85.017851,2,Standard
ST009253,Odisha,20.844623,84.987857,2,Standard
ST009254,Odisha,20.848713,85.066309,2,Standard
ST009255,Odisha,21.021551,85.141749,2,Standard
ST009256,Odisha,20.863099,85.072289,2,Standard
ST009257,Odisha,21.098902,84.992653,2,Standard
ST009258,Odisha,20.984475,85.030974,4,Standard
ST009259,Odisha,20.93557,85.021105,2,Standard
ST009260,Odisha,20.959186,85.166671,2,Standard
ST009261,Odisha,21.011568,85.127116,2,Standard
ST009262,Odisha,20.766388,85.14516,2,Standard
ST009263,Odisha,20.881676,85.264854,2,Standard
ST009264,Odisha,20.956759,85.136357,2,Standard
ST009265,Odisha,20.818155,85.082485,2,Standard
ST009266,Odisha,20.994209,85.110657,2,Standard
ST009267,Odisha,20.888049,85.116696,8,Hub
ST009268,Odisha,20.92791,84.999074,2,Standard
ST009269,Odisha,21.047215,85.24976,2,Standard
ST009270,Odisha,20.912755,85.239445,4,Standard
ST009271,Odisha,20.987695,84.909261,2,Standard
ST009272,Odisha,20.828538,85.099655,2,Standard
ST009273,Odisha,20.882746,85.215301,2,Standard
ST009274,Odisha,20.866476,85.118461,2,Standard
ST009275,Odisha,20.957873,85.09059,4,Standard
ST009276,Odisha,21.077355,84.983384,2,Standard
ST009277,Odisha,20.853738,85.094579,4,Standard
ST009278,Odisha,20.823226,85.250256,2,Standard
ST009279,Odisha,21.042098,85.17441,4,Standard
ST009280,Odisha,20.873927,84.928587,2,Standard
ST009281,Odisha,20.975991,84.972042,4,Standard
ST009282,Odisha,21.007202,85.148566,2,Standard
ST009283,Odisha,21.065027,85.233476,2,Standard
ST009284,Odisha,20.951339,84.946993,2,Standard
ST009285,Odisha,20.893263,85.015622,2,Standard
ST009286,Odisha,20.990468,85.151839,2,Standard
ST009287,Odisha,21.046263,85.208399,2,Standard
ST009288,Odisha,21.026772,85.217171,2,Standard
ST009289,Odisha,20.919097,85.012619,2,Standard
ST009290,Odisha,20.993268,85.145787,2,Standard
ST009291,Odisha,20.891984,85.225211,2,Standard
ST009292,Odisha,21.076941,85.207169,2,Standard
ST009293,Odisha,20.954275,85.061328,2,Standard
ST009294,Odisha,20.925957,84.967299,2,Standard
ST009295,Odisha,20.951254,85.060717,2,Standard
ST009296,Odisha,20.977645,85.138046,6,Hub
ST009297,Odisha,20.846077,85.216991,2,Standard
ST009298,Odisha,20.93767,84.913942,2,Standard
ST009299,Odisha,20.953856,85.099332,2,Standard
ST009300,Odisha,20.934152,85.045471,2,Standard
ST009301,Odisha,20.896577,85.192952,2,Standard
ST009302,Odisha,21.054533,85.175621,2,Standard
ST009303,Odisha,20.894146,85.211197,2,Standard
ST009304,Odisha,20.968936,85.068935,2,Standard
ST009305,Odisha,21.047983,85.053836,2,Standard
ST009306,Odisha,20.988469,85.079158,2,Standard
ST009307,Odisha,20.887738,85.049167,2,Standard
ST009308,Odisha,20.970072,84.978719,6,Hub
ST009309,Odisha,20.769211,85.104791,6,Hub
ST009310,Odisha,20.920179,85.129193,4,Standard
ST009311,Odisha,20.854593,85.020099,4,Standard
ST009312,Odisha,20.861418,85.134841,2,Standard
ST009313,Odisha,21.093531,85.06166,2,Standard
ST009314,Odisha,20.984287,85.125667,2,Standard
ST009315,Odisha,21.095286,85.076291,2,Standard
ST009316,Odisha,21.004018,85.067579,4,Standard
ST009317,Odisha,20.944406,84.955886,2,Standard
ST009318,Odisha,20.921172,85.204349,2,Standard
ST009319,Odisha,20.884698,85.029433,2,Standard
ST009320,Odisha,21.029348,84.951131,2,Standard
ST009321,Odisha,21.046638,84.968861,2,Standard
ST009322,Odisha,20.875626,85.104207,2,Standard
ST009323,Odisha,20.999672,85.012998,8,Hub
ST009324,Odisha,20.954013,85.199942,2,Standard
ST009325,Odisha,21.038628,85.2061,2,Standard
ST009326,Odisha,20.924903,85.143218,2,Standard
ST009327,Odisha,21.101311,85.056568,2,Standard
ST009328,Odisha,20.980493,84.977124,2,Standard
ST009329,Odisha,21.032389,84.969882,2,Standard
ST009330,Odisha,20.795321,84.986715,2,Standard
ST009331,Odisha,21.019395,85.274614,2,Standard
ST009332,Odisha,20.865645,85.159842,2,Standard
ST009333,Odisha,21.02916,85.17379,2,Standard
ST009334,Odisha,20.79892,84.970146,4,Standard
ST009335,Odisha,21.142636,85.068495,2,Standard
ST009336,Odisha,20.8368,85.260062,2,Standard
ST009337,Odisha,20.787955,85.145539,4,Standard
ST009338,Odisha,20.972949,85.19741,2,Standard
ST009339,Odisha,21.136804,85.058359,2,Standard
ST009340,Odisha,20.887168,84.952569,2,Standard
ST009341,Odisha,21.01607,85.227683,4,Standard
ST009342,Odisha,20.9382,85.08613,4,Standard
ST009343,Odisha,20.968134,85.112654,2,Standard
ST009344,Odisha,20.947153,85.070524,2,Standard
ST009345,Odisha,20.881766,85.112876,2,Standard
ST009346,Pondicherry,11.807359,79.764212,4,Standard
ST009347,Pondicherry,11.900488,79.713747,2,Standard
ST009348,Pondicherry,11.864026,79.82598,4,Standard
ST009349,Pondicherry,11.984387,79.757825,2,Standard
ST009350,Pondicherry,11.932857,79.956706,2,Standard
ST009351,Pondicherry,11.833815,79.938985,2,Standard
ST009352,Pondicherry,11.875605,79.93221,2,Standard
ST009353,Pondicherry,12.015636,79.829864,2,Standard
ST009354,Pondicherry,11.8513,79.944404,2,Standard
ST009355,Pondicherry,12.031809,79.789356,2,Standard
ST009356,Pondicherry,12.005003,79.683548,2,Standard
ST009357,Pondicherry,12.100428,79.77529,4,Standard
ST009358,Pondicherry,12.067684,79.875036,2,Standard
ST009359,Pondicherry,11.938394,79.807573,2,Standard
ST009360,Pondicherry,11.940079,79.992645,2,Standard
ST009361,Pondicherry,12.084437,79.736717,2,Standard
ST009362,Pondicherry,12.101853,79.789873,2,Standard
ST009363,Pondicherry,11.999049,79.811988,2,Standard
ST009364,Pondicherry,11.960074,79.811899,2,Standard
ST009365,Pondicherry,11.961192,79.907088,2,Standard
ST009366,Pondicherry,12.040755,79.667276,2,Standard
ST009367,Pondicherry,11.803284,79.684489,2,Standard
ST009368,Pondicherry,11.763793,79.80823,6,Hub
ST009369,Punjab,31.093948,75.356981,2,Standard
ST009370,Punjab,31.21423,75.302299,2,Standard
ST009371,Punjab,31.081343,75.339793,4,Standard
ST009372,Punjab,31.04348,75.171299,4,Standard
ST009373,Punjab,31.324762,75.369927,2,Standard
ST009374,Punjab,31.219923,75.342997,2,Standard
ST009375,Punjab,31.22123,75.473289,2,Standard
ST009376,Punjab,31.252247,75.375811,2,Standard
ST009377,Punjab,31.139653,75.366876,2,Standard
ST009378,Punjab,31.153042,75.298125,6,Hub
ST009379,Punjab,31.156158,75.395465,2,Standard
ST009380,Punjab,31.034292,75.272784,2,Standard
ST009381,Punjab,31.195178,75.346539,4,Standard
ST009382,Punjab,31.086852,75.369103,2,Standard
ST009383,Punjab,31.264729,75.236401,2,Standard
ST009384,Punjab,31.099562,75.293127,4,Standard
ST009385,Punjab,31.095639,75.180512,4,Standard
ST009386,Punjab,31.017244,75.253152,2,Standard
ST009387,Punjab,31.146457,75.226854,2,Standard
ST009388,Punjab,31.090295,75.479116,2,Standard
ST009389,Punjab,31.188902,75.491389,2,Standard
ST009390,Punjab,31.202357,75.186334,2,Standard
ST009391,Punjab,31.10916,75.347719,2,Standard
ST009392,Punjab,31.26753,75.428378,4,Standard
ST009393,Punjab,31.245419,75.255895,4,Standard
ST009394,Punjab,31.262479,75.488336,4,Standard
ST009395,Punjab,31.233573,75.33527,2,Standard
ST009396,Punjab,31.018438,75.253968,2,Standard
ST009397,Punjab,31.130568,75.14835,4,Standard
ST009398,Punjab,31.234278,75.417944,2,Standard
ST009399,Punjab,31.08358,75.174898,4,Standard
ST009400,Punjab,31.284634,75.202118,8,Hub
ST009401,Punjab,30.981426,75.328603,4,Standard
ST009402,Punjab,31.071301,75.378462,2,Standard
ST009403,Punjab,31.143657,75.504811,2,Standard
ST009404,Punjab,31.198165,75.336637,2,Standard
ST009405,Punjab,31.300169,75.397541,2,Standard
ST009406,Punjab,31.007372,75.209606,2,Standard
ST009407,Punjab,31.1469,75.355404,4,Standard
ST009408,Punjab,31.130026,75.342011,2,Standard
ST009409,Punjab,31.145235,75.366326,4,Standard
ST009410,Punjab,31.150535,75.362149,2,Standard
ST009411,Punjab,31.200492,75.325289,2,Standard
ST009412,Punjab,30.978428,75.403249,4,Standard
ST009413,Punjab,31.092596,75.230258,2,Standard
ST009414,Punjab,31.101417,75.181855,2,Standard
ST009415,Punjab,31.239494,75.251854,2,Standard
ST009416,Punjab,31.229609,75.272949,4,Standard
ST009417,Punjab,31.117066,75.514634,4,Standard
ST009418,Punjab,30.971991,75.294508,6,Hub
ST009419,Punjab,31.224085,75.361053,4,Standard
ST009420,Punjab,31.194369,75.325117,2,Standard
ST009421,Punjab,31.325153,75.272684,2,Standard
ST009422,Punjab,31.230311,75.265142,2,Standard
ST009423,Punjab,31.042184,75.202485,2,Standard
ST009424,Punjab,31.167515,75.216846,2,Standard
ST009425,Punjab,31.283384,75.325946,4,Standard
ST009426,Punjab,31.158442,75.339439,2,Standard
ST009427,Punjab,31.205107,75.410394,2,Standard
ST009428,Punjab,31.029751,75.444815,2,Standard
ST009429,Punjab,31.251067,75.506431,2,Standard
ST009430,Punjab,31.112998,75.419915,2,Standard
ST009431,Punjab,31.129157,75.455675,2,Standard
ST009432,Punjab,31.175027,75.35198,2,Standard
ST009433,Punjab,31.146115,75.303913,2,Standard
ST009434,Punjab,31.161515,75.49914,6,Hub
ST009435,Punjab,31.219986,75.389604,2,Standard
ST009436,Punjab,31.215734,75.351216,2,Standard
ST009437,Punjab,31.141422,75.324097,2,Standard
ST009438,Punjab,31.286035,75.223792,2,Standard
ST009439,Punjab,31.303674,75.462636,2,Standard
ST009440,Punjab,31.142151,75.357276,2,Standard
ST009441,Punjab,31.228763,75.343801,2,Standard
ST009442,Punjab,31.101564,75.292825,4,Standard
ST009443,Punjab,31.221383,75.218632,2,Standard
ST009444,Punjab,31.060656,75.459926,2,Standard
ST009445,Punjab,31.164433,75.334399,2,Standard
ST009446,Punjab,31.115107,75.428167,2,Standard
ST009447,Punjab,31.03867,75.342569,2,Standard
ST009448,Punjab,31.105361,75.467957,4,Standard
ST009449,Punjab,31.076318,75.249849,2,Standard
ST009450,Punjab,31.219144,75.403726,8,Hub
ST009451,Punjab,31.086311,75.418333,2,Standard
ST009452,Punjab,31.231856,75.295891,2,Standard
ST009453,Punjab,31.234529,75.3489,6,Hub
ST009454,Punjab,31.214101,75.200308,2,Standard
ST009455,Punjab,31.097323,75.337002,2,Standard
ST009456,Punjab,31.037061,75.365732,2,Standard
ST009457,Punjab,31.275936,75.341096,2,Standard
ST009458,Punjab,31.113378,75.248875,2,Standard
ST009459,Punjab,31.04786,75.469991,4,Standard
ST009460,Punjab,30.948263,75.347533,2,Standard
ST009461,Punjab,31.133991,75.34482,2,Standard
ST009462,Punjab,31.143265,75.332696,8,Hub
ST009463,Punjab,31.146877,75.411947,2,Standard
ST009464,Punjab,31.140573,75.242569,2,Standard
ST009465,Punjab,31.268477,75.363285,8,Hub
ST009466,Punjab,30.990549,75.43858,2,Standard
ST009467,Punjab,31.005306,75.34159,2,Standard
ST009468,Punjab,31.176681,75.490492,4,Standard
ST009469,Punjab,31.114285,75.163386,2,Standard
ST009470,Punjab,31.234587,75.360077,2,Standard
ST009471,Punjab,31.138905,75.324022,2,Standard
ST009472,Punjab,30.987622,75.441561,2,Standard
ST009473,Punjab,30.965772,75.418407,2,Standard
ST009474,Punjab,31.281607,75.391389,2,Standard
ST009475,Punjab,31.059684,75.292413,2,Standard
ST009476,Punjab,31.172596,75.336477,2,Standard
ST009477,Punjab,31.256867,75.257154,2,Standard
ST009478,Punjab,31.136912,75.521246,2,Standard
ST009479,Punjab,31.000062,75.411188,2,Standard
ST009480,Punjab,31.016766,75.450636,2,Standard
ST009481,Punjab,31.128662,75.31985,2,Standard
ST009482,Punjab,31.124541,75.310287,2,Standard
ST009483,Punjab,31.118125,75.359101,2,Standard
ST009484,Punjab,31.189072,75.347043,2,Standard
ST009485,Punjab,31.053292,75.319381,2,Standard
ST009486,Punjab,31.097565,75.340734,2,Standard
ST009487,Punjab,31.091292,75.211875,2,Standard
ST009488,Punjab,31.036507,75.478414,2,Standard
ST009489,Punjab,31.059005,75.229056,8,Hub
ST009490,Punjab,31.147079,75.341321,2,Standard
ST009491,Punjab,31.256167,75.218075,2,Standard
ST009492,Punjab,31.200604,75.393502,2,Standard
ST009493,Punjab,31.078145,75.230497,2,Standard
ST009494,Punjab,31.16503,75.319624,4,Standard
ST009495,Punjab,31.129509,75.349486,6,Hub
ST009496,Punjab,31.144777,75.343132,2,Standard
ST009497,Punjab,31.2317,75.278321,4,Standard
ST009498,Punjab,31.15413,75.331498,2,Standard
ST009499,Punjab,31.154423,75.392557,2,Standard
ST009500,Punjab,31.02553,75.446103,2,Standard
ST009501,Punjab,31.116134,75.367966,2,Standard
ST009502,Punjab,31.161691,75.347513,2,Standard
ST009503,Punjab,31.152712,75.252417,2,Standard
ST009504,Punjab,31.126754,75.206268,2,Standard
ST009505,Punjab,31.16595,75.362679,2,Standard
ST009506,Punjab,31.151941,75.197028,2,Standard
ST009507,Punjab,31.135944,75.351939,2,Standard
ST009508,Punjab,31.204565,75.345577,2,Standard
ST009509,Punjab,31.193037,75.343865,2,Standard
ST009510,Punjab,31.125857,75.352965,2,Standard
ST009511,Punjab,31.289262,75.450443,2,Standard
ST009512,Punjab,30.986517,75.24559,2,Standard
ST009513,Punjab,31.070397,75.452814,2,Standard
ST009514,Punjab,31.181832,75.459891,2,Standard
ST009515,Punjab,31.147386,75.341503,2,Standard
ST009516,Punjab,31.247967,75.294916,2,Standard
ST009517,Punjab,31.206954,75.311616,2,Standard
ST009518,Punjab,31.109477,75.41195,2,Standard
ST009519,Punjab,31.11624,75.232327,4,Standard
ST009520,Punjab,31.151639,75.3389,2,Standard
ST009521,Punjab,31.129946,75.2774,2,Standard
ST009522,Punjab,31.190428,75.433628,4,Standard
ST009523,Punjab,31.119712,75.340328,4,Standard
ST009524,Punjab,31.171399,75.419133,2,Standard
ST009525,Punjab,31.093731,75.375631,2,Standard
ST009526,Punjab,31.147621,75.341903,2,Standard
ST009527,Rajasthan,27.209209,74.182815,2,Standard
ST009528,Rajasthan,26.825839,74.238308,2,Standard
ST009529,Rajasthan,27.017444,74.205683,2,Standard
ST009530,Rajasthan,27.159148,74.341396,2,Standard
ST009531,Rajasthan,26.908401,74.094931,2,Standard
ST009532,Rajasthan,27.095702,74.164456,2,Standard
ST009533,Rajasthan,27.059719,74.229204,2,Standard
ST009534,Rajasthan,27.058294,74.233233,2,Standard
ST009535,Rajasthan,27.003798,74.2305,2,Standard
ST009536,Rajasthan,27.06835,74.295137,2,Standard
ST009537,Rajasthan,26.973598,74.296817,4,Standard
ST009538,Rajasthan,26.907459,74.273387,2,Standard
ST009539,Rajasthan,27.043715,74.209606,2,Standard
ST009540,Rajasthan,27.162251,74.317511,2,Standard
ST009541,Rajasthan,26.870643,74.211741,2,Standard
ST009542,Rajasthan,27.059533,74.379775,2,Standard
ST009543,Rajasthan,27.136623,74.15938,2,Standard
ST009544,Rajasthan,27.164676,74.328426,2,Standard
ST009545,Rajasthan,27.063416,74.073044,2,Standard
ST009546,Rajasthan,27.179356,74.254449,2,Standard
ST009547,Rajasthan,27.05259,74.251802,2,Standard
ST009548,Rajasthan,26.976907,74.193209,4,Standard
ST009549,Rajasthan,26.959508,74.11467,2,Standard
ST009550,Rajasthan,27.125859,74.300351,2,Standard
ST009551,Rajasthan,27.052413,74.203083,2,Standard
ST009552,Rajasthan,26.967753,74.178739,4,Standard
ST009553,Rajasthan,26.968238,74.23231,2,Standard
ST009554,Rajasthan,27.020281,74.222488,2,Standard
ST009555,Rajasthan,27.147921,74.203448,2,Standard
ST009556,Rajasthan,26.947058,74.21756,2,Standard
ST009557,Rajasthan,26.950093,74.199284,2,Standard
ST009558,Rajasthan,26.964695,74.28943,6,Hub
ST009559,Rajasthan,27.017947,74.253431,2,Standard
ST009560,Rajasthan,26.865796,74.159207,8,Hub
ST009561,Rajasthan,27.027553,74.223264,2,Standard
ST009562,Rajasthan,27.027725,74.413805,4,Standard
ST009563,Rajasthan,27.080395,74.113023,2,Standard
ST009564,Rajasthan,27.1042,74.179602,2,Standard
ST009565,Rajasthan,27.082734,74.211686,2,Standard
ST009566,Rajasthan,27.031568,74.345273,2,Standard
ST009567,Rajasthan,26.933481,74.304709,2,Standard
ST009568,Rajasthan,26.981941,74.334179,2,Standard
ST009569,Rajasthan,27.022158,74.227961,2,Standard
ST009570,Rajasthan,27.1742,74.125261,2,Standard
ST009571,Rajasthan,27.1647,74.191754,2,Standard
ST009572,Rajasthan,26.977934,74.115941,4,Standard
ST009573,Rajasthan,27.050403,74.24482,2,Standard
ST009574,Rajasthan,26.9801,74.390485,2,Standard
ST009575,Rajasthan,27.109686,74.381275,2,Standard
ST009576,Rajasthan,26.88215,74.197481,4,Standard
ST009577,Rajasthan,27.065206,74.252261,2,Standard
ST009578,Rajasthan,27.075232,74.204183,2,Standard
ST009579,Rajasthan,27.012412,74.255743,2,Standard
ST009580,Rajasthan,27.055933,74.251721,2,Standard
ST009581,Rajasthan,26.96678,74.146885,2,Standard
ST009582,Rajasthan,27.00071,74.20979,2,Standard
ST009583,Rajasthan,27.074239,74.069414,2,Standard
ST009584,Rajasthan,27.099798,74.228273,2,Standard
ST009585,Rajasthan,27.167661,74.284243,4,Standard
ST009586,Rajasthan,27.009386,74.038079,2,Standard
ST009587,Rajasthan,27.031586,74.308826,2,Standard
ST009588,Rajasthan,27.053506,74.285945,2,Standard
ST009589,Rajasthan,27.013238,74.216414,2,Standard
ST009590,Rajasthan,27.000011,74.111878,2,Standard
ST009591,Rajasthan,27.049674,74.170097,2,Standard
ST009592,Rajasthan,27.187807,74.103894,2,Standard
ST009593,Rajasthan,27.159803,74.142349,2,Standard
ST009594,Rajasthan,27.067625,74.11185,2,Standard
ST009595,Rajasthan,27.073525,74.343847,2,Standard
ST009596,Rajasthan,26.978098,74.026195,2,Standard
ST009597,Rajasthan,26.971343,74.203973,2,Standard
ST009598,Rajasthan,26.944512,74.03879,4,Standard
ST009599,Rajasthan,27.052589,74.276399,2,Standard
ST009600,Rajasthan,26.990929,74.209045,2,Standard
ST009601,Rajasthan,27.090541,74.227279,4,Standard
ST009602,Rajasthan,27.029564,74.211392,4,Standard
ST009603,Rajasthan,26.886308,74.283733,2,Standard
ST009604,Rajasthan,27.212429,74.160755,2,Standard
ST009605,Rajasthan,26.856114,74.307402,4,Standard
ST009606,Rajasthan,27.169304,74.250826,2,Standard
ST009607,Rajasthan,26.992658,74.178905,2,Standard
ST009608,Rajasthan,26.997917,74.216709,2,Standard
ST009609,Rajasthan,27.073321,74.166215,2,Standard
ST009610,Rajasthan,27.001493,74.195299,2,Standard
ST009611,Rajasthan,27.077754,74.408814,6,Hub
ST009612,Rajasthan,27.027531,74.025542,4,Standard
ST009613,Rajasthan,27.014449,74.249456,4,Standard
ST009614,Rajasthan,26.924885,74.215993,2,Standard
ST009615,Rajasthan,27.090419,74.348538,2,Standard
ST009616,Rajasthan,26.999722,74.246352,2,Standard
ST009617,Rajasthan,26.968264,74.316003,2,Standard
ST009618,Rajasthan,27.009604,74.122573,2,Standard
ST009619,Rajasthan,26.996369,74.21345,6,Hub
ST009620,Rajasthan,27.183494,74.123038,2,Standard
ST009621,Rajasthan,27.022368,74.214678,2,Standard
ST009622,Rajasthan,26.901355,74.18885,4,Standard
ST009623,Rajasthan,27.222901,74.21121,2,Standard
ST009624,Rajasthan,27.031789,74.207942,2,Standard
ST009625,Rajasthan,27.14109,74.182442,4,Standard
ST009626,Rajasthan,27.049397,74.140589,2,Standard
ST009627,Rajasthan,26.984526,74.301813,4,Standard
ST009628,Rajasthan,27.066902,74.274839,2,Standard
ST009629,Rajasthan,27.02855,74.21198,4,Standard
ST009630,Rajasthan,27.038396,74.238225,2,Standard
ST009631,Rajasthan,26.86025,74.331964,2,Standard
ST009632,Rajasthan,27.037276,74.243688,2,Standard
ST009633,Rajasthan,27.175675,74.128153,2,Standard
ST009634,Rajasthan,27.171067,74.248147,2,Standard
ST009635,Rajasthan,26.937865,74.090651,4,Standard
ST009636,Rajasthan,26.825642,74.224748,2,Standard
ST009637,Rajasthan,27.068907,74.230651,6,Hub
ST009638,Rajasthan,26.952189,74.272341,2,Standard
ST009639,Rajasthan,27.122407,74.164788,2,Standard
ST009640,Rajasthan,27.102118,74.240713,2,Standard
ST009641,Rajasthan,26.856679,74.314634,8,Hub
ST009642,Rajasthan,26.920574,74.143695,2,Standard
ST009643,Rajasthan,26.988557,74.067979,2,Standard
ST009644,Rajasthan,26.99244,74.182306,2,Standard
ST009645,Rajasthan,27.126715,74.113744,2,Standard
ST009646,Rajasthan,27.013624,74.018849,4,Standard
ST009647,Rajasthan,27.077541,74.061019,2,Standard
ST009648,Rajasthan,27.052629,74.208814,4,Standard
ST009649,Rajasthan,26.907698,74.219558,2,Standard
ST009650,Rajasthan,26.943593,74.365381,4,Standard
ST009651,Rajasthan,27.035039,74.074162,2,Standard
ST009652,Rajasthan,27.075668,74.216971,2,Standard
ST009653,Rajasthan,27.013737,74.108079,2,Standard
ST009654,Rajasthan,27.011418,74.247535,2,Standard
ST009655,Rajasthan,27.118304,74.145432,2,Standard
ST009656,Rajasthan,27.073276,74.120698,2,Standard
ST009657,Rajasthan,27.03646,74.284212,2,Standard
ST009658,Rajasthan,26.880671,74.349726,2,Standard
ST009659,Rajasthan,27.22081,74.224876,2,Standard
ST009660,Rajasthan,27.221531,74.193503,2,Standard
ST009661,Rajasthan,26.83312,74.246153,2,Standard
ST009662,Rajasthan,27.019633,74.221108,8,Hub
ST009663,Rajasthan,27.054141,74.404509,2,Standard
ST009664,Rajasthan,27.132591,74.227332,2,Standard
ST009665,Rajasthan,27.074738,74.244097,2,Standard
ST009666,Rajasthan,27.170038,74.308266,2,Standard
ST009667,Rajasthan,26.872119,74.120203,2,Standard
ST009668,Rajasthan,26.950444,74.038081,2,Standard
ST009669,Rajasthan,26.896304,74.209977,2,Standard
ST009670,Rajasthan,26.937869,74.173222,2,Standard
ST009671,Rajasthan,27.096897,74.111724,4,Standard
ST009672,Rajasthan,27.073632,74.06873,2,Standard
ST009673,Rajasthan,27.070873,74.339113,6,Hub
ST009674,Rajasthan,27.060096,74.328774,4,Standard
ST009675,Rajasthan,26.935982,74.038827,2,Standard
ST009676,Rajasthan,27.041713,74.22138,2,Standard
ST009677,Rajasthan,27.094322,74.254971,2,Standard
ST009678,Rajasthan,27.097197,74.06588,2,Standard
ST009679,Rajasthan,27.009142,74.039124,2,Standard
ST009680,Rajasthan,27.016008,74.233715,2,Standard
ST009681,Rajasthan,27.182976,74.278795,2,Standard
ST009682,Rajasthan,27.006668,74.079231,2,Standard
ST009683,Rajasthan,26.983218,74.282136,4,Standard
ST009684,Rajasthan,27.036122,74.21458,6,Hub
ST009685,Rajasthan,27.033,74.156661,2,Standard
ST009686,Rajasthan,27.167865,74.253979,2,Standard
ST009687,Rajasthan,26.953497,74.344064,2,Standard
ST009688,Rajasthan,26.995677,74.114706,4,Standard
ST009689,Rajasthan,27.043688,74.103407,6,Hub
ST009690,Rajasthan,26.9903,74.36085,2,Standard
ST009691,Rajasthan,27.021643,74.216548,2,Standard
ST009692,Rajasthan,27.112745,74.154671,2,Standard
ST009693,Rajasthan,27.14354,74.088165,2,Standard
ST009694,Rajasthan,26.928278,74.252313,2,Standard
ST009695,Rajasthan,26.946214,74.263289,2,Standard
ST009696,Rajasthan,27.14844,74.121403,6,Hub
ST009697,Rajasthan,27.109279,74.305034,2,Standard
ST009698,Rajasthan,27.142871,74.214837,4,Standard
ST009699,Rajasthan,27.058175,74.067978,2,Standard
ST009700,Rajasthan,26.979967,74.277979,2,Standard
ST009701,Rajasthan,27.007584,74.119227,2,Standard
ST009702,Rajasthan,26.895007,74.15673,4,Standard
ST009703,Rajasthan,27.033162,74.16441,2,Standard
ST009704,Rajasthan,27.059047,74.264413,4,Standard
ST009705,Rajasthan,26.955448,74.21466,4,Standard
ST009706,Rajasthan,27.014078,74.213447,2,Standard
ST009707,Rajasthan,26.950341,74.213394,4,Standard
ST009708,Rajasthan,26.94129,74.199638,4,Standard
ST009709,Rajasthan,26.985214,74.394557,2,Standard
ST009710,Rajasthan,27.078105,74.342885,2,Standard
ST009711,Rajasthan,27.119682,74.168776,4,Standard
ST009712,Rajasthan,27.041612,74.2004,4,Standard
ST009713,Rajasthan,26.932465,74.221466,2,Standard
ST009714,Rajasthan,27.112336,74.22242,4,Standard
ST009715,Rajasthan,26.932695,74.31611,4,Standard
ST009716,Rajasthan,27.039686,74.211417,2,Standard
ST009717,Rajasthan,26.982253,74.296396,2,Standard
ST009718,Rajasthan,26.874941,74.26096,2,Standard
ST009719,Rajasthan,27.018708,74.219792,2,Standard
ST009720,Rajasthan,26.979902,74.046465,2,Standard
ST009721,Rajasthan,26.908022,74.207759,4,Standard
ST009722,Rajasthan,27.046754,74.255589,2,Standard
ST009723,Rajasthan,27.031816,74.303675,4,Standard
ST009724,Rajasthan,27.117701,74.17237,2,Standard
ST009725,Rajasthan,27.042737,74.267634,4,Standard
ST009726,Rajasthan,26.930809,74.300911,4,Standard
ST009727,Rajasthan,26.950817,74.246779,4,Standard
ST009728,Rajasthan,26.979378,74.198767,4,Standard
ST009729,Rajasthan,27.028095,74.220223,4,Standard
ST009730,Rajasthan,27.023655,74.236218,2,Standard
ST009731,Rajasthan,26.943991,74.350292,2,Standard
ST009732,Rajasthan,26.998117,74.098444,2,Standard
ST009733,Rajasthan,27.057672,74.172787,2,Standard
ST009734,Rajasthan,27.083713,74.165116,2,Standard
ST009735,Rajasthan,26.957946,74.265183,2,Standard
ST009736,Rajasthan,27.182999,74.330678,4,Standard
ST009737,Rajasthan,27.067749,74.270021,2,Standard
ST009738,Rajasthan,27.0175,74.231442,4,Standard
ST009739,Rajasthan,27.02897,74.225232,2,Standard
ST009740,Rajasthan,26.978163,74.385115,2,Standard
ST009741,Rajasthan,27.010618,74.238834,2,Standard
ST009742,Rajasthan,26.902323,74.059875,2,Standard
ST009743,Rajasthan,27.029997,74.27347,2,Standard
ST009744,Rajasthan,27.058997,74.211608,2,Standard
ST009745,Rajasthan,26.975989,74.214526,2,Standard
ST009746,Rajasthan,27.202637,74.136952,2,Standard
ST009747,Rajasthan,27.048693,74.160074,2,Standard
ST009748,Rajasthan,26.983979,74.245519,2,Standard
ST009749,Rajasthan,27.16529,74.10198,2,Standard
ST009750,Rajasthan,26.909187,74.281972,2,Standard
ST009751,Rajasthan,27.06782,74.292927,4,Standard
ST009752,Rajasthan,26.971566,74.161216,2,Standard
ST009753,Rajasthan,27.023675,74.218056,6,Hub
ST009754,Rajasthan,27.083307,74.050282,4,Standard
ST009755,Rajasthan,27.165015,74.190468,2,Standard
ST009756,Rajasthan,26.972454,74.201646,2,Standard
ST009757,Rajasthan,27.141749,74.217381,2,Standard
ST009758,Rajasthan,26.966586,74.09399,2,Standard
ST009759,Rajasthan,27.02489,74.216302,2,Standard
ST009760,Rajasthan,27.048539,74.348688,6,Hub
ST009761,Rajasthan,27.132182,74.133989,2,Standard
ST009762,Rajasthan,26.961911,74.255298,8,Hub
ST009763,Rajasthan,27.012585,74.070077,4,Standard
ST009764,Rajasthan,26.978205,74.181579,6,Hub
ST009765,Rajasthan,27.122194,74.167886,2,Standard
ST009766,Rajasthan,27.034588,74.176418,2,Standard
ST009767,Rajasthan,26.926356,74.363159,4,Standard
ST009768,Rajasthan,27.121227,74.249628,4,Standard
ST009769,Rajasthan,26.874545,74.235132,2,Standard
ST009770,Rajasthan,27.015079,74.260837,4,Standard
ST009771,Rajasthan,27.126046,74.166716,2,Standard
ST009772,Rajasthan,27.054352,74.241503,2,Standard
ST009773,Rajasthan,27.062921,74.217611,2,Standard
ST009774,Rajasthan,26.959217,74.164147,6,Hub
ST009775,Rajasthan,27.137467,74.118447,2,Standard
ST009776,Rajasthan,27.022039,74.216671,4,Standard
ST009777,Rajasthan,27.088551,74.156937,2,Standard
ST009778,Rajasthan,27.113889,74.176593,2,Standard
ST009779,Rajasthan,27.019042,74.204884,6,Hub
ST009780,Rajasthan,27.021741,74.150332,2,Standard
ST009781,Rajasthan,27.009688,74.236979,2,Standard
ST009782,Rajasthan,27.046227,74.247519,2,Standard
ST009783,Rajasthan,26.939625,74.375187,4,Standard
ST009784,Rajasthan,26.925788,74.324585,2,Standard
ST009785,Rajasthan,27.126398,74.276633,2,Standard
ST009786,Rajasthan,26.829473,74.240107,2,Standard
ST009787,Rajasthan,27.0755,74.143054,2,Standard
ST009788,Rajasthan,27.029874,74.179773,2,Standard
ST009789,Rajasthan,27.010006,74.212203,6,Hub
ST009790,Rajasthan,26.997689,74.254761,2,Standard
ST009791,Rajasthan,27.004774,74.121746,2,Standard
ST009792,Rajasthan,27.024493,74.114843,4,Standard
ST009793,Rajasthan,27.149689,74.293944,2,Standard
ST009794,Rajasthan,27.114051,74.061345,2,Standard
ST009795,Rajasthan,26.888241,74.152026,4,Standard
ST009796,Rajasthan,27.0242,74.186753,2,Standard
ST009797,Rajasthan,27.031076,74.230067,2,Standard
ST009798,Rajasthan,26.983524,74.303611,2,Standard
ST009799,Rajasthan,27.109991,74.216762,2,Standard
ST009800,Rajasthan,27.003176,74.080763,2,Standard
ST009801,Rajasthan,27.027101,74.229126,6,Hub
ST009802,Rajasthan,26.88955,74.177974,2,Standard
ST009803,Rajasthan,27.095518,74.217112,4,Standard
ST009804,Rajasthan,27.084556,74.171601,2,Standard
ST009805,Rajasthan,26.979343,74.106815,6,Hub
ST009806,Rajasthan,27.038617,74.223023,4,Standard
ST009807,Rajasthan,27.097337,74.227549,4,Standard
ST009808,Rajasthan,27.022889,74.183361,2,Standard
ST009809,Rajasthan,26.978347,74.182251,2,Standard
ST009810,Rajasthan,27.070265,74.065131,2,Standard
ST009811,Rajasthan,27.04049,74.114269,4,Standard
ST009812,Rajasthan,26.988915,74.375986,4,Standard
ST009813,Rajasthan,27.046447,74.271244,2,Standard
ST009814,Rajasthan,27.078169,74.341295,4,Standard
ST009815,Rajasthan,26.972903,74.097732,6,Hub
ST009816,Rajasthan,27.006517,74.228033,2,Standard
ST009817,Rajasthan,27.109936,74.16412,2,Standard
ST009818,Rajasthan,26.925586,74.282882,4,Standard
ST009819,Rajasthan,27.033125,74.242715,2,Standard
ST009820,Rajasthan,26.98613,74.243319,4,Standard
ST009821,Rajasthan,27.030202,74.396287,4,Standard
ST009822,Rajasthan,26.928906,74.199329,2,Standard
ST009823,Rajasthan,26.953164,74.041185,2,Standard
ST009824,Rajasthan,27.15077,74.325927,2,Standard
ST009825,Rajasthan,26.998547,74.203175,6,Hub
ST009826,Rajasthan,26.995636,74.31017,2,Standard
ST009827,Rajasthan,27.006272,74.172655,2,Standard
ST009828,Rajasthan,26.890141,74.18813,4,Standard
ST009829,Rajasthan,26.86007,74.272535,2,Standard
ST009830,Rajasthan,27.088008,74.149058,2,Standard
ST009831,Rajasthan,27.038699,74.215341,2,Standard
ST009832,Rajasthan,27.099917,74.219508,2,Standard
ST009833,Rajasthan,26.922506,74.143233,2,Standard
ST009834,Rajasthan,26.999096,74.221583,2,Standard
ST009835,Rajasthan,27.105438,74.367505,6,Hub
ST009836,Rajasthan,27.114766,74.118447,2,Standard
ST009837,Rajasthan,26.962446,74.11531,2,Standard
ST009838,Rajasthan,27.048765,74.299831,2,Standard
ST009839,Rajasthan,26.987971,74.116599,2,Standard
ST009840,Rajasthan,27.213213,74.240114,2,Standard
ST009841,Rajasthan,27.05304,74.174768,2,Standard
ST009842,Rajasthan,26.886419,74.094526,6,Hub
ST009843,Rajasthan,27.106648,74.274976,2,Standard
ST009844,Rajasthan,26.94484,74.240173,2,Standard
ST009845,Rajasthan,27.062795,74.152516,2,Standard
ST009846,Rajasthan,27.035928,74.223028,2,Standard
ST009847,Rajasthan,27.102696,74.239614,2,Standard
ST009848,Rajasthan,27.015765,74.177956,2,Standard
ST009849,Rajasthan,26.940581,74.108546,2,Standard
ST009850,Rajasthan,27.019875,74.337947,2,Standard
ST009851,Rajasthan,26.986666,74.132283,2,Standard
ST009852,Rajasthan,26.959619,74.3238,2,Standard
ST009853,Rajasthan,27.108343,74.206056,2,Standard
ST009854,Rajasthan,26.951614,74.276303,2,Standard
ST009855,Rajasthan,27.121987,74.268879,4,Standard
ST009856,Rajasthan,27.012275,74.239276,4,Standard
ST009857,Rajasthan,27.023138,74.218042,6,Hub
ST009858,Rajasthan,27.006553,74.230137,2,Standard
ST009859,Rajasthan,27.186778,74.242971,2,Standard
ST009860,Rajasthan,27.059716,74.197038,2,Standard
ST009861,Rajasthan,26.969894,74.204312,4,Standard
ST009862,Rajasthan,26.936545,74.221423,2,Standard
ST009863,Rajasthan,27.007072,74.356976,2,Standard
ST009864,Rajasthan,27.031235,74.225476,2,Standard
ST009865,Rajasthan,27.038561,74.085535,2,Standard
ST009866,Rajasthan,26.930246,74.218766,2,Standard
ST009867,Rajasthan,26.936407,74.219322,2,Standard
ST009868,Rajasthan,26.945651,74.280193,2,Standard
ST009869,Rajasthan,26.887635,74.193239,4,Standard
ST009870,Rajasthan,27.005573,74.144607,4,Standard
ST009871,Rajasthan,26.95982,74.256534,2,Standard
ST009872,Rajasthan,26.935508,74.197268,2,Standard
ST009873,Rajasthan,27.130886,74.128853,2,Standard
ST009874,Rajasthan,27.137833,74.13357,2,Standard
ST009875,Rajasthan,27.148841,74.194854,2,Standard
ST009876,Rajasthan,27.054608,74.210718,2,Standard
ST009877,Rajasthan,27.133386,74.255402,2,Standard
ST009878,Rajasthan,27.106872,74.209253,2,Standard
ST009879,Rajasthan,27.048441,74.319256,2,Standard
ST009880,Rajasthan,26.986365,74.167184,2,Standard
ST009881,Rajasthan,26.980981,74.027636,2,Standard
ST009882,Rajasthan,27.070317,74.182728,4,Standard
ST009883,Rajasthan,26.98935,74.28374,2,Standard
ST009884,Rajasthan,27.007981,74.230242,2,Standard
ST009885,Rajasthan,27.029287,74.145038,2,Standard
ST009886,Rajasthan,27.158798,74.09084,2,Standard
ST009887,Rajasthan,27.219176,74.248129,2,Standard
ST009888,Rajasthan,26.997931,74.117088,2,Standard
ST009889,Rajasthan,26.944092,74.28424,2,Standard
ST009890,Rajasthan,26.967523,74.328997,2,Standard
ST009891,Rajasthan,27.127421,74.286415,4,Standard
ST009892,Rajasthan,27.023241,74.221382,2,Standard
ST009893,Rajasthan,26.914396,74.180285,2,Standard
ST009894,Rajasthan,27.010854,74.224336,4,Standard
ST009895,Rajasthan,27.119639,74.141948,2,Standard
ST009896,Rajasthan,27.100147,74.28582,8,Hub
ST009897,Rajasthan,27.011721,74.218108,2,Standard
ST009898,Rajasthan,26.897226,74.117328,2,Standard
ST009899,Rajasthan,27.023547,74.177307,2,Standard
ST009900,Rajasthan,27.068225,74.165748,4,Standard
ST009901,Rajasthan,27.037347,74.213167,2,Standard
ST009902,Rajasthan,26.904823,74.228236,2,Standard
ST009903,Rajasthan,27.026078,74.372159,2,Standard
ST009904,Rajasthan,27.02127,74.215309,6,Hub
ST009905,Rajasthan,26.947424,74.156024,2,Standard
ST009906,Rajasthan,27.090046,74.405708,4,Standard
ST009907,Rajasthan,27.070508,74.182675,2,Standard
ST009908,Rajasthan,26.962596,74.201746,2,Standard
ST009909,Rajasthan,27.053479,74.034216,2,Standard
ST009910,Rajasthan,26.922017,74.342795,2,Standard
ST009911,Rajasthan,26.944488,74.218694,4,Standard
ST009912,Rajasthan,27.118335,74.179382,2,Standard
ST009913,Rajasthan,26.892123,74.245246,4,Standard
ST009914,Rajasthan,27.019219,74.282697,2,Standard
ST009915,Rajasthan,27.147323,74.161702,2,Standard
ST009916,Rajasthan,27.048912,74.169843,2,Standard
ST009917,Rajasthan,26.836828,74.165118,2,Standard
ST009918,Rajasthan,27.010371,74.247051,2,Standard
ST009919,Rajasthan,26.946417,74.212599,2,Standard
ST009920,Rajasthan,27.11942,74.367692,2,Standard
ST009921,Rajasthan,27.137323,74.211276,4,Standard
ST009922,Rajasthan,27.050332,74.048153,6,Hub
ST009923,Rajasthan,27.021123,74.209484,2,Standard
ST009924,Rajasthan,27.031585,74.229773,2,Standard
ST009925,Rajasthan,27.084881,74.221697,2,Standard
ST009926,Rajasthan,26.986206,74.248074,2,Standard
ST009927,Rajasthan,27.121161,74.259745,4,Standard
ST009928,Rajasthan,27.000556,74.375402,2,Standard
ST009929,Rajasthan,27.19209,74.226422,2,Standard
ST009930,Rajasthan,27.161278,74.177728,4,Standard
ST009931,Rajasthan,27.004646,74.032173,2,Standard
ST009932,Rajasthan,27.074391,74.410272,2,Standard
ST009933,Rajasthan,27.045161,74.074165,4,Standard
ST009934,Rajasthan,26.953647,74.301527,2,Standard
ST009935,Rajasthan,26.953367,74.115762,4,Standard
ST009936,Rajasthan,27.019202,74.202078,2,Standard
ST009937,Rajasthan,26.970321,74.286268,2,Standard
ST009938,Rajasthan,27.021496,74.252348,2,Standard
ST009939,Rajasthan,27.070888,74.274045,2,Standard
ST009940,Rajasthan,27.011215,74.218419,2,Standard
ST009941,Rajasthan,27.168269,74.167378,2,Standard
ST009942,Rajasthan,27.019651,74.183578,2,Standard
ST009943,Rajasthan,26.9396,74.153598,2,Standard
ST009944,Rajasthan,27.172428,74.201462,2,Standard
ST009945,Rajasthan,26.872556,74.139923,2,Standard
ST009946,Rajasthan,27.025509,74.220418,2,Standard
ST009947,Rajasthan,27.016589,74.199608,2,Standard
ST009948,Rajasthan,27.13525,74.316697,2,Standard
ST009949,Rajasthan,27.007623,74.342581,2,Standard
ST009950,Rajasthan,27.078762,74.186508,2,Standard
ST009951,Rajasthan,27.028169,74.23876,2,Standard
ST009952,Rajasthan,27.032292,74.226996,2,Standard
ST009953,Rajasthan,27.097428,74.26311,8,Hub
ST009954,Rajasthan,26.962938,74.345434,2,Standard
ST009955,Rajasthan,27.131416,74.103648,2,Standard
ST009956,Rajasthan,27.00369,74.21398,2,Standard
ST009957,Rajasthan,27.005651,74.147641,4,Standard
ST009958,Rajasthan,27.168478,74.304262,4,Standard
ST009959,Rajasthan,27.000826,74.255014,2,Standard
ST009960,Rajasthan,27.148505,74.087507,4,Standard
ST009961,Rajasthan,26.986166,74.278058,2,Standard
ST009962,Rajasthan,26.895091,74.147533,2,Standard
ST009963,Rajasthan,27.133249,74.263759,2,Standard
ST009964,Rajasthan,27.073932,74.202588,2,Standard
ST009965,Rajasthan,27.183496,74.114895,2,Standard
ST009966,Rajasthan,27.005691,74.367649,2,Standard
ST009967,Rajasthan,27.034196,74.365055,2,Standard
ST009968,Rajasthan,27.038314,74.170637,2,Standard
ST009969,Rajasthan,26.989236,74.0592,2,Standard
ST009970,Rajasthan,27.002652,74.243933,2,Standard
ST009971,Rajasthan,27.120194,74.280756,2,Standard
ST009972,Rajasthan,27.186834,74.195322,2,Standard
ST009973,Rajasthan,26.925079,74.260003,2,Standard
ST009974,Rajasthan,27.017784,74.249953,2,Standard
ST009975,Rajasthan,26.931687,74.228315,2,Standard
ST009976,Rajasthan,26.835045,74.191726,2,Standard
ST009977,Rajasthan,26.927556,74.14431,4,Standard
ST009978,Rajasthan,27.162021,74.361477,2,Standard
ST009979,Rajasthan,27.048896,74.044264,2,Standard
ST009980,Rajasthan,26.937585,74.2694,2,Standard
ST009981,Rajasthan,26.985354,74.212531,8,Hub
ST009982,Rajasthan,26.95678,74.050201,2,Standard
ST009983,Rajasthan,27.032708,74.232688,2,Standard
ST009984,Rajasthan,27.019759,74.163409,2,Standard
ST009985,Rajasthan,26.924704,74.120211,2,Standard
ST009986,Rajasthan,26.95262,74.364569,2,Standard
ST009987,Rajasthan,26.858503,74.164204,2,Standard
ST009988,Rajasthan,27.038293,74.04479,2,Standard
ST009989,Rajasthan,27.072111,74.224053,2,Standard
ST009990,Rajasthan,27.09845,74.26528,2,Standard
ST009991,Rajasthan,27.095834,74.158278,4,Standard
ST009992,Rajasthan,27.062167,74.164892,2,Standard
ST009993,Rajasthan,26.928236,74.369388,4,Standard
ST009994,Rajasthan,26.882696,74.288886,2,Standard
ST009995,Rajasthan,27.039706,74.406992,2,Standard
ST009996,Rajasthan,26.888305,74.149314,2,Standard
ST009997,Rajasthan,27.107154,74.270443,2,Standard
ST009998,Rajasthan,27.166378,74.115726,2,Standard
ST009999,Rajasthan,27.081931,74.23551,4,Standard
ST010000,Rajasthan,26.991509,74.229912,2,Standard
ST010001,Rajasthan,27.019175,74.181289,4,Standard
ST010002,Rajasthan,26.94811,74.326843,2,Standard
ST010003,Rajasthan,26.87702,74.234488,2,Standard
ST010004,Rajasthan,27.04642,74.212275,4,Standard
ST010005,Rajasthan,27.012222,74.17331,2,Standard
ST010006,Rajasthan,27.018154,74.221264,2,Standard
ST010007,Rajasthan,27.06582,74.266114,2,Standard
ST010008,Rajasthan,26.925508,74.368594,2,Standard
ST010009,Rajasthan,27.013802,74.023721,4,Standard
ST010010,Rajasthan,26.984525,74.189713,2,Standard
ST010011,Rajasthan,26.993813,74.274403,2,Standard
ST010012,Rajasthan,26.961573,74.337244,4,Standard
ST010013,Rajasthan,26.948155,74.203072,4,Standard
ST010014,Rajasthan,27.026423,74.221467,2,Standard
ST010015,Rajasthan,27.027982,74.238984,2,Standard
ST010016,Rajasthan,27.02877,74.195956,2,Standard
ST010017,Rajasthan,27.011365,74.141777,2,Standard
ST010018,Rajasthan,27.169374,74.290215,2,Standard
ST010019,Rajasthan,26.982428,74.19528,2,Standard
ST010020,Rajasthan,27.030941,74.212338,2,Standard
ST010021,Rajasthan,27.068641,74.36147,2,Standard
ST010022,Rajasthan,27.009193,74.16192,2,Standard
ST010023,Rajasthan,27.182548,74.283101,2,Standard
ST010024,Rajasthan,27.008549,74.253949,2,Standard
ST010025,Rajasthan,26.842681,74.199559,2,Standard
ST010026,Rajasthan,27.171263,74.259286,2,Standard
ST010027,Sikkim,27.456581,88.474779,2,Standard
ST010028,Sikkim,27.525817,88.319169,2,Standard
ST010029,Tamil Nadu,11.130843,78.685385,2,Standard
ST010030,Tamil Nadu,11.241343,78.587268,2,Standard
ST010031,Tamil Nadu,11.021042,78.700452,2,Standard
ST010032,Tamil Nadu,11.12284,78.502352,2,Standard
ST010033,Tamil Nadu,11.201882,78.615724,2,Standard
ST010034,Tamil Nadu,11.092636,78.780103,2,Standard
ST010035,Tamil Nadu,11.024465,78.716966,4,Standard
ST010036,Tamil Nadu,11.100287,78.671644,4,Standard
ST010037,Tamil Nadu,10.991458,78.683282,8,Hub
ST010038,Tamil Nadu,11.157167,78.562928,2,Standard
ST010039,Tamil Nadu,11.169212,78.728351,4,Standard
ST010040,Tamil Nadu,11.145767,78.576466,2,Standard
ST010041,Tamil Nadu,11.093657,78.561128,2,Standard
ST010042,Tamil Nadu,11.135877,78.815888,2,Standard
ST010043,Tamil Nadu,11.217722,78.709891,2,Standard
ST010044,Tamil Nadu,11.130526,78.669868,2,Standard
ST010045,Tamil Nadu,11.027205,78.655058,2,Standard
ST010046,Tamil Nadu,11.087256,78.513378,4,Standard
ST010047,Tamil Nadu,11.115707,78.575784,2,Standard
ST010048,Tamil Nadu,11.049008,78.571951,4,Standard
ST010049,Tamil Nadu,11.021872,78.713412,2,Standard
ST010050,Tamil Nadu,11.163579,78.644346,2,Standard
ST010051,Tamil Nadu,11.135971,78.650934,2,Standard
ST010052,Tamil Nadu,11.106429,78.710694,2,Standard
ST010053,Tamil Nadu,11.108702,78.638183,2,Standard
ST010054,Tamil Nadu,11.249558,78.545258,2,Standard
ST010055,Tamil Nadu,11.074177,78.582034,2,Standard
ST010056,Tamil Nadu,11.278724,78.588961,2,Standard
ST010057,Tamil Nadu,10.986727,78.657504,2,Standard
ST010058,Tamil Nadu,11.019757,78.608895,2,Standard
ST010059,Tamil Nadu,11.082082,78.737611,2,Standard
ST010060,Tamil Nadu,11.190131,78.690589,2,Standard
ST010061,Tamil Nadu,11.063457,78.477194,2,Standard
ST010062,Tamil Nadu,11.235265,78.631337,2,Standard
ST010063,Tamil Nadu,11.097984,78.633836,2,Standard
ST010064,Tamil Nadu,11.122339,78.643594,2,Standard
ST010065,Tamil Nadu,11.098198,78.787411,2,Standard
ST010066,Tamil Nadu,11.123412,78.666162,4,Standard
ST010067,Tamil Nadu,11.157638,78.602866,2,Standard
ST010068,Tamil Nadu,11.140897,78.662677,2,Standard
ST010069,Tamil Nadu,11.126707,78.692501,2,Standard
ST010070,Tamil Nadu,11.136885,78.593312,2,Standard
ST010071,Tamil Nadu,11.138815,78.624164,2,Standard
ST010072,Tamil Nadu,10.98963,78.663055,4,Standard
ST010073,Tamil Nadu,11.057655,78.558759,4,Standard
ST010074,Tamil Nadu,11.1678,78.636105,2,Standard
ST010075,Tamil Nadu,10.950439,78.663875,2,Standard
ST010076,Tamil Nadu,11.136965,78.662155,2,Standard
ST010077,Tamil Nadu,11.140358,78.782808,4,Standard
ST010078,Tamil Nadu,11.12474,78.694875,4,Standard
ST010079,Tamil Nadu,11.008469,78.688313,2,Standard
ST010080,Tamil Nadu,11.127645,78.717036,2,Standard
ST010081,Tamil Nadu,10.984092,78.533104,2,Standard
ST010082,Tamil Nadu,11.055787,78.517501,2,Standard
ST010083,Tamil Nadu,11.090629,78.697332,2,Standard
ST010084,Tamil Nadu,10.972292,78.702649,2,Standard
ST010085,Tamil Nadu,10.964099,78.702816,2,Standard
ST010086,Tamil Nadu,11.14147,78.655885,2,Standard
ST010087,Tamil Nadu,11.155808,78.665321,2,Standard
ST010088,Tamil Nadu,11.10751,78.67431,2,Standard
ST010089,Tamil Nadu,11.130283,78.653539,2,Standard
ST010090,Tamil Nadu,11.112261,78.690727,2,Standard
ST010091,Tamil Nadu,11.248799,78.601064,4,Standard
ST010092,Tamil Nadu,11.292609,78.554803,2,Standard
ST010093,Tamil Nadu,11.080244,78.657754,2,Standard
ST010094,Tamil Nadu,11.142537,78.698726,2,Standard
ST010095,Tamil Nadu,11.125019,78.649083,2,Standard
ST010096,Tamil Nadu,11.24245,78.695473,2,Standard
ST010097,Tamil Nadu,11.043621,78.553294,2,Standard
ST010098,Tamil Nadu,11.015378,78.77309,4,Standard
ST010099,Tamil Nadu,11.106476,78.652477,2,Standard
ST010100,Tamil Nadu,11.182689,78.474572,4,Standard
ST010101,Tamil Nadu,11.199867,78.68573,2,Standard
ST010102,Tamil Nadu,11.097896,78.659195,2,Standard
ST010103,Tamil Nadu,11.165402,78.614917,2,Standard
ST010104,Tamil Nadu,11.154734,78.525577,2,Standard
ST010105,Tamil Nadu,11.095736,78.634696,6,Hub
ST010106,Tamil Nadu,11.128833,78.66621,4,Standard
ST010107,Tamil Nadu,11.131129,78.725871,2,Standard
ST010108,Tamil Nadu,11.163664,78.593396,2,Standard
ST010109,Tamil Nadu,11.129652,78.569049,2,Standard
ST010110,Tamil Nadu,11.169536,78.466313,2,Standard
ST010111,Tamil Nadu,11.138101,78.829017,2,Standard
ST010112,Tamil Nadu,11.009234,78.543646,2,Standard
ST010113,Tamil Nadu,11.077948,78.58781,2,Standard
ST010114,Tamil Nadu,11.129024,78.670774,2,Standard
ST010115,Tamil Nadu,10.933947,78.613064,2,Standard
ST010116,Tamil Nadu,11.122186,78.591616,4,Standard
ST010117,Tamil Nadu,11.198814,78.520846,2,Standard
ST010118,Tamil Nadu,11.126535,78.659705,2,Standard
ST010119,Tamil Nadu,11.256384,78.775527,2,Standard
ST010120,Tamil Nadu,11.157652,78.606378,2,Standard
ST010121,Tamil Nadu,11.092318,78.811611,2,Standard
ST010122,Tamil Nadu,11.271155,78.597482,4,Standard
ST010123,Tamil Nadu,11.088859,78.627014,2,Standard
ST010124,Tamil Nadu,11.081007,78.649377,2,Standard
ST010125,Tamil Nadu,11.154689,78.584592,2,Standard
ST010126,Tamil Nadu,11.165412,78.590891,2,Standard
ST010127,Tamil Nadu,11.157047,78.597341,2,Standard
ST010128,Tamil Nadu,11.012609,78.70212,2,Standard
ST010129,Tamil Nadu,11.298546,78.737955,2,Standard
ST010130,Tamil Nadu,11.036205,78.611585,4,Standard
ST010131,Tamil Nadu,11.219322,78.51035,2,Standard
ST010132,Tamil Nadu,10.943459,78.631046,2,Standard
ST010133,Tamil Nadu,11.147897,78.665859,2,Standard
ST010134,Tamil Nadu,11.068983,78.616442,2,Standard
ST010135,Tamil Nadu,11.063135,78.671525,2,Standard
ST010136,Tamil Nadu,10.991181,78.749614,4,Standard
ST010137,Tamil Nadu,10.961057,78.546366,2,Standard
ST010138,Tamil Nadu,11.13967,78.60363,2,Standard
ST010139,Tamil Nadu,11.121053,78.723807,2,Standard
ST010140,Tamil Nadu,11.130118,78.652353,4,Standard
ST010141,Tamil Nadu,11.149579,78.836482,4,Standard
ST010142,Tamil Nadu,11.098158,78.621961,2,Standard
ST010143,Tamil Nadu,11.160338,78.826192,2,Standard
ST010144,Tamil Nadu,11.16733,78.625188,4,Standard
ST010145,Tamil Nadu,10.980571,78.736844,2,Standard
ST010146,Tamil Nadu,11.148524,78.495533,2,Standard
ST010147,Tamil Nadu,10.946007,78.635872,2,Standard
ST010148,Tamil Nadu,11.112708,78.684734,2,Standard
ST010149,Tamil Nadu,11.099442,78.552635,2,Standard
ST010150,Tamil Nadu,11.137015,78.644048,2,Standard
ST010151,Tamil Nadu,11.159672,78.608115,2,Standard
ST010152,Tamil Nadu,11.122583,78.650266,4,Standard
ST010153,Tamil Nadu,11.016326,78.56575,2,Standard
ST010154,Tamil Nadu,11.097856,78.688536,4,Standard
ST010155,Tamil Nadu,10.965098,78.617866,4,Standard
ST010156,Tamil Nadu,11.104588,78.702098,2,Standard
ST010157,Tamil Nadu,11.092778,78.843598,2,Standard
ST010158,Tamil Nadu,11.126643,78.657458,2,Standard
ST010159,Tamil Nadu,11.154756,78.519807,4,Standard
ST010160,Tamil Nadu,11.263229,78.799274,2,Standard
ST010161,Tamil Nadu,11.049157,78.594003,2,Standard
ST010162,Tamil Nadu,10.994376,78.778098,2,Standard
ST010163,Tamil Nadu,11.129267,78.714013,2,Standard
ST010164,Tamil Nadu,11.236188,78.762495,2,Standard
ST010165,Tamil Nadu,11.026588,78.588084,2,Standard
ST010166,Tamil Nadu,11.152732,78.784586,2,Standard
ST010167,Tamil Nadu,11.134041,78.58566,4,Standard
ST010168,Tamil Nadu,11.149217,78.590741,2,Standard
ST010169,Tamil Nadu,11.127445,78.650163,2,Standard
ST010170,Tamil Nadu,10.943128,78.595632,4,Standard
ST010171,Tamil Nadu,11.18306,78.650275,2,Standard
ST010172,Tamil Nadu,11.115349,78.661434,2,Standard
ST010173,Tamil Nadu,11.206666,78.575658,2,Standard
ST010174,Tamil Nadu,11.110172,78.671805,4,Standard
ST010175,Tamil Nadu,11.227267,78.622089,2,Standard
ST010176,Tamil Nadu,11.112712,78.725449,4,Standard
ST010177,Tamil Nadu,11.111492,78.776246,2,Standard
ST010178,Tamil Nadu,11.282115,78.583912,2,Standard
ST010179,Tamil Nadu,10.966895,78.697625,4,Standard
ST010180,Tamil Nadu,11.082414,78.680343,2,Standard
ST010181,Tamil Nadu,11.187548,78.650578,2,Standard
ST010182,Tamil Nadu,11.038654,78.833979,2,Standard
ST010183,Tamil Nadu,11.228457,78.770317,2,Standard
ST010184,Tamil Nadu,11.221247,78.616729,2,Standard
ST010185,Tamil Nadu,11.202102,78.658088,2,Standard
ST010186,Tamil Nadu,11.190709,78.710587,2,Standard
ST010187,Tamil Nadu,11.148935,78.571918,2,Standard
ST010188,Tamil Nadu,11.025774,78.703092,2,Standard
ST010189,Tamil Nadu,10.977909,78.572806,2,Standard
ST010190,Tamil Nadu,11.068187,78.810311,2,Standard
ST010191,Tamil Nadu,11.072079,78.632706,4,Standard
ST010192,Tamil Nadu,11.106894,78.726244,2,Standard
ST010193,Tamil Nadu,11.093989,78.624735,2,Standard
ST010194,Tamil Nadu,11.227976,78.601718,2,Standard
ST010195,Tamil Nadu,11.135233,78.65243,2,Standard
ST010196,Tamil Nadu,11.124593,78.660711,2,Standard
ST010197,Tamil Nadu,11.103075,78.827619,2,Standard
ST010198,Tamil Nadu,11.212032,78.676789,2,Standard
ST010199,Tamil Nadu,11.188738,78.713034,2,Standard
ST010200,Tamil Nadu,11.193111,78.551206,2,Standard
ST010201,Tamil Nadu,11.121297,78.587321,2,Standard
ST010202,Tamil Nadu,11.260383,78.608344,2,Standard
ST010203,Tamil Nadu,11.051898,78.697143,6,Hub
ST010204,Tamil Nadu,11.227659,78.60053,6,Hub
ST010205,Tamil Nadu,11.104525,78.576606,2,Standard
ST010206,Tamil Nadu,11.150911,78.799639,4,Standard
ST010207,Tamil Nadu,11.048975,78.594049,2,Standard
ST010208,Tamil Nadu,11.097463,78.627626,2,Standard
ST010209,Tamil Nadu,11.17879,78.474448,2,Standard
ST010210,Tamil Nadu,11.176917,78.616266,2,Standard
ST010211,Tamil Nadu,10.992806,78.746931,2,Standard
ST010212,Tamil Nadu,11.036511,78.595239,2,Standard
ST010213,Tamil Nadu,11.223117,78.609218,4,Standard
ST010214,Tamil Nadu,11.118733,78.656112,4,Standard
ST010215,Tamil Nadu,11.128445,78.657527,4,Standard
ST010216,Tamil Nadu,11.19694,78.61455,4,Standard
ST010217,Tamil Nadu,10.961311,78.690082,4,Standard
ST010218,Tamil Nadu,11.032807,78.579643,2,Standard
ST010219,Tamil Nadu,11.079027,78.816603,2,Standard
ST010220,Tamil Nadu,11.132463,78.666078,2,Standard
ST010221,Tamil Nadu,11.14631,78.706883,2,Standard
ST010222,Tamil Nadu,11.100062,78.788249,2,Standard
ST010223,Tamil Nadu,11.154273,78.789476,4,Standard
ST010224,Tamil Nadu,11.151845,78.672851,6,Hub
ST010225,Tamil Nadu,10.943004,78.646686,2,Standard
ST010226,Tamil Nadu,11.250195,78.507278,2,Standard
ST010227,Tamil Nadu,11.047983,78.547312,4,Standard
ST010228,Tamil Nadu,11.039033,78.568807,2,Standard
ST010229,Tamil Nadu,11.192602,78.743708,2,Standard
ST010230,Tamil Nadu,11.060318,78.714984,4,Standard
ST010231,Tamil Nadu,11.101703,78.653106,2,Standard
ST010232,Tamil Nadu,11.119043,78.666704,2,Standard
ST010233,Tamil Nadu,11.150612,78.65388,4,Standard
ST010234,Tamil Nadu,11.117557,78.834903,2,Standard
ST010235,Tamil Nadu,11.100132,78.659841,2,Standard
ST010236,Tamil Nadu,11.109792,78.672309,2,Standard
ST010237,Tamil Nadu,11.130302,78.666801,2,Standard
ST010238,Tamil Nadu,10.977772,78.717955,2,Standard
ST010239,Tamil Nadu,11.023096,78.594535,4,Standard
ST010240,Tamil Nadu,11.148114,78.72239,2,Standard
ST010241,Tamil Nadu,11.136999,78.642382,2,Standard
ST010242,Tamil Nadu,11.187789,78.581567,2,Standard
ST010243,Tamil Nadu,11.160211,78.602598,2,Standard
ST010244,Tamil Nadu,11.047479,78.784402,4,Standard
ST010245,Tamil Nadu,11.137118,78.612077,2,Standard
ST010246,Tamil Nadu,11.143753,78.654034,2,Standard
ST010247,Tamil Nadu,11.235338,78.706595,2,Standard
ST010248,Tamil Nadu,11.094346,78.467535,4,Standard
ST010249,Tamil Nadu,11.122917,78.659745,2,Standard
ST010250,Tamil Nadu,11.080854,78.621997,2,Standard
ST010251,Tamil Nadu,11.037949,78.696852,8,Hub
ST010252,Tamil Nadu,11.21642,78.695228,2,Standard
ST010253,Tamil Nadu,10.999592,78.720543,2,Standard
ST010254,Tamil Nadu,11.104519,78.627535,8,Hub
ST010255,Tamil Nadu,11.14076,78.705207,2,Standard
ST010256,Tamil Nadu,11.183849,78.775461,2,Standard
ST010257,Tamil Nadu,11.257442,78.652337,2,Standard
ST010258,Tamil Nadu,11.062853,78.605969,2,Standard
ST010259,Tamil Nadu,11.057285,78.825209,2,Standard
ST010260,Tamil Nadu,11.224577,78.637671,8,Hub
ST010261,Tamil Nadu,11.088608,78.806037,6,Hub
ST010262,Tamil Nadu,11.230181,78.770123,2,Standard
ST010263,Tamil Nadu,11.137587,78.634227,2,Standard
ST010264,Tamil Nadu,11.322123,78.628345,2,Standard
ST010265,Tamil Nadu,11.218568,78.618486,2,Standard
ST010266,Tamil Nadu,11.129971,78.773266,2,Standard
ST010267,Tamil Nadu,11.091013,78.676758,2,Standard
ST010268,Tamil Nadu,11.009299,78.718162,4,Standard
ST010269,Tamil Nadu,11.187273,78.685638,2,Standard
ST010270,Tamil Nadu,11.276063,78.673625,2,Standard
ST010271,Tamil Nadu,11.119152,78.647207,4,Standard
ST010272,Tamil Nadu,11.131514,78.655906,2,Standard
ST010273,Tamil Nadu,10.995978,78.573733,2,Standard
ST010274,Tamil Nadu,11.128717,78.650236,2,Standard
ST010275,Tamil Nadu,11.279939,78.555006,2,Standard
ST010276,Tamil Nadu,11.037768,78.620625,2,Standard
ST010277,Tamil Nadu,11.235054,78.688166,6,Hub
ST010278,Tamil Nadu,10.996924,78.740227,2,Standard
ST010279,Tamil Nadu,11.014567,78.734537,4,Standard
ST010280,Tamil Nadu,11.148473,78.672719,2,Standard
ST010281,Tamil Nadu,11.132917,78.663905,4,Standard
ST010282,Tamil Nadu,10.97363,78.616127,4,Standard
ST010283,Tamil Nadu,11.038688,78.583373,2,Standard
ST010284,Tamil Nadu,11.098418,78.595323,6,Hub
ST010285,Tamil Nadu,11.086444,78.704834,2,Standard
ST010286,Tamil Nadu,11.119476,78.625484,2,Standard
ST010287,Tamil Nadu,11.24594,78.666648,2,Standard
ST010288,Tamil Nadu,11.241081,78.613733,2,Standard
ST010289,Tamil Nadu,11.154736,78.52521,4,Standard
ST010290,Tamil Nadu,10.98344,78.659214,2,Standard
ST010291,Tamil Nadu,11.147279,78.616738,2,Standard
ST010292,Tamil Nadu,11.10405,78.695251,4,Standard
ST010293,Tamil Nadu,10.95802,78.709296,2,Standard
ST010294,Tamil Nadu,11.084923,78.718788,2,Standard
ST010295,Tamil Nadu,11.192985,78.577631,2,Standard
ST010296,Tamil Nadu,10.959193,78.618871,2,Standard
ST010297,Tamil Nadu,10.99103,78.665009,2,Standard
ST010298,Tamil Nadu,11.157777,78.675211,2,Standard
ST010299,Tamil Nadu,11.045464,78.712849,2,Standard
ST010300,Tamil Nadu,11.316748,78.615426,2,Standard
ST010301,Tamil Nadu,11.164584,78.606116,2,Standard
ST010302,Tamil Nadu,11.261462,78.626004,2,Standard
ST010303,Tamil Nadu,11.017336,78.74434,2,Standard
ST010304,Tamil Nadu,11.156174,78.659929,6,Hub
ST010305,Tamil Nadu,11.189078,78.543633,4,Standard
ST010306,Tamil Nadu,11.061262,78.732345,6,Hub
ST010307,Tamil Nadu,11.231637,78.585993,2,Standard
ST010308,Tamil Nadu,11.107797,78.671271,4,Standard
ST010309,Tamil Nadu,11.073992,78.845223,4,Standard
ST010310,Tamil Nadu,11.039947,78.693088,2,Standard
ST010311,Tamil Nadu,10.950286,78.658458,2,Standard
ST010312,Tamil Nadu,11.016907,78.572608,2,Standard
ST010313,Tamil Nadu,11.122631,78.660625,2,Standard
ST010314,Tamil Nadu,11.29935,78.577128,2,Standard
ST010315,Tamil Nadu,11.306287,78.597623,2,Standard
ST010316,Tamil Nadu,11.181668,78.531325,2,Standard
ST010317,Tamil Nadu,11.194305,78.557353,4,Standard
ST010318,Tamil Nadu,11.179076,78.715386,2,Standard
ST010319,Tamil Nadu,11.196188,78.644302,2,Standard
ST010320,Tamil Nadu,11.139675,78.643137,2,Standard
ST010321,Tamil Nadu,11.09168,78.717498,2,Standard
ST010322,Tamil Nadu,11.149678,78.664488,2,Standard
ST010323,Tamil Nadu,11.185674,78.813892,4,Standard
ST010324,Tamil Nadu,11.182162,78.680074,2,Standard
ST010325,Tamil Nadu,11.265941,78.665788,2,Standard
ST010326,Tamil Nadu,11.033234,78.568417,2,Standard
ST010327,Tamil Nadu,11.097761,78.686468,4,Standard
ST010328,Tamil Nadu,11.097023,78.497489,6,Hub
ST010329,Tamil Nadu,11.18982,78.731373,2,Standard
ST010330,Tamil Nadu,11.127371,78.69052,2,Standard
ST010331,Tamil Nadu,11.116518,78.549802,2,Standard
ST010332,Tamil Nadu,11.140174,78.717506,4,Standard
ST010333,Tamil Nadu,11.293124,78.621596,2,Standard
ST010334,Tamil Nadu,11.194146,78.593898,2,Standard
ST010335,Tamil Nadu,11.073419,78.604018,2,Standard
ST010336,Tamil Nadu,11.19794,78.694529,2,Standard
ST010337,Tamil Nadu,11.079396,78.624925,2,Standard
ST010338,Tamil Nadu,11.144547,78.632225,2,Standard
ST010339,Tamil Nadu,11.110331,78.675416,2,Standard
ST010340,Tamil Nadu,11.120544,78.661366,2,Standard
ST010341,Tamil Nadu,11.115783,78.736244,8,Hub
ST010342,Tamil Nadu,11.019382,78.671771,4,Standard
ST010343,Tamil Nadu,11.110741,78.760221,2,Standard
ST010344,Tamil Nadu,11.063966,78.653324,4,Standard
ST010345,Tamil Nadu,11.179793,78.561336,2,Standard
ST010346,Tamil Nadu,11.033465,78.821613,2,Standard
ST010347,Tamil Nadu,11.237674,78.494442,2,Standard
ST010348,Tamil Nadu,11.100243,78.586184,2,Standard
ST010349,Tamil Nadu,11.101537,78.787077,6,Hub
ST010350,Tamil Nadu,11.251534,78.641829,4,Standard
ST010351,Tamil Nadu,11.175536,78.612332,2,Standard
ST010352,Tamil Nadu,10.975948,78.756932,4,Standard
ST010353,Tamil Nadu,11.135566,78.460801,6,Hub
ST010354,Tamil Nadu,11.141001,78.568281,2,Standard
ST010355,Tamil Nadu,10.950417,78.621966,4,Standard
ST010356,Tamil Nadu,11.078686,78.640614,2,Standard
ST010357,Tamil Nadu,11.032171,78.697541,4,Standard
ST010358,Tamil Nadu,11.24922,78.741836,2,Standard
ST010359,Tamil Nadu,11.189708,78.708267,2,Standard
ST010360,Tamil Nadu,11.158568,78.56884,2,Standard
ST010361,Tamil Nadu,11.164466,78.599637,2,Standard
ST010362,Tamil Nadu,11.167518,78.64588,2,Standard
ST010363,Tamil Nadu,11.296567,78.698447,2,Standard
ST010364,Tamil Nadu,11.127742,78.610508,4,Standard
ST010365,Tamil Nadu,11.227095,78.647284,2,Standard
ST010366,Tamil Nadu,11.223369,78.626331,4,Standard
ST010367,Tamil Nadu,11.038671,78.672692,4,Standard
ST010368,Tamil Nadu,11.072837,78.748818,2,Standard
ST010369,Tamil Nadu,11.120075,78.659059,2,Standard
ST010370,Tamil Nadu,11.124307,78.699433,2,Standard
ST010371,Tamil Nadu,11.207674,78.568279,2,Standard
ST010372,Tamil Nadu,11.143532,78.466242,2,Standard
ST010373,Tamil Nadu,11.005715,78.502347,2,Standard
ST010374,Tamil Nadu,11.113003,78.691383,2,Standard
ST010375,Tamil Nadu,11.049789,78.71065,2,Standard
ST010376,Tamil Nadu,11.215744,78.588463,2,Standard
ST010377,Tamil Nadu,11.088195,78.800241,2,Standard
ST010378,Tamil Nadu,11.094695,78.655712,4,Standard
ST010379,Tamil Nadu,10.965645,78.572296,2,Standard
ST010380,Tamil Nadu,11.19161,78.558858,2,Standard
ST010381,Tamil Nadu,11.114639,78.669039,2,Standard
ST010382,Tamil Nadu,10.979411,78.685411,2,Standard
ST010383,Tamil Nadu,11.097022,78.693131,4,Standard
ST010384,Tamil Nadu,11.276374,78.588231,2,Standard
ST010385,Tamil Nadu,11.109435,78.636011,2,Standard
ST010386,Tamil Nadu,11.139762,78.673205,2,Standard
ST010387,Tamil Nadu,11.109888,78.641475,2,Standard
ST010388,Tamil Nadu,11.236265,78.491002,2,Standard
ST010389,Tamil Nadu,11.066522,78.72445,2,Standard
ST010390,Tamil Nadu,11.082392,78.47488,2,Standard
ST010391,Tamil Nadu,11.136161,78.649789,2,Standard
ST010392,Tamil Nadu,11.200576,78.788725,2,Standard
ST010393,Tamil Nadu,11.11712,78.632196,4,Standard
ST010394,Tamil Nadu,10.97095,78.654874,2,Standard
ST010395,Tamil Nadu,11.161063,78.827816,2,Standard
ST010396,Tamil Nadu,11.274954,78.708012,2,Standard
ST010397,Tamil Nadu,11.080028,78.614968,2,Standard
ST010398,Tamil Nadu,11.098681,78.503029,2,Standard
ST010399,Tamil Nadu,11.194402,78.627222,2,Standard
ST010400,Tamil Nadu,11.079942,78.545986,2,Standard
ST010401,Tamil Nadu,10.951245,78.628814,2,Standard
ST010402,Tamil Nadu,11.183511,78.658023,4,Standard
ST010403,Tamil Nadu,11.092468,78.648406,4,Standard
ST010404,Tamil Nadu,11.235516,78.586041,2,Standard
ST010405,Tamil Nadu,10.96573,78.67947,2,Standard
ST010406,Tamil Nadu,11.020647,78.690834,2,Standard
ST010407,Tamil Nadu,11.200229,78.658164,4,Standard
ST010408,Tamil Nadu,11.21583,78.762512,6,Hub
ST010409,Tamil Nadu,11.067272,78.66483,2,Standard
ST010410,Tamil Nadu,11.086027,78.665316,2,Standard
ST010411,Tamil Nadu,11.136721,78.652005,2,Standard
ST010412,Tamil Nadu,11.194934,78.580362,4,Standard
ST010413,Tamil Nadu,11.082709,78.615763,2,Standard
ST010414,Tamil Nadu,11.182241,78.645191,2,Standard
ST010415,Tamil Nadu,10.9586,78.551625,2,Standard
ST010416,Tamil Nadu,11.205797,78.584011,2,Standard
ST010417,Tamil Nadu,11.267118,78.648422,2,Standard
ST010418,Tamil Nadu,11.147914,78.735303,2,Standard
ST010419,Tamil Nadu,11.092265,78.716233,2,Standard
ST010420,Tamil Nadu,11.134772,78.5403,2,Standard
ST010421,Tamil Nadu,11.297587,78.698502,4,Standard
ST010422,Tamil Nadu,11.069307,78.847757,2,Standard
ST010423,Tamil Nadu,11.307468,78.603502,2,Standard
ST010424,Tamil Nadu,11.143633,78.615992,2,Standard
ST010425,Tamil Nadu,11.083179,78.647766,2,Standard
ST010426,Tamil Nadu,11.119676,78.778865,2,Standard
ST010427,Tamil Nadu,11.314645,78.706102,2,Standard
ST010428,Tamil Nadu,11.193526,78.619658,2,Standard
ST010429,Tamil Nadu,11.034313,78.647881,2,Standard
ST010430,Tamil Nadu,11.228787,78.56402,2,Standard
ST010431,Tamil Nadu,11.111397,78.744878,2,Standard
ST010432,Tamil Nadu,10.954028,78.739719,2,Standard
ST010433,Tamil Nadu,11.135202,78.672878,4,Standard
ST010434,Tamil Nadu,11.258308,78.534644,2,Standard
ST010435,Tamil Nadu,11.197867,78.583172,2,Standard
ST010436,Tamil Nadu,11.066574,78.561864,2,Standard
ST010437,Tamil Nadu,11.235101,78.707264,2,Standard
ST010438,Tamil Nadu,11.19186,78.662453,2,Standard
ST010439,Tamil Nadu,11.182489,78.631804,4,Standard
ST010440,Tamil Nadu,11.173594,78.638433,2,Standard
ST010441,Tamil Nadu,11.077503,78.772382,2,Standard
ST010442,Tamil Nadu,11.134419,78.55689,6,Hub
ST010443,Tamil Nadu,11.13304,78.651469,2,Standard
ST010444,Tamil Nadu,11.161763,78.638462,2,Standard
ST010445,Tamil Nadu,11.186984,78.603594,2,Standard
ST010446,Tamil Nadu,11.193845,78.540322,2,Standard
ST010447,Tamil Nadu,11.209488,78.820988,2,Standard
ST010448,Tamil Nadu,11.128475,78.705709,2,Standard
ST010449,Tamil Nadu,11.135409,78.637424,2,Standard
ST010450,Tamil Nadu,11.144709,78.756085,4,Standard
ST010451,Tamil Nadu,11.141388,78.631094,2,Standard
ST010452,Tamil Nadu,10.991185,78.61493,2,Standard
ST010453,Tamil Nadu,11.246909,78.513174,2,Standard
ST010454,Tamil Nadu,11.155294,78.529415,2,Standard
ST010455,Tamil Nadu,11.1066,78.665983,2,Standard
ST010456,Tamil Nadu,11.077406,78.464672,2,Standard
ST010457,Tamil Nadu,11.126822,78.653569,4,Standard
ST010458,Tamil Nadu,11.004205,78.659788,2,Standard
ST010459,Tamil Nadu,11.073836,78.523172,2,Standard
ST010460,Tamil Nadu,11.085372,78.64095,2,Standard
ST010461,Tamil Nadu,11.257346,78.607404,2,Standard
ST010462,Tamil Nadu,11.132424,78.721144,4,Standard
ST010463,Tamil Nadu,11.283666,78.57328,2,Standard
ST010464,Tamil Nadu,11.120759,78.661201,2,Standard
ST010465,Tamil Nadu,11.181268,78.673936,4,Standard
ST010466,Tamil Nadu,11.04665,78.572171,4,Standard
ST010467,Tamil Nadu,11.03144,78.549993,2,Standard
ST010468,Tamil Nadu,11.147967,78.659407,4,Standard
ST010469,Tamil Nadu,11.107435,78.680828,2,Standard
ST010470,Tamil Nadu,11.241203,78.715328,2,Standard
ST010471,Tamil Nadu,11.187173,78.518881,2,Standard
ST010472,Tamil Nadu,11.181551,78.535369,2,Standard
ST010473,Tamil Nadu,11.122102,78.602775,2,Standard
ST010474,Tamil Nadu,11.163698,78.655291,2,Standard
ST010475,Tamil Nadu,11.139885,78.713252,2,Standard
ST010476,Tamil Nadu,11.322388,78.626387,2,Standard
ST010477,Tamil Nadu,11.16212,78.536061,2,Standard
ST010478,Tamil Nadu,10.934516,78.632494,2,Standard
ST010479,Tamil Nadu,11.063793,78.478875,2,Standard
ST010480,Tamil Nadu,11.099993,78.717903,2,Standard
ST010481,Tamil Nadu,11.145428,78.633187,2,Standard
ST010482,Tamil Nadu,11.222793,78.623077,2,Standard
ST010483,Tamil Nadu,11.187386,78.626854,2,Standard
ST010484,Tamil Nadu,11.106601,78.562526,8,Hub
ST010485,Tamil Nadu,11.056584,78.584767,2,Standard
ST010486,Tamil Nadu,11.262577,78.628503,2,Standard
ST010487,Tamil Nadu,11.125592,78.838829,2,Standard
ST010488,Tamil Nadu,11.106801,78.728395,4,Standard
ST010489,Tamil Nadu,11.271293,78.764631,2,Standard
ST010490,Tamil Nadu,11.115451,78.707356,4,Standard
ST010491,Tamil Nadu,11.268406,78.57952,2,Standard
ST010492,Tamil Nadu,11.224371,78.776117,2,Standard
ST010493,Tamil Nadu,11.140516,78.64874,2,Standard
ST010494,Tamil Nadu,11.176936,78.559416,2,Standard
ST010495,Tamil Nadu,11.079178,78.570762,2,Standard
ST010496,Tamil Nadu,11.124903,78.650444,2,Standard
ST010497,Tamil Nadu,11.127632,78.650253,4,Standard
ST010498,Tamil Nadu,11.09809,78.665269,2,Standard
ST010499,Tamil Nadu,11.155078,78.600752,2,Standard
ST010500,Tamil Nadu,11.044892,78.681292,2,Standard
ST010501,Tamil Nadu,11.14066,78.561631,2,Standard
ST010502,Tamil Nadu,11.130663,78.642637,2,Standard
ST010503,Tamil Nadu,11.166677,78.759862,2,Standard
ST010504,Tamil Nadu,11.141233,78.65202,2,Standard
ST010505,Tamil Nadu,11.15727,78.665273,2,Standard
ST010506,Tamil Nadu,11.076681,78.595047,2,Standard
ST010507,Tamil Nadu,11.133676,78.644104,4,Standard
ST010508,Tamil Nadu,11.146924,78.713536,2,Standard
ST010509,Tamil Nadu,11.031261,78.558954,2,Standard
ST010510,Tamil Nadu,11.261241,78.789704,2,Standard
ST010511,Tamil Nadu,11.049885,78.776826,2,Standard
ST010512,Tamil Nadu,11.083063,78.65015,2,Standard
ST010513,Tamil Nadu,11.220125,78.522264,8,Hub
ST010514,Tamil Nadu,11.033598,78.728424,8,Hub
ST010515,Tamil Nadu,11.120319,78.794704,2,Standard
ST010516,Tamil Nadu,11.065916,78.814238,2,Standard
ST010517,Tamil Nadu,11.127702,78.659799,4,Standard
ST010518,Tamil Nadu,11.122667,78.694852,2,Standard
ST010519,Tamil Nadu,11.086415,78.65478,2,Standard
ST010520,Tamil Nadu,11.131096,78.608792,2,Standard
ST010521,Tamil Nadu,11.096199,78.545409,2,Standard
ST010522,Tamil Nadu,11.326334,78.639644,8,Hub
ST010523,Tamil Nadu,11.230818,78.54579,2,Standard
ST010524,Tamil Nadu,11.013185,78.755492,2,Standard
ST010525,Tamil Nadu,11.131603,78.655643,4,Standard
ST010526,Tamil Nadu,11.084732,78.646611,2,Standard
ST010527,Tamil Nadu,11.039911,78.623718,4,Standard
ST010528,Tamil Nadu,11.029161,78.6064,2,Standard
ST010529,Tamil Nadu,11.234086,78.629507,2,Standard
ST010530,Tamil Nadu,11.163462,78.604276,2,Standard
ST010531,Tamil Nadu,11.040044,78.692576,2,Standard
ST010532,Tamil Nadu,11.113464,78.731624,2,Standard
ST010533,Tamil Nadu,11.032591,78.589575,2,Standard
ST010534,Tamil Nadu,11.081046,78.603702,8,Hub
ST010535,Tamil Nadu,11.077934,78.768908,4,Standard
ST010536,Tamil Nadu,11.161074,78.694407,2,Standard
ST010537,Tamil Nadu,11.141116,78.660699,4,Standard
ST010538,Tamil Nadu,11.127262,78.660802,6,Hub
ST010539,Tamil Nadu,11.130877,78.787841,2,Standard
ST010540,Tamil Nadu,11.208088,78.689619,2,Standard
ST010541,Tamil Nadu,11.262352,78.574728,4,Standard
ST010542,Tamil Nadu,11.063969,78.830753,2,Standard
ST010543,Tamil Nadu,11.120141,78.669625,2,Standard
ST010544,Tamil Nadu,11.300983,78.650403,2,Standard
ST010545,Tamil Nadu,10.996866,78.68521,2,Standard
ST010546,Tamil Nadu,11.108625,78.622671,6,Hub
ST010547,Tamil Nadu,11.156094,78.746228,2,Standard
ST010548,Tamil Nadu,11.128798,78.655846,4,Standard
ST010549,Tamil Nadu,11.129434,78.645634,4,Standard
ST010550,Tamil Nadu,11.000718,78.674302,2,Standard
ST010551,Tamil Nadu,11.122574,78.646115,2,Standard
ST010552,Tamil Nadu,11.025273,78.714049,2,Standard
ST010553,Tamil Nadu,11.151826,78.667793,2,Standard
ST010554,Tamil Nadu,11.073233,78.567555,4,Standard
ST010555,Tamil Nadu,11.183417,78.747937,2,Standard
ST010556,Tamil Nadu,11.12976,78.655274,4,Standard
ST010557,Tamil Nadu,11.1179,78.645396,2,Standard
ST010558,Tamil Nadu,11.157206,78.658121,2,Standard
ST010559,Tamil Nadu,10.985092,78.731626,2,Standard
ST010560,Tamil Nadu,11.102275,78.779547,2,Standard
ST010561,Tamil Nadu,11.087348,78.681724,2,Standard
ST010562,Tamil Nadu,10.968246,78.642642,2,Standard
ST010563,Tamil Nadu,11.210976,78.509833,2,Standard
ST010564,Tamil Nadu,11.043287,78.791652,2,Standard
ST010565,Tamil Nadu,11.161866,78.800435,2,Standard
ST010566,Tamil Nadu,11.129705,78.656024,2,Standard
ST010567,Tamil Nadu,11.006535,78.704317,2,Standard
ST010568,Tamil Nadu,11.116592,78.623287,2,Standard
ST010569,Tamil Nadu,11.248278,78.635502,6,Hub
ST010570,Tamil Nadu,11.129204,78.660424,6,Hub
ST010571,Tamil Nadu,11.130408,78.641306,2,Standard
ST010572,Tamil Nadu,11.199796,78.745965,2,Standard
ST010573,Tamil Nadu,11.017765,78.573723,2,Standard
ST010574,Tamil Nadu,11.005691,78.752903,2,Standard
ST010575,Tamil Nadu,11.180617,78.648203,2,Standard
ST010576,Tamil Nadu,11.073088,78.479235,2,Standard
ST010577,Tamil Nadu,11.074012,78.531448,2,Standard
ST010578,Tamil Nadu,11.144657,78.762476,2,Standard
ST010579,Tamil Nadu,10.997741,78.603296,2,Standard
ST010580,Tamil Nadu,11.133827,78.656766,2,Standard
ST010581,Tamil Nadu,11.141399,78.663112,4,Standard
ST010582,Tamil Nadu,11.125897,78.629656,4,Standard
ST010583,Tamil Nadu,11.080456,78.611726,4,Standard
ST010584,Tamil Nadu,11.085509,78.668329,2,Standard
ST010585,Tamil Nadu,11.205235,78.569506,2,Standard
ST010586,Tamil Nadu,11.235118,78.617676,2,Standard
ST010587,Tamil Nadu,11.15143,78.680898,2,Standard
ST010588,Tamil Nadu,11.271871,78.646946,2,Standard
ST010589,Tamil Nadu,11.261163,78.699789,4,Standard
ST010590,Tamil Nadu,11.074778,78.689111,8,Hub
ST010591,Tamil Nadu,11.222337,78.795274,4,Standard
ST010592,Tamil Nadu,11.180466,78.679534,2,Standard
ST010593,Tamil Nadu,11.115936,78.687083,2,Standard
ST010594,Tamil Nadu,11.124763,78.65678,4,Standard
ST010595,Tamil Nadu,11.068311,78.83413,6,Hub
ST010596,Tamil Nadu,11.100338,78.723841,2,Standard
ST010597,Tamil Nadu,11.016354,78.675752,2,Standard
ST010598,Tamil Nadu,11.140825,78.621396,2,Standard
ST010599,Tamil Nadu,11.232021,78.547599,2,Standard
ST010600,Tamil Nadu,11.124131,78.639795,2,Standard
ST010601,Tamil Nadu,11.244806,78.673004,4,Standard
ST010602,Tamil Nadu,11.203366,78.568321,2,Standard
ST010603,Tamil Nadu,11.131245,78.674523,2,Standard
ST010604,Tamil Nadu,11.082144,78.519725,2,Standard
ST010605,Tamil Nadu,11.129737,78.661883,2,Standard
ST010606,Tamil Nadu,11.029378,78.720405,2,Standard
ST010607,Tamil Nadu,11.082887,78.501061,2,Standard
ST010608,Tamil Nadu,11.110061,78.642707,2,Standard
ST010609,Tamil Nadu,11.046192,78.477462,6,Hub
ST010610,Tamil Nadu,11.271647,78.55944,2,Standard
ST010611,Tamil Nadu,11.078756,78.799062,2,Standard
ST010612,Tamil Nadu,11.207601,78.5477,4,Standard
ST010613,Tamil Nadu,11.126427,78.847666,8,Hub
ST010614,Tamil Nadu,11.102369,78.664795,2,Standard
ST010615,Tamil Nadu,11.226999,78.739309,4,Standard
ST010616,Tamil Nadu,11.109632,78.664108,2,Standard
ST010617,Tamil Nadu,11.117427,78.497328,2,Standard
ST010618,Tamil Nadu,11.120876,78.616929,2,Standard
ST010619,Tamil Nadu,11.126308,78.654907,2,Standard
ST010620,Tamil Nadu,11.100028,78.73193,2,Standard
ST010621,Tamil Nadu,11.16695,78.589756,2,Standard
ST010622,Tamil Nadu,11.197393,78.661886,2,Standard
ST010623,Tamil Nadu,10.937303,78.658183,2,Standard
ST010624,Tamil Nadu,11.16082,78.643802,2,Standard
ST010625,Tamil Nadu,11.14005,78.686901,4,Standard
ST010626,Tamil Nadu,11.127392,78.655731,2,Standard
ST010627,Tamil Nadu,11.202131,78.734013,2,Standard
ST010628,Tamil Nadu,11.127383,78.675369,8,Hub
ST010629,Tamil Nadu,11.092175,78.699183,2,Standard
ST010630,Tamil Nadu,10.93173,78.643247,2,Standard
ST010631,Tamil Nadu,11.180041,78.709381,2,Standard
ST010632,Tamil Nadu,11.286703,78.584214,2,Standard
ST010633,Tamil Nadu,11.017037,78.743084,2,Standard
ST010634,Tamil Nadu,11.248441,78.731633,4,Standard
ST010635,Tamil Nadu,11.233038,78.638656,2,Standard
ST010636,Tamil Nadu,11.089638,78.657255,2,Standard
ST010637,Tamil Nadu,11.048335,78.568918,2,Standard
ST010638,Tamil Nadu,11.124085,78.652643,2,Standard
ST010639,Tamil Nadu,11.013645,78.62104,2,Standard
ST010640,Tamil Nadu,11.138087,78.697092,4,Standard
ST010641,Tamil Nadu,11.103757,78.797317,2,Standard
ST010642,Tamil Nadu,10.994272,78.552165,2,Standard
ST010643,Tamil Nadu,11.075484,78.831859,2,Standard
ST010644,Tamil Nadu,11.123977,78.577959,2,Standard
ST010645,Tamil Nadu,11.169562,78.685859,6,Hub
ST010646,Tamil Nadu,11.186897,78.640246,4,Standard
ST010647,Tamil Nadu,11.108854,78.690139,2,Standard
ST010648,Tamil Nadu,11.146376,78.605251,2,Standard
ST010649,Tamil Nadu,11.087059,78.729454,2,Standard
ST010650,Tamil Nadu,11.051861,78.690175,2,Standard
ST010651,Tamil Nadu,10.964242,78.653069,4,Standard
ST010652,Tamil Nadu,11.194431,78.512129,2,Standard
ST010653,Tamil Nadu,11.255823,78.75182,2,Standard
ST010654,Tamil Nadu,11.145257,78.674005,2,Standard
ST010655,Tamil Nadu,11.282265,78.60417,2,Standard
ST010656,Tamil Nadu,10.961509,78.60031,2,Standard
ST010657,Tamil Nadu,11.248956,78.648745,2,Standard
ST010658,Tamil Nadu,11.012612,78.558621,2,Standard
ST010659,Tamil Nadu,11.130843,78.690115,2,Standard
ST010660,Tamil Nadu,11.13125,78.588044,2,Standard
ST010661,Tamil Nadu,11.168726,78.704157,2,Standard
ST010662,Tamil Nadu,11.005327,78.806693,2,Standard
ST010663,Tamil Nadu,11.093,78.556354,2,Standard
ST010664,Tamil Nadu,11.304284,78.621798,2,Standard
ST010665,Tamil Nadu,10.946479,78.643255,2,Standard
ST010666,Tamil Nadu,11.089098,78.682969,2,Standard
ST010667,Tamil Nadu,11.141488,78.788579,2,Standard
ST010668,Tamil Nadu,10.995313,78.656014,4,Standard
ST010669,Tamil Nadu,11.125355,78.652791,2,Standard
ST010670,Tamil Nadu,11.227553,78.692382,2,Standard
ST010671,Tamil Nadu,11.172904,78.774824,2,Standard
ST010672,Telangana,18.001489,78.981571,6,Hub
ST010673,Telangana,18.070983,79.140381,8,Hub
ST010674,Telangana,18.208007,78.844071,6,Hub
ST010675,Telangana,18.171222,78.924578,2,Standard
ST010676,Telangana,18.159829,79.14707,2,Standard
ST010677,Telangana,18.151563,79.003122,4,Standard
ST010678,Telangana,18.111278,79.049081,4,Standard
ST010679,Telangana,18.105624,78.938271,6,Hub
ST010680,Telangana,18.273987,79.086464,2,Standard
ST010681,Telangana,18.050481,78.995826,2,Standard
ST010682,Telangana,18.080078,79.06752,2,Standard
ST010683,Telangana,18.047612,79.037911,2,Standard
ST010684,Telangana,17.964664,78.973396,4,Standard
ST010685,Telangana,18.085486,78.966918,4,Standard
ST010686,Telangana,17.947107,78.989122,2,Standard
ST010687,Telangana,18.126643,79.025807,2,Standard
ST010688,Telangana,17.992455,78.975119,8,Hub
ST010689,Telangana,18.148183,79.163985,2,Standard
ST010690,Telangana,18.000384,78.872498,2,Standard
ST010691,Telangana,18.185659,79.150508,2,Standard
ST010692,Telangana,18.210201,79.07602,2,Standard
ST010693,Telangana,18.038816,78.994419,2,Standard
ST010694,Telangana,18.112889,79.018576,2,Standard
ST010695,Telangana,18.069318,79.013808,2,Standard
ST010696,Telangana,18.112048,79.010694,2,Standard
ST010697,Telangana,18.194582,78.873211,2,Standard
ST010698,Telangana,18.127579,78.99283,2,Standard
ST010699,Telangana,18.110438,79.0172,2,Standard
ST010700,Telangana,18.195886,78.901242,4,Standard
ST010701,Telangana,17.969072,78.99088,2,Standard
ST010702,Telangana,18.2001,79.078358,2,Standard
ST010703,Telangana,18.062514,79.207319,2,Standard
ST010704,Telangana,18.20382,78.904626,2,Standard
ST010705,Telangana,18.175845,78.99125,2,Standard
ST010706,Telangana,18.165235,78.981357,2,Standard
ST010707,Telangana,18.096511,78.872876,6,Hub
ST010708,Telangana,18.184133,79.027607,4,Standard
ST010709,Telangana,18.310334,79.043588,2,Standard
ST010710,Telangana,18.190505,79.094701,2,Standard
ST010711,Telangana,18.122547,78.980347,2,Standard
ST010712,Telangana,17.99145,79.030693,2,Standard
ST010713,Telangana,18.195665,79.150878,2,Standard
ST010714,Telangana,18.099526,79.059493,2,Standard
ST010715,Telangana,18.03578,78.989913,4,Standard
ST010716,Telangana,18.266793,78.934783,6,Hub
ST010717,Telangana,18.04094,79.026803,2,Standard
ST010718,Telangana,18.087951,79.066901,2,Standard
ST010719,Telangana,17.95767,78.974823,2,Standard
ST010720,Telangana,18.098236,79.054582,2,Standard
ST010721,Telangana,18.098757,79.021418,4,Standard
ST010722,Telangana,18.081157,78.920448,2,Standard
ST010723,Telangana,18.052327,79.020669,2,Standard
ST010724,Telangana,18.127347,79.009097,4,Standard
ST010725,Telangana,18.163914,78.964322,2,Standard
ST010726,Telangana,18.219039,78.919943,2,Standard
ST010727,Telangana,18.244338,79.120545,2,Standard
ST010728,Telangana,18.10973,79.013417,2,Standard
ST010729,Telangana,18.197244,79.11397,2,Standard
ST010730,Telangana,18.034456,78.891926,2,Standard
ST010731,Telangana,18.087883,78.889694,2,Standard
ST010732,Telangana,18.124115,78.904881,2,Standard
ST010733,Telangana,18.100037,79.201356,2,Standard
ST010734,Telangana,18.185233,79.027672,6,Hub
ST010735,Telangana,18.101091,78.934621,2,Standard
ST010736,Telangana,18.125436,79.021351,2,Standard
ST010737,Telangana,17.997641,78.864158,6,Hub
ST010738,Telangana,18.016382,78.986854,8,Hub
ST010739,Telangana,18.091031,79.06598,4,Standard
ST010740,Telangana,18.166517,79.026477,2,Standard
ST010741,Telangana,18.074817,79.031744,2,Standard
ST010742,Telangana,18.234864,79.094185,2,Standard
ST010743,Telangana,18.260165,78.904116,4,Standard
ST010744,Telangana,18.104616,79.012172,2,Standard
ST010745,Telangana,18.111137,78.997317,2,Standard
ST010746,Telangana,18.037091,78.882826,2,Standard
ST010747,Telangana,18.083641,78.831108,2,Standard
ST010748,Telangana,18.102084,78.881042,2,Standard
ST010749,Telangana,18.098766,79.203751,4,Standard
ST010750,Telangana,18.189926,79.182833,2,Standard
ST010751,Telangana,18.102413,79.043341,2,Standard
ST010752,Telangana,18.112631,79.018858,4,Standard
ST010753,Telangana,18.138275,78.973662,2,Standard
ST010754,Telangana,18.215977,78.927662,2,Standard
ST010755,Telangana,18.075676,78.956136,2,Standard
ST010756,Telangana,18.266985,79.079835,2,Standard
ST010757,Telangana,18.147896,79.084745,2,Standard
ST010758,Telangana,18.034496,78.962434,2,Standard
ST010759,Telangana,18.121315,79.045973,6,Hub
ST010760,Telangana,18.235785,79.139996,4,Standard
ST010761,Telangana,18.303974,79.057794,2,Standard
ST010762,Telangana,18.119412,79.040221,2,Standard
ST010763,Telangana,18.098237,79.011861,2,Standard
ST010764,Telangana,17.976323,78.917193,2,Standard
ST010765,Telangana,18.265184,79.066721,2,Standard
ST010766,Telangana,18.08726,79.038933,2,Standard
ST010767,Telangana,18.194692,79.183596,2,Standard
ST010768,Telangana,18.245552,79.130309,2,Standard
ST010769,Telangana,18.104889,79.017156,2,Standard
ST010770,Telangana,17.952966,79.055489,4,Standard
ST010771,Telangana,18.097838,78.922634,4,Standard
ST010772,Telangana,18.12775,79.000756,2,Standard
ST010773,Telangana,18.255301,78.928538,2,Standard
ST010774,Telangana,18.070007,78.861311,4,Standard
ST010775,Telangana,17.982452,78.982593,2,Standard
ST010776,Telangana,18.046405,78.992883,2,Standard
ST010777,Telangana,18.065652,78.997709,2,Standard
ST010778,Telangana,18.060152,79.03988,2,Standard
ST010779,Telangana,18.158518,79.06421,2,Standard
ST010780,Telangana,18.157965,78.958204,2,Standard
ST010781,Telangana,18.11196,78.984263,2,Standard
ST010782,Telangana,18.091971,79.029803,2,Standard
ST010783,Telangana,18.191935,79.113763,2,Standard
ST010784,Telangana,18.079093,78.992622,2,Standard
ST010785,Telangana,17.941964,79.046928,2,Standard
ST010786,Telangana,18.114161,79.022715,2,Standard
ST010787,Telangana,18.10622,79.010566,2,Standard
ST010788,Telangana,18.233357,79.003973,2,Standard
ST010789,Telangana,18.027885,79.035204,2,Standard
ST010790,Telangana,18.096152,79.011268,2,Standard
ST010791,Telangana,18.225626,78.966036,2,Standard
ST010792,Telangana,18.157747,79.122273,4,Standard
ST010793,Telangana,18.11475,79.021908,2,Standard
ST010794,Telangana,18.023924,78.924467,2,Standard
ST010795,Telangana,18.080662,79.000879,6,Hub
ST010796,Telangana,18.103402,79.012461,2,Standard
ST010797,Telangana,18.026687,78.949081,4,Standard
ST010798,Telangana,18.011971,78.871013,2,Standard
ST010799,Telangana,18.22804,78.860887,2,Standard
ST010800,Telangana,18.265146,78.996327,2,Standard
ST010801,Telangana,18.279394,78.972395,2,Standard
ST010802,Telangana,18.110283,79.004372,2,Standard
ST010803,Telangana,18.272027,79.070114,2,Standard
ST010804,Telangana,17.949823,79.029881,4,Standard
ST010805,Telangana,18.081772,79.092696,2,Standard
ST010806,Telangana,18.056034,78.845128,2,Standard
ST010807,Telangana,18.259158,79.109565,2,Standard
ST010808,Telangana,18.129248,78.958483,2,Standard
ST010809,Telangana,18.106695,79.026635,4,Standard
ST010810,Telangana,18.207335,79.02872,2,Standard
ST010811,Telangana,18.144417,79.041218,2,Standard
ST010812,Telangana,18.177638,78.925561,2,Standard
ST010813,Telangana,18.087363,78.991388,4,Standard
ST010814,Telangana,18.194748,78.866479,2,Standard
ST010815,Telangana,17.931845,78.992645,8,Hub
ST010816,Telangana,18.194483,78.898239,2,Standard
ST010817,Telangana,18.110295,78.998327,4,Standard
ST010818,Telangana,18.110655,79.032555,2,Standard
ST010819,Telangana,18.144015,79.021026,2,Standard
ST010820,Telangana,18.147472,78.986566,2,Standard
ST010821,Telangana,18.229764,78.997029,2,Standard
ST010822,Telangana,18.120351,79.118408,2,Standard
ST010823,Telangana,18.150374,79.212396,2,Standard
ST010824,Telangana,18.115411,79.015002,2,Standard
ST010825,Telangana,18.248919,78.972824,2,Standard
ST010826,Telangana,18.228957,79.085668,2,Standard
ST010827,Telangana,18.086001,78.984402,2,Standard
ST010828,Telangana,18.113324,79.001912,2,Standard
ST010829,Telangana,18.11042,79.019432,2,Standard
ST010830,Telangana,18.259822,78.989964,2,Standard
ST010831,Telangana,18.149431,79.076731,2,Standard
ST010832,Telangana,18.194097,79.149045,2,Standard
ST010833,Telangana,18.269103,79.08009,2,Standard
ST010834,Telangana,18.238898,78.971224,4,Standard
ST010835,Telangana,18.129007,79.089377,2,Standard
ST010836,Telangana,17.992709,79.036534,2,Standard
ST010837,Telangana,18.058187,78.92262,2,Standard
ST010838,Telangana,18.00648,79.162584,2,Standard
ST010839,Telangana,18.193721,79.064937,4,Standard
ST010840,Telangana,18.114347,79.007282,4,Standard
ST010841,Telangana,18.066993,78.861771,2,Standard
ST010842,Telangana,18.111025,79.017108,4,Standard
ST010843,Telangana,18.14148,79.081236,2,Standard
ST010844,Telangana,18.132096,79.21082,2,Standard
ST010845,Telangana,18.077972,78.970902,6,Hub
ST010846,Telangana,18.246302,78.955979,2,Standard
ST010847,Telangana,18.096052,79.093292,2,Standard
ST010848,Telangana,18.173078,79.203793,2,Standard
ST010849,Telangana,17.934246,78.999862,2,Standard
ST010850,Telangana,18.01429,79.160779,4,Standard
ST010851,Telangana,18.297667,79.08454,2,Standard
ST010852,Telangana,18.174225,78.981164,2,Standard
ST010853,Telangana,18.135676,78.87066,2,Standard
ST010854,Telangana,18.162398,78.983573,2,Standard
ST010855,Telangana,17.943444,79.056487,4,Standard
ST010856,Telangana,18.126455,78.941872,2,Standard
ST010857,Telangana,18.117714,79.011557,2,Standard
ST010858,Telangana,18.12067,78.978782,2,Standard
ST010859,Telangana,18.090204,79.115413,2,Standard
ST010860,Telangana,18.013435,79.051638,4,Standard
ST010861,Telangana,18.048701,79.000891,2,Standard
ST010862,Telangana,18.181981,79.156344,2,Standard
ST010863,Telangana,18.030562,79.078777,2,Standard
ST010864,Telangana,18.000622,78.875762,4,Standard
ST010865,Telangana,18.110004,79.01053,2,Standard
ST010866,Telangana,18.216909,78.85128,2,Standard
ST010867,Telangana,17.921373,79.052658,2,Standard
ST010868,Telangana,18.024511,78.992365,2,Standard
ST010869,Telangana,18.048029,79.13398,4,Standard
ST010870,Telangana,18.115054,79.040118,2,Standard
ST010871,Telangana,18.170022,79.029259,4,Standard
ST010872,Telangana,18.024828,79.086551,2,Standard
ST010873,Telangana,18.060169,79.209055,2,Standard
ST010874,Telangana,18.089531,79.104479,4,Standard
ST010875,Telangana,18.153931,79.0508,2,Standard
ST010876,Telangana,18.219181,79.052762,2,Standard
ST010877,Telangana,18.112662,78.980159,2,Standard
ST010878,Telangana,18.110157,79.021752,4,Standard
ST010879,Telangana,18.195589,78.887341,2,Standard
ST010880,Telangana,18.179686,79.047545,2,Standard
ST010881,Telangana,18.187731,78.997561,2,Standard
ST010882,Telangana,18.042313,79.007653,2,Standard
ST010883,Telangana,17.951383,78.908191,2,Standard
ST010884,Telangana,18.267324,79.016869,2,Standard
ST010885,Telangana,18.030854,79.075236,4,Standard
ST010886,Telangana,17.9899,79.173728,2,Standard
ST010887,Telangana,18.088849,78.932657,2,Standard
ST010888,Telangana,18.216195,79.027216,4,Standard
ST010889,Telangana,18.216479,79.008754,2,Standard
ST010890,Telangana,18.11422,79.023326,2,Standard
ST010891,Telangana,18.000113,79.164618,2,Standard
ST010892,Telangana,18.301429,79.015207,4,Standard
ST010893,Telangana,18.098006,78.908603,2,Standard
ST010894,Telangana,18.021633,78.961147,2,Standard
ST010895,Telangana,18.090065,78.938557,2,Standard
ST010896,Telangana,18.100576,78.998045,4,Standard
ST010897,Telangana,18.095938,79.185688,2,Standard
ST010898,Telangana,18.201082,78.958007,4,Standard
ST010899,Telangana,18.294144,79.055909,2,Standard
ST010900,Telangana,18.087835,78.940222,2,Standard
ST010901,Telangana,18.04235,78.969488,2,Standard
ST010902,Telangana,17.939227,79.057621,2,Standard
ST010903,Telangana,18.12339,79.036881,2,Standard
ST010904,Telangana,18.175191,79.020377,2,Standard
ST010905,Telangana,18.138836,79.054469,2,Standard
ST010906,Telangana,18.157726,79.022506,2,Standard
ST010907,Telangana,18.109265,79.02478,2,Standard
ST010908,Telangana,18.023799,78.947947,2,Standard
ST010909,Telangana,18.209961,79.087442,4,Standard
ST010910,Telangana,18.301287,79.017702,4,Standard
ST010911,Telangana,18.271453,79.02197,2,Standard
ST010912,Telangana,18.104686,79.029427,2,Standard
ST010913,Telangana,18.094066,79.08098,2,Standard
ST010914,Telangana,17.981591,79.000059,2,Standard
ST010915,Telangana,18.112108,78.97012,2,Standard
ST010916,Telangana,18.08552,79.074811,2,Standard
ST010917,Telangana,17.982329,79.171136,4,Standard
ST010918,Telangana,18.146461,78.8273,2,Standard
ST010919,Telangana,18.083971,78.943182,2,Standard
ST010920,Telangana,18.037209,79.081708,4,Standard
ST010921,Telangana,17.968824,79.101949,2,Standard
ST010922,Telangana,18.054701,79.032197,2,Standard
ST010923,Telangana,18.138984,78.850496,2,Standard
ST010924,Telangana,17.995186,79.083328,8,Hub
ST010925,Telangana,18.211147,79.057541,2,Standard
ST010926,Telangana,18.118007,79.020928,2,Standard
ST010927,Telangana,18.066374,78.979777,4,Standard
ST010928,Telangana,18.104,78.84028,2,Standard
ST010929,Telangana,18.205192,79.130597,4,Standard
ST010930,Telangana,18.090069,79.017257,2,Standard
ST010931,Telangana,18.041743,78.919974,6,Hub
ST010932,Telangana,17.928,79.001118,4,Standard
ST010933,Telangana,17.916032,78.993138,2,Standard
ST010934,Telangana,18.089269,79.017957,2,Standard
ST010935,Telangana,18.07656,79.026027,4,Standard
ST010936,Telangana,17.9988,78.93985,2,Standard
ST010937,Telangana,18.093242,79.02315,2,Standard
ST010938,Telangana,18.096424,79.022489,4,Standard
ST010939,Telangana,18.047012,78.875384,2,Standard
ST010940,Telangana,18.141333,79.012331,2,Standard
ST010941,Telangana,18.001239,78.996338,2,Standard
ST010942,Telangana,18.223264,78.960579,2,Standard
ST010943,Telangana,18.165667,79.088428,2,Standard
ST010944,Telangana,18.033504,78.903579,2,Standard
ST010945,Telangana,18.135945,78.991933,4,Standard
ST010946,Telangana,18.123684,79.015754,2,Standard
ST010947,Telangana,18.283061,79.001828,2,Standard
ST010948,Telangana,18.033847,78.89505,4,Standard
ST010949,Telangana,18.119846,79.022959,2,Standard
ST010950,Telangana,18.12642,79.029726,2,Standard
ST010951,Telangana,18.071207,79.006661,4,Standard
ST010952,Telangana,18.169315,78.950682,2,Standard
ST010953,Telangana,18.068564,78.896304,2,Standard
ST010954,Telangana,18.091733,79.063324,2,Standard
ST010955,Telangana,18.02496,79.152495,2,Standard
ST010956,Telangana,18.068962,78.993138,4,Standard
ST010957,Telangana,18.116929,79.009328,2,Standard
ST010958,Telangana,18.084834,78.935918,2,Standard
ST010959,Telangana,18.090644,78.835088,4,Standard
ST010960,Telangana,18.112419,78.930907,2,Standard
ST010961,Telangana,18.206391,79.150349,2,Standard
ST010962,Telangana,18.097794,79.022981,2,Standard
ST010963,Telangana,18.101122,78.962029,2,Standard
ST010964,Telangana,18.284499,79.073892,2,Standard
ST010965,Telangana,18.056524,79.025255,2,Standard
ST010966,Telangana,18.075257,78.846056,2,Standard
ST010967,Telangana,18.24997,79.019565,2,Standard
ST010968,Telangana,18.116879,78.977554,2,Standard
ST010969,Telangana,18.094581,79.020463,6,Hub
ST010970,Telangana,18.108939,78.849844,2,Standard
ST010971,Telangana,18.239396,79.121946,2,Standard
ST010972,Telangana,18.121775,78.950554,2,Standard
ST010973,Telangana,18.112396,79.019291,2,Standard
ST010974,Telangana,18.212523,78.97356,2,Standard
ST010975,Telangana,18.015691,78.928096,8,Hub
ST010976,Telangana,17.953629,78.954853,4,Standard
ST010977,Telangana,17.972295,78.903837,2,Standard
ST010978,Telangana,18.082654,79.002375,2,Standard
ST010979,Telangana,18.22911,78.948848,2,Standard
ST010980,Telangana,18.050598,78.832144,2,Standard
ST010981,Telangana,18.188728,79.05831,2,Standard
ST010982,Telangana,18.121032,79.145089,2,Standard
ST010983,Telangana,18.179931,78.83822,2,Standard
ST010984,Telangana,17.961512,79.063553,2,Standard
ST010985,Telangana,18.23092,78.951254,2,Standard
ST010986,Telangana,18.117949,79.140744,4,Standard
ST010987,Telangana,18.306401,78.982232,4,Standard
ST010988,Telangana,18.001362,78.880951,2,Standard
ST010989,Telangana,18.127506,79.06614,2,Standard
ST010990,Telangana,18.138271,79.01141,2,Standard
ST010991,Telangana,18.142818,79.097717,4,Standard
ST010992,Telangana,18.010267,78.954858,6,Hub
ST010993,Telangana,18.0644,79.197056,4,Standard
ST010994,Telangana,18.179919,78.979427,2,Standard
ST010995,Telangana,17.983706,79.075672,2,Standard
ST010996,Telangana,18.072653,78.953983,2,Standard
ST010997,Telangana,18.052655,79.055017,2,Standard
ST010998,Telangana,18.120802,79.110542,2,Standard
ST010999,Telangana,18.054695,78.882586,2,Standard
ST011000,Telangana,18.125922,78.945584,2,Standard
ST011001,Telangana,18.11252,79.018002,2,Standard
ST011002,Telangana,17.955267,79.042117,2,Standard
ST011003,Telangana,18.047516,78.950166,4,Standard
ST011004,Telangana,18.000903,78.876225,2,Standard
ST011005,Telangana,17.966156,78.954501,4,Standard
ST011006,Telangana,18.252482,79.002267,4,Standard
ST011007,Telangana,18.105685,79.015967,2,Standard
ST011008,Telangana,18.032697,79.099528,2,Standard
ST011009,Telangana,18.13801,78.935505,2,Standard
ST011010,Telangana,18.165056,79.005801,4,Standard
ST011011,Telangana,18.10954,78.935543,2,Standard
ST011012,Telangana,17.952521,79.033412,4,Standard
ST011013,Telangana,18.106856,79.037852,2,Standard
ST011014,Telangana,18.007496,79.005876,2,Standard
ST011015,Telangana,18.168958,78.834079,8,Hub
ST011016,Telangana,18.223666,79.059596,2,Standard
ST011017,Telangana,18.029889,78.840235,2,Standard
ST011018,Telangana,18.24572,78.969009,2,Standard
ST011019,Telangana,18.080397,79.014891,2,Standard
ST011020,Telangana,18.02502,79.097143,2,Standard
ST011021,Telangana,18.092678,78.89376,2,Standard
ST011022,Telangana,18.093215,78.935641,2,Standard
ST011023,Telangana,18.108372,78.990835,4,Standard
ST011024,Telangana,18.129401,79.047077,2,Standard
ST011025,Telangana,18.12417,79.009671,2,Standard
ST011026,Telangana,18.127256,78.975011,2,Standard
ST011027,Telangana,17.932801,79.0554,2,Standard
ST011028,Telangana,18.076355,78.997696,2,Standard
ST011029,Telangana,18.07327,79.199183,2,Standard
ST011030,Telangana,18.00709,79.071183,2,Standard
ST011031,Telangana,18.039098,79.038154,2,Standard
ST011032,Telangana,18.135333,79.154609,8,Hub
ST011033,Telangana,18.101502,78.965414,2,Standard
ST011034,Telangana,18.153873,78.853501,2,Standard
ST011035,Telangana,18.14072,79.003887,2,Standard
ST011036,Telangana,18.055209,79.181588,4,Standard
ST011037,Telangana,18.11262,79.019958,2,Standard
ST011038,Telangana,18.157341,78.971939,4,Standard
ST011039,Telangana,18.035708,79.064983,2,Standard
ST011040,Telangana,18.151527,78.964201,2,Standard
ST011041,Telangana,18.208589,78.94202,2,Standard
ST011042,Telangana,18.048232,79.008189,4,Standard
ST011043,Telangana,18.11733,79.144014,2,Standard
ST011044,Telangana,17.940341,79.078942,2,Standard
ST011045,Telangana,18.010182,79.024675,2,Standard
ST011046,Telangana,17.975668,79.098178,2,Standard
ST011047,Telangana,18.064428,79.043804,2,Standard
ST011048,Telangana,18.189654,78.928306,2,Standard
ST011049,Telangana,18.009879,78.952865,2,Standard
ST011050,Telangana,18.100219,78.957883,8,Hub
ST011051,Telangana,18.270867,79.053515,2,Standard
ST011052,Telangana,18.211946,79.123854,2,Standard
ST011053,Telangana,18.177644,79.056414,2,Standard
ST011054,Telangana,18.20876,79.059587,4,Standard
ST011055,Telangana,18.092797,78.99117,2,Standard
ST011056,Telangana,17.983661,79.153614,2,Standard
ST011057,Telangana,17.962293,79.07614,2,Standard
ST011058,Telangana,18.287228,78.933223,2,Standard
ST011059,Telangana,18.163361,78.981447,2,Standard
ST011060,Telangana,18.270407,78.981442,2,Standard
ST011061,Telangana,18.11398,79.016709,2,Standard
ST011062,Telangana,18.26163,78.97517,4,Standard
ST011063,Telangana,18.114237,79.003099,4,Standard
ST011064,Telangana,18.133436,79.210599,2,Standard
ST011065,Telangana,18.032829,79.018961,2,Standard
ST011066,Telangana,18.121754,79.004548,6,Hub
ST011067,Telangana,18.047262,79.056757,4,Standard
ST011068,Telangana,18.076275,79.069119,2,Standard
ST011069,Telangana,18.120984,79.0528,2,Standard
ST011070,Telangana,17.995553,78.87732,4,Standard
ST011071,Telangana,18.052897,79.015987,2,Standard
ST011072,Telangana,18.202101,79.159011,4,Standard
ST011073,Telangana,18.181114,79.006859,2,Standard
ST011074,Telangana,18.081788,79.135638,2,Standard
ST011075,Telangana,18.126834,78.92937,2,Standard
ST011076,Telangana,18.014346,78.914787,2,Standard
ST011077,Telangana,18.144401,79.01121,2,Standard
ST011078,Telangana,18.190821,79.01801,4,Standard
ST011079,Telangana,18.093213,78.906436,2,Standard
ST011080,Telangana,17.973274,79.030981,2,Standard
ST011081,Telangana,18.092398,79.034664,2,Standard
ST011082,Telangana,18.008271,79.026578,2,Standard
ST011083,Telangana,18.168093,79.197944,2,Standard
ST011084,Telangana,18.123945,79.100327,4,Standard
ST011085,Telangana,18.172672,79.107903,2,Standard
ST011086,Telangana,18.077732,79.110807,2,Standard
ST011087,Telangana,18.114108,79.029919,8,Hub
ST011088,Telangana,18.135813,78.893239,2,Standard
ST011089,Telangana,18.107273,79.027296,4,Standard
ST011090,Telangana,18.134949,78.993908,4,Standard
ST011091,Telangana,18.199198,78.978949,2,Standard
ST011092,Telangana,18.032605,79.144364,2,Standard
ST011093,Telangana,18.165429,78.967483,6,Hub
ST011094,Telangana,18.040039,79.066934,2,Standard
ST011095,Telangana,18.234741,78.95435,2,Standard
ST011096,Telangana,18.112947,79.056296,2,Standard
ST011097,Telangana,18.118886,79.071612,2,Standard
ST011098,Telangana,18.128756,79.149982,4,Standard
ST011099,Telangana,18.170211,79.070873,6,Hub
ST011100,Telangana,18.07128,78.978152,4,Standard
ST011101,Telangana,18.127408,79.025825,6,Hub
ST011102,Telangana,18.229886,79.138222,2,Standard
ST011103,Telangana,18.10534,79.008498,2,Standard
ST011104,Telangana,18.069232,79.054526,2,Standard
ST011105,Telangana,18.020159,78.970059,2,Standard
ST011106,Telangana,18.049939,79.026743,4,Standard
ST011107,Telangana,18.208614,79.132383,2,Standard
ST011108,Telangana,18.249935,78.889913,4,Standard
ST011109,Telangana,18.250457,79.07258,2,Standard
ST011110,Telangana,18.084537,78.831939,4,Standard
ST011111,Telangana,18.109682,79.167711,2,Standard
ST011112,Telangana,18.231285,79.061786,2,Standard
ST011113,Telangana,18.021348,79.143229,2,Standard
ST011114,Telangana,18.160066,78.964058,2,Standard
ST011115,Telangana,18.089222,79.015541,2,Standard
ST011116,Telangana,18.049853,79.055286,6,Hub
ST011117,Telangana,18.185379,79.182633,2,Standard
ST011118,Telangana,18.188366,79.121259,2,Standard
ST011119,Telangana,18.253041,78.903164,2,Standard
ST011120,Telangana,18.121854,78.985364,2,Standard
ST011121,Telangana,18.13514,78.968878,2,Standard
ST011122,Telangana,18.237691,78.952859,2,Standard
ST011123,Telangana,18.116138,79.002709,2,Standard
ST011124,Telangana,17.969882,78.937694,4,Standard
ST011125,Telangana,18.116094,79.014924,2,Standard
ST011126,Telangana,18.120442,79.016067,2,Standard
ST011127,Telangana,18.0081,78.927906,2,Standard
ST011128,Telangana,18.1199,79.025297,2,Standard
ST011129,Telangana,18.129141,78.944209,4,Standard
ST011130,Telangana,18.231674,79.11438,2,Standard
ST011131,Telangana,18.180951,78.923897,2,Standard
ST011132,Telangana,18.114011,79.021883,2,Standard
ST011133,Telangana,18.078928,78.914487,4,Standard
ST011134,Telangana,18.017465,78.887247,2,Standard
ST011135,Telangana,18.089593,79.029301,2,Standard
ST011136,Telangana,18.21379,78.979144,2,Standard
ST011137,Telangana,17.972596,78.895586,2,Standard
ST011138,Telangana,18.216409,78.971615,2,Standard
ST011139,Telangana,18.053628,79.209866,8,Hub
ST011140,Telangana,18.077999,78.94521,2,Standard
ST011141,Telangana,18.035042,78.988764,4,Standard
ST011142,Telangana,18.186095,78.957,2,Standard
ST011143,Telangana,18.187299,78.868881,2,Standard
ST011144,Telangana,18.177433,78.890331,6,Hub
ST011145,Telangana,18.15982,78.958069,2,Standard
ST011146,Telangana,18.239022,79.130457,2,Standard
ST011147,Telangana,18.086926,79.019593,4,Standard
ST011148,Telangana,18.136248,79.040409,6,Hub
ST011149,Telangana,18.113269,78.877131,4,Standard
ST011150,Telangana,18.160863,79.181604,4,Standard
ST011151,Telangana,18.081415,79.174841,2,Standard
ST011152,Telangana,17.966452,79.029582,2,Standard
ST011153,Tripura,23.889777,92.035284,2,Standard
ST011154,Tripura,23.944634,91.982271,6,Hub
ST011155,Tripura,24.068806,91.967709,2,Standard
ST011156,Tripura,23.826323,92.039903,2,Standard
ST011157,Tripura,24.014523,92.059859,2,Standard
ST011158,Tripura,23.987648,91.9838,2,Standard
ST011159,Tripura,23.925724,91.902522,2,Standard
ST011160,Tripura,23.917229,91.954681,2,Standard
ST011161,Tripura,23.748147,92.024368,2,Standard
ST011162,Tripura,23.983701,92.108041,2,Standard
ST011163,Tripura,23.8403,91.936517,2,Standard
ST011164,Tripura,23.865505,91.921714,2,Standard
ST011165,Tripura,24.119802,92.007314,2,Standard
ST011166,Tripura,23.956999,91.957362,2,Standard
ST011167,Tripura,23.80901,92.068083,2,Standard
ST011168,Tripura,24.129537,91.964432,2,Standard
ST011169,Tripura,23.96635,91.969479,2,Standard
ST011170,Tripura,24.091727,91.898269,2,Standard
ST011171,Uttar Pradesh,26.790227,81.001306,6,Hub
ST011172,Uttar Pradesh,26.719607,80.97891,4,Standard
ST011173,Uttar Pradesh,26.846388,80.950779,4,Standard
ST011174,Uttar Pradesh,26.902282,81.014454,2,Standard
ST011175,Uttar Pradesh,26.816161,81.096023,2,Standard
ST011176,Uttar Pradesh,26.990486,81.060197,2,Standard
ST011177,Uttar Pradesh,26.99054,80.835099,2,Standard
ST011178,Uttar Pradesh,26.845304,80.924846,2,Standard
ST011179,Uttar Pradesh,26.822379,80.95616,2,Standard
ST011180,Uttar Pradesh,26.913109,80.941057,2,Standard
ST011181,Uttar Pradesh,26.712694,80.866573,2,Standard
ST011182,Uttar Pradesh,26.979399,80.873916,2,Standard
ST011183,Uttar Pradesh,26.804131,80.863294,4,Standard
ST011184,Uttar Pradesh,26.831848,80.93462,2,Standard
ST011185,Uttar Pradesh,26.92779,80.873728,2,Standard
ST011186,Uttar Pradesh,27.024861,80.992105,4,Standard
ST011187,Uttar Pradesh,26.673374,80.957868,2,Standard
ST011188,Uttar Pradesh,26.948218,80.818481,2,Standard
ST011189,Uttar Pradesh,26.892481,80.964795,2,Standard
ST011190,Uttar Pradesh,26.974273,80.819502,2,Standard
ST011191,Uttar Pradesh,26.761728,80.969119,2,Standard
ST011192,Uttar Pradesh,26.934477,81.11885,4,Standard
ST011193,Uttar Pradesh,26.855466,80.983368,2,Standard
ST011194,Uttar Pradesh,26.820864,80.905073,4,Standard
ST011195,Uttar Pradesh,26.848722,80.945381,2,Standard
ST011196,Uttar Pradesh,26.947609,80.949849,2,Standard
ST011197,Uttar Pradesh,26.814119,80.948648,6,Hub
ST011198,Uttar Pradesh,26.764417,80.949035,2,Standard
ST011199,Uttar Pradesh,26.848128,80.945023,4,Standard
ST011200,Uttar Pradesh,26.970193,80.927649,2,Standard
ST011201,Uttar Pradesh,26.852109,80.953829,2,Standard
ST011202,Uttar Pradesh,26.801062,80.935059,2,Standard
ST011203,Uttar Pradesh,26.831209,80.992715,2,Standard
ST011204,Uttar Pradesh,26.781726,80.856567,6,Hub
ST011205,Uttar Pradesh,26.939618,80.995753,2,Standard
ST011206,Uttar Pradesh,26.850856,80.930502,2,Standard
ST011207,Uttar Pradesh,26.935698,80.872329,2,Standard
ST011208,Uttar Pradesh,26.874914,80.937155,2,Standard
ST011209,Uttar Pradesh,26.975449,80.940992,2,Standard
ST011210,Uttar Pradesh,26.752773,80.903794,2,Standard
ST011211,Uttar Pradesh,27.032556,80.974028,8,Hub
ST011212,Uttar Pradesh,26.835377,80.931791,2,Standard
ST011213,Uttar Pradesh,26.856769,80.947533,2,Standard
ST011214,Uttar Pradesh,26.751782,80.868282,2,Standard
ST011215,Uttar Pradesh,26.785347,80.946328,4,Standard
ST011216,Uttar Pradesh,26.745487,80.925741,2,Standard
ST011217,Uttar Pradesh,26.902774,80.953075,2,Standard
ST011218,Uttar Pradesh,27.016772,81.005248,2,Standard
ST011219,Uttar Pradesh,26.815811,80.749386,2,Standard
ST011220,Uttar Pradesh,26.790132,81.112542,2,Standard
ST011221,Uttar Pradesh,26.774418,80.891535,2,Standard
ST011222,Uttar Pradesh,26.872023,81.091691,2,Standard
ST011223,Uttar Pradesh,26.88548,80.919538,2,Standard
ST011224,Uttar Pradesh,26.909611,81.070422,4,Standard
ST011225,Uttar Pradesh,26.995124,80.924575,2,Standard
ST011226,Uttar Pradesh,26.828594,81.028216,4,Standard
ST011227,Uttar Pradesh,26.719351,81.059447,2,Standard
ST011228,Uttar Pradesh,26.86247,80.829465,4,Standard
ST011229,Uttar Pradesh,26.817401,81.131496,2,Standard
ST011230,Uttar Pradesh,26.735909,80.786831,2,Standard
ST011231,Uttar Pradesh,26.702835,80.866972,4,Standard
ST011232,Uttar Pradesh,26.872755,80.883968,2,Standard
ST011233,Uttar Pradesh,26.850977,80.945216,2,Standard
ST011234,Uttar Pradesh,26.869351,80.754422,2,Standard
ST011235,Uttar Pradesh,26.777997,81.056117,4,Standard
ST011236,Uttar Pradesh,26.705891,80.888162,2,Standard
ST011237,Uttar Pradesh,26.927127,80.856323,2,Standard
ST011238,Uttar Pradesh,26.87183,80.889022,2,Standard
ST011239,Uttar Pradesh,26.858254,81.031555,4,Standard
ST011240,Uttar Pradesh,26.830275,80.912545,2,Standard
ST011241,Uttar Pradesh,26.813299,80.874809,4,Standard
ST011242,Uttar Pradesh,26.848781,80.939133,2,Standard
ST011243,Uttar Pradesh,26.782651,80.833114,2,Standard
ST011244,Uttar Pradesh,26.979661,80.894459,2,Standard
ST011245,Uttar Pradesh,26.898594,80.772884,2,Standard
ST011246,Uttar Pradesh,26.820371,80.894486,2,Standard
ST011247,Uttar Pradesh,26.948895,80.837062,2,Standard
ST011248,Uttar Pradesh,26.720312,81.011162,2,Standard
ST011249,Uttar Pradesh,26.978196,80.802031,2,Standard
ST011250,Uttar Pradesh,26.908871,80.92701,2,Standard
ST011251,Uttar Pradesh,26.827391,80.956549,2,Standard
ST011252,Uttar Pradesh,26.849423,81.122663,4,Standard
ST011253,Uttar Pradesh,26.767079,81.041405,2,Standard
ST011254,Uttar Pradesh,26.767921,80.811129,2,Standard
ST011255,Uttar Pradesh,26.871682,81.001809,6,Hub
ST011256,Uttar Pradesh,26.777543,80.969473,2,Standard
ST011257,Uttar Pradesh,27.012726,80.928298,4,Standard
ST011258,Uttar Pradesh,26.672277,80.968584,2,Standard
ST011259,Uttar Pradesh,26.756205,81.074698,2,Standard
ST011260,Uttar Pradesh,26.872132,81.098556,2,Standard
ST011261,Uttar Pradesh,26.826,80.952009,2,Standard
ST011262,Uttar Pradesh,26.834982,81.025797,2,Standard
ST011263,Uttar Pradesh,26.846635,80.931604,2,Standard
ST011264,Uttar Pradesh,26.769624,80.825509,4,Standard
ST011265,Uttar Pradesh,26.760337,80.820955,2,Standard
ST011266,Uttar Pradesh,26.897915,81.051863,2,Standard
ST011267,Uttar Pradesh,26.960599,80.902049,2,Standard
ST011268,Uttar Pradesh,26.734005,80.851366,4,Standard
ST011269,Uttar Pradesh,26.776751,81.067583,2,Standard
ST011270,Uttar Pradesh,26.848584,80.945105,2,Standard
ST011271,Uttar Pradesh,26.876654,80.914348,4,Standard
ST011272,Uttar Pradesh,26.682726,80.992809,6,Hub
ST011273,Uttar Pradesh,26.926597,80.786708,2,Standard
ST011274,Uttar Pradesh,26.929937,80.913496,6,Hub
ST011275,Uttar Pradesh,26.803359,80.881235,2,Standard
ST011276,Uttar Pradesh,26.795649,81.015804,6,Hub
ST011277,Uttar Pradesh,26.842338,80.846007,2,Standard
ST011278,Uttar Pradesh,26.905083,80.809067,4,Standard
ST011279,Uttar Pradesh,26.971706,80.962374,4,Standard
ST011280,Uttar Pradesh,26.762531,80.981641,2,Standard
ST011281,Uttar Pradesh,26.892317,80.84663,2,Standard
ST011282,Uttar Pradesh,26.954004,80.852341,2,Standard
ST011283,Uttar Pradesh,26.704033,80.897014,2,Standard
ST011284,Uttar Pradesh,26.85196,80.947493,2,Standard
ST011285,Uttar Pradesh,26.922484,80.989964,6,Hub
ST011286,Uttar Pradesh,26.864671,81.14223,2,Standard
ST011287,Uttar Pradesh,26.718866,80.91141,2,Standard
ST011288,Uttar Pradesh,26.835109,81.009507,2,Standard
ST011289,Uttar Pradesh,26.775214,81.066279,2,Standard
ST011290,Uttar Pradesh,26.744573,80.963227,2,Standard
ST011291,Uttar Pradesh,26.717921,80.862183,2,Standard
ST011292,Uttar Pradesh,26.977693,81.029759,4,Standard
ST011293,Uttar Pradesh,26.723305,80.894419,4,Standard
ST011294,Uttar Pradesh,26.808364,81.018548,4,Standard
ST011295,Uttar Pradesh,26.869824,81.14069,4,Standard
ST011296,Uttar Pradesh,26.64752,80.949951,2,Standard
ST011297,Uttar Pradesh,26.80284,80.949019,2,Standard
ST011298,Uttar Pradesh,26.83879,80.945829,2,Standard
ST011299,Uttar Pradesh,26.981968,80.853986,2,Standard
ST011300,Uttar Pradesh,26.828242,80.825639,2,Standard
ST011301,Uttar Pradesh,26.671912,80.850347,2,Standard
ST011302,Uttar Pradesh,26.81941,81.09973,2,Standard
ST011303,Uttar Pradesh,26.676502,80.850667,2,Standard
ST011304,Uttar Pradesh,26.940484,80.769886,2,Standard
ST011305,Uttar Pradesh,26.811931,80.924645,2,Standard
ST011306,Uttar Pradesh,26.704516,80.942906,2,Standard
ST011307,Uttar Pradesh,26.846716,80.946099,2,Standard
ST011308,Uttar Pradesh,26.799677,80.944714,4,Standard
ST011309,Uttar Pradesh,26.868312,80.924564,2,Standard
ST011310,Uttar Pradesh,26.820033,80.900152,2,Standard
ST011311,Uttar Pradesh,26.72997,81.093713,2,Standard
ST011312,Uttar Pradesh,26.84784,80.965166,6,Hub
ST011313,Uttar Pradesh,26.93821,80.98876,2,Standard
ST011314,Uttar Pradesh,26.80552,80.895317,2,Standard
ST011315,Uttar Pradesh,26.842225,80.934843,2,Standard
ST011316,Uttar Pradesh,26.948678,80.818639,2,Standard
ST011317,Uttar Pradesh,27.033224,80.929155,2,Standard
ST011318,Uttar Pradesh,26.797283,81.008928,4,Standard
ST011319,Uttar Pradesh,26.84602,80.919392,2,Standard
ST011320,Uttar Pradesh,26.837419,80.968016,2,Standard
ST011321,Uttar Pradesh,26.740705,80.977076,2,Standard
ST011322,Uttar Pradesh,26.847987,80.951369,2,Standard
ST011323,Uttar Pradesh,26.845934,80.942273,4,Standard
ST011324,Uttar Pradesh,26.890404,80.938828,4,Standard
ST011325,Uttar Pradesh,26.801923,80.871666,2,Standard
ST011326,Uttar Pradesh,26.934576,80.980784,2,Standard
ST011327,Uttar Pradesh,26.67671,80.928232,4,Standard
ST011328,Uttar Pradesh,26.844945,80.930437,2,Standard
ST011329,Uttar Pradesh,26.86253,81.006535,2,Standard
ST011330,Uttar Pradesh,26.914708,81.007234,4,Standard
ST011331,Uttar Pradesh,26.949123,80.936069,2,Standard
ST011332,Uttar Pradesh,26.839736,80.80979,2,Standard
ST011333,Uttar Pradesh,26.87204,80.911281,2,Standard
ST011334,Uttar Pradesh,26.850937,80.76998,4,Standard
ST011335,Uttar Pradesh,26.879537,81.007295,2,Standard
ST011336,Uttar Pradesh,27.00011,80.917037,2,Standard
ST011337,Uttar Pradesh,26.823765,81.056632,4,Standard
ST011338,Uttar Pradesh,26.765886,81.001623,4,Standard
ST011339,Uttar Pradesh,26.812413,80.990307,2,Standard
ST011340,Uttar Pradesh,26.775803,80.807568,2,Standard
ST011341,Uttar Pradesh,26.868523,80.92409,2,Standard
ST011342,Uttar Pradesh,26.869222,80.900487,2,Standard
ST011343,Uttar Pradesh,26.684877,81.025682,2,Standard
ST011344,Uttar Pradesh,26.808887,80.957314,4,Standard
ST011345,Uttar Pradesh,26.897453,81.026029,2,Standard
ST011346,Uttar Pradesh,26.862563,80.747391,2,Standard
ST011347,Uttar Pradesh,26.887549,80.775621,2,Standard
ST011348,Uttar Pradesh,26.844261,80.76713,2,Standard
ST011349,Uttar Pradesh,27.011723,81.03198,2,Standard
ST011350,Uttar Pradesh,26.700064,81.057882,4,Standard
ST011351,Uttar Pradesh,26.973857,81.011729,2,Standard
ST011352,Uttar Pradesh,26.828796,80.747623,2,Standard
ST011353,Uttar Pradesh,26.855744,80.870222,2,Standard
ST011354,Uttar Pradesh,26.778082,80.920395,2,Standard
ST011355,Uttar Pradesh,26.863236,80.993069,2,Standard
ST011356,Uttar Pradesh,26.865904,81.05427,2,Standard
ST011357,Uttar Pradesh,26.998424,80.844698,2,Standard
ST011358,Uttar Pradesh,26.861743,80.951591,2,Standard
ST011359,Uttar Pradesh,26.848264,80.997188,2,Standard
ST011360,Uttar Pradesh,26.910988,80.989825,2,Standard
ST011361,Uttar Pradesh,26.748193,80.885643,2,Standard
ST011362,Uttar Pradesh,26.781472,80.927945,2,Standard
ST011363,Uttar Pradesh,26.802037,80.787051,2,Standard
ST011364,Uttar Pradesh,26.836971,80.960271,4,Standard
ST011365,Uttar Pradesh,26.838815,80.972518,2,Standard
ST011366,Uttar Pradesh,26.816167,80.952551,2,Standard
ST011367,Uttar Pradesh,26.803698,80.956425,2,Standard
ST011368,Uttar Pradesh,26.84631,80.9407,2,Standard
ST011369,Uttar Pradesh,26.814788,80.934768,4,Standard
ST011370,Uttar Pradesh,27.020537,80.947283,2,Standard
ST011371,Uttar Pradesh,26.837334,80.928768,2,Standard
ST011372,Uttar Pradesh,26.783817,80.841271,2,Standard
ST011373,Uttar Pradesh,26.764021,80.960172,2,Standard
ST011374,Uttar Pradesh,26.883896,80.914257,2,Standard
ST011375,Uttar Pradesh,26.793862,80.985453,2,Standard
ST011376,Uttar Pradesh,26.871044,80.764531,2,Standard
ST011377,Uttar Pradesh,26.940299,80.817,4,Standard
ST011378,Uttar Pradesh,26.985649,80.934641,2,Standard
ST011379,Uttar Pradesh,26.848001,80.749644,2,Standard
ST011380,Uttar Pradesh,26.973387,80.951768,2,Standard
ST011381,Uttar Pradesh,26.83399,80.763075,4,Standard
ST011382,Uttar Pradesh,26.972201,80.833926,2,Standard
ST011383,Uttar Pradesh,26.948002,80.910297,2,Standard
ST011384,Uttar Pradesh,26.848909,80.946296,2,Standard
ST011385,Uttar Pradesh,26.763047,80.922102,2,Standard
ST011386,Uttar Pradesh,26.770347,80.97035,2,Standard
ST011387,Uttar Pradesh,26.909148,80.910698,2,Standard
ST011388,Uttar Pradesh,26.958471,80.804377,2,Standard
ST011389,Uttar Pradesh,26.757313,80.94648,4,Standard
ST011390,Uttar Pradesh,26.856497,80.804945,2,Standard
ST011391,Uttar Pradesh,26.836985,80.964263,2,Standard
ST011392,Uttar Pradesh,26.844258,80.972292,2,Standard
ST011393,Uttar Pradesh,26.832175,80.99651,2,Standard
ST011394,Uttar Pradesh,26.722914,80.800875,2,Standard
ST011395,Uttar Pradesh,26.773892,80.775771,2,Standard
ST011396,Uttar Pradesh,26.877681,80.803959,2,Standard
ST011397,Uttar Pradesh,26.790983,80.979596,2,Standard
ST011398,Uttar Pradesh,26.94968,80.797255,2,Standard
ST011399,Uttar Pradesh,26.84497,80.94674,2,Standard
ST011400,Uttar Pradesh,26.861755,80.89121,2,Standard
ST011401,Uttar Pradesh,27.007387,80.956196,2,Standard
ST011402,Uttar Pradesh,26.710477,80.931235,2,Standard
ST011403,Uttar Pradesh,26.939755,80.890923,2,Standard
ST011404,Uttar Pradesh,26.788579,80.945033,2,Standard
ST011405,Uttar Pradesh,26.792554,81.096024,2,Standard
ST011406,Uttar Pradesh,26.815658,80.956496,4,Standard
ST011407,Uttar Pradesh,26.925086,80.999132,4,Standard
ST011408,Uttar Pradesh,26.719164,80.974746,8,Hub
ST011409,Uttar Pradesh,26.818478,80.951388,2,Standard
ST011410,Uttar Pradesh,26.66556,80.937312,2,Standard
ST011411,Uttar Pradesh,26.921026,81.062416,2,Standard
ST011412,Uttar Pradesh,26.722272,80.862936,2,Standard
ST011413,Uttar Pradesh,26.956817,81.098971,2,Standard
ST011414,Uttar Pradesh,26.723909,80.82948,2,Standard
ST011415,Uttar Pradesh,26.849853,81.094049,2,Standard
ST011416,Uttar Pradesh,26.8621,80.868219,2,Standard
ST011417,Uttar Pradesh,26.74859,81.033849,6,Hub
ST011418,Uttar Pradesh,26.969205,81.027675,2,Standard
ST011419,Uttar Pradesh,26.883443,80.956348,2,Standard
ST011420,Uttar Pradesh,26.836599,80.929328,2,Standard
ST011421,Uttar Pradesh,27.017668,80.915632,4,Standard
ST011422,Uttar Pradesh,26.731819,80.829424,2,Standard
ST011423,Uttar Pradesh,26.886178,80.912517,2,Standard
ST011424,Uttar Pradesh,26.869483,80.914597,2,Standard
ST011425,Uttar Pradesh,26.751194,81.004033,2,Standard
ST011426,Uttar Pradesh,26.845344,80.940326,2,Standard
ST011427,Uttar Pradesh,26.816056,81.063983,8,Hub
ST011428,Uttar Pradesh,26.749884,81.067251,2,Standard
ST011429,Uttar Pradesh,26.81954,80.907989,2,Standard
ST011430,Uttar Pradesh,26.923228,81.046057,4,Standard
ST011431,Uttar Pradesh,26.814532,80.956548,2,Standard
ST011432,Uttar Pradesh,26.818719,80.999964,2,Standard
ST011433,Uttar Pradesh,26.931793,81.014929,2,Standard
ST011434,Uttar Pradesh,26.856558,80.83153,4,Standard
ST011435,Uttar Pradesh,26.858467,80.923562,2,Standard
ST011436,Uttar Pradesh,26.734656,80.994175,2,Standard
ST011437,Uttar Pradesh,26.784305,80.821815,2,Standard
ST011438,Uttar Pradesh,26.829531,80.81705,4,Standard
ST011439,Uttar Pradesh,26.962093,81.023805,2,Standard
ST011440,Uttar Pradesh,26.815349,80.749993,2,Standard
ST011441,Uttar Pradesh,26.798842,80.81744,2,Standard
ST011442,Uttar Pradesh,26.673867,80.930067,2,Standard
ST011443,Uttar Pradesh,27.002478,80.943102,4,Standard
ST011444,Uttar Pradesh,26.834692,80.935945,2,Standard
ST011445,Uttar Pradesh,26.826062,80.805999,4,Standard
ST011446,Uttar Pradesh,26.850685,80.92161,2,Standard
ST011447,Uttar Pradesh,26.813067,80.897549,2,Standard
ST011448,Uttar Pradesh,26.8498,80.898225,4,Standard
ST011449,Uttar Pradesh,26.822922,80.892205,2,Standard
ST011450,Uttar Pradesh,26.973169,80.953355,2,Standard
ST011451,Uttar Pradesh,26.946551,81.032319,6,Hub
ST011452,Uttar Pradesh,27.019757,80.858856,2,Standard
ST011453,Uttar Pradesh,26.860997,81.107418,2,Standard
ST011454,Uttar Pradesh,26.737619,81.089498,4,Standard
ST011455,Uttar Pradesh,26.85015,80.931824,2,Standard
ST011456,Uttar Pradesh,26.790398,80.983368,2,Standard
ST011457,Uttar Pradesh,26.864691,80.866139,2,Standard
ST011458,Uttar Pradesh,26.798563,80.835747,2,Standard
ST011459,Uttar Pradesh,27.032064,80.917603,2,Standard
ST011460,Uttar Pradesh,26.716662,81.009703,2,Standard
ST011461,Uttar Pradesh,26.932773,80.788367,2,Standard
ST011462,Uttar Pradesh,26.901664,80.971281,4,Standard
ST011463,Uttar Pradesh,26.809591,81.024766,2,Standard
ST011464,Uttar Pradesh,26.894911,81.032944,2,Standard
ST011465,Uttar Pradesh,26.795107,80.861153,4,Standard
ST011466,Uttar Pradesh,26.839993,80.934729,2,Standard
ST011467,Uttar Pradesh,26.980326,80.814222,2,Standard
ST011468,Uttar Pradesh,26.716623,80.827229,2,Standard
ST011469,Uttar Pradesh,26.954817,81.06345,2,Standard
ST011470,Uttar Pradesh,26.906483,81.001741,2,Standard
ST011471,Uttar Pradesh,26.794305,81.050945,2,Standard
ST011472,Uttar Pradesh,26.80616,81.067044,2,Standard
ST011473,Uttar Pradesh,26.730926,81.073615,2,Standard
ST011474,Uttar Pradesh,26.817998,80.914101,6,Hub
ST011475,Uttar Pradesh,26.759392,81.091466,4,Standard
ST011476,Uttar Pradesh,26.765663,81.016316,2,Standard
ST011477,Uttar Pradesh,26.805439,80.890196,2,Standard
ST011478,Uttar Pradesh,26.820768,81.037645,2,Standard
ST011479,Uttar Pradesh,26.859141,81.001664,2,Standard
ST011480,Uttar Pradesh,26.902928,80.969316,6,Hub
ST011481,Uttar Pradesh,26.764025,81.119894,2,Standard
ST011482,Uttar Pradesh,26.713595,80.862047,2,Standard
ST011483,Uttar Pradesh,26.867147,80.952193,4,Standard
ST011484,Uttar Pradesh,26.895895,80.831603,2,Standard
ST011485,Uttar Pradesh,26.876038,81.021656,2,Standard
ST011486,Uttar Pradesh,26.682934,80.905605,2,Standard
ST011487,Uttar Pradesh,26.95755,80.990421,4,Standard
ST011488,Uttar Pradesh,26.806481,80.754802,2,Standard
ST011489,Uttar Pradesh,26.866117,80.894479,2,Standard
ST011490,Uttar Pradesh,26.808345,80.798441,2,Standard
ST011491,Uttar Pradesh,26.825871,80.783499,6,Hub
ST011492,Uttar Pradesh,26.862893,80.935005,2,Standard
ST011493,Uttar Pradesh,26.972701,81.043637,2,Standard
ST011494,Uttar Pradesh,26.846525,80.957907,2,Standard
ST011495,Uttar Pradesh,26.713301,81.041555,4,Standard
ST011496,Uttar Pradesh,26.940774,81.042142,2,Standard
ST011497,Uttar Pradesh,26.868642,80.946699,2,Standard
ST011498,Uttar Pradesh,26.8368,80.959674,2,Standard
ST011499,Uttar Pradesh,26.944644,80.803821,2,Standard
ST011500,Uttar Pradesh,26.848397,80.897734,2,Standard
ST011501,Uttar Pradesh,26.810255,80.940838,2,Standard
ST011502,Uttar Pradesh,26.826548,81.047414,4,Standard
ST011503,Uttar Pradesh,26.84492,80.927353,2,Standard
ST011504,Uttar Pradesh,26.793102,81.123604,2,Standard
ST011505,Uttar Pradesh,26.67724,81.027085,4,Standard
ST011506,Uttar Pradesh,26.951878,80.940511,4,Standard
ST011507,Uttar Pradesh,26.809254,81.099858,2,Standard
ST011508,Uttar Pradesh,26.873895,80.988645,2,Standard
ST011509,Uttar Pradesh,26.865556,80.861545,2,Standard
ST011510,Uttar Pradesh,26.885743,81.070435,2,Standard
ST011511,Uttar Pradesh,26.843996,80.921332,2,Standard
ST011512,Uttar Pradesh,26.839234,80.989821,2,Standard
ST011513,Uttar Pradesh,26.73549,81.050824,4,Standard
ST011514,Uttar Pradesh,26.816746,80.817125,2,Standard
ST011515,Uttar Pradesh,26.875106,80.947322,2,Standard
ST011516,Uttar Pradesh,26.855783,80.999827,2,Standard
ST011517,Uttar Pradesh,26.896414,81.011491,2,Standard
ST011518,Uttar Pradesh,26.980278,81.014452,2,Standard
ST011519,Uttar Pradesh,26.873667,80.834557,2,Standard
ST011520,Uttar Pradesh,26.997181,81.041307,2,Standard
ST011521,Uttar Pradesh,26.886233,80.937529,2,Standard
ST011522,Uttar Pradesh,26.799355,80.784605,4,Standard
ST011523,Uttar Pradesh,26.784051,80.93018,2,Standard
ST011524,Uttar Pradesh,26.745175,80.959961,4,Standard
ST011525,Uttar Pradesh,26.695812,81.054906,2,Standard
ST011526,Uttar Pradesh,26.844846,80.897975,4,Standard
ST011527,Uttar Pradesh,26.728389,80.875671,2,Standard
ST011528,Uttar Pradesh,26.89234,81.001479,4,Standard
ST011529,Uttar Pradesh,26.940739,80.882764,2,Standard
ST011530,Uttar Pradesh,26.851756,80.970231,2,Standard
ST011531,Uttar Pradesh,26.73788,80.933683,2,Standard
ST011532,Uttar Pradesh,26.782918,81.054961,2,Standard
ST011533,Uttar Pradesh,26.873067,80.958342,2,Standard
ST011534,Uttar Pradesh,26.834856,80.942656,6,Hub
ST011535,Uttar Pradesh,26.867535,80.926857,2,Standard
ST011536,Uttar Pradesh,26.810707,80.87673,2,Standard
ST011537,Uttar Pradesh,26.723058,81.036283,2,Standard
ST011538,Uttar Pradesh,26.70157,80.94669,2,Standard
ST011539,Uttar Pradesh,26.728182,80.942333,2,Standard
ST011540,Uttar Pradesh,26.854871,80.825013,2,Standard
ST011541,Uttar Pradesh,26.728704,80.841359,4,Standard
ST011542,Uttar Pradesh,26.918221,80.922507,2,Standard
ST011543,Uttar Pradesh,26.831432,80.938163,4,Standard
ST011544,Uttar Pradesh,26.794649,81.010091,2,Standard
ST011545,Uttar Pradesh,26.899099,80.857898,4,Standard
ST011546,Uttar Pradesh,26.846249,80.942425,2,Standard
ST011547,Uttar Pradesh,26.670904,80.986084,2,Standard
ST011548,Uttar Pradesh,26.847713,80.952423,2,Standard
ST011549,Uttar Pradesh,26.717967,81.003443,2,Standard
ST011550,Uttar Pradesh,26.758444,80.972164,2,Standard
ST011551,Uttar Pradesh,26.822135,80.901646,2,Standard
ST011552,Uttar Pradesh,26.847064,80.915579,2,Standard
ST011553,Uttar Pradesh,26.742652,81.026125,2,Standard
ST011554,Uttar Pradesh,26.921539,80.806701,2,Standard
ST011555,Uttar Pradesh,26.83399,80.875514,2,Standard
ST011556,Uttar Pradesh,26.87788,80.976341,8,Hub
ST011557,Uttar Pradesh,26.959958,80.817463,2,Standard
ST011558,Uttar Pradesh,26.861199,80.941646,2,Standard
ST011559,Uttar Pradesh,26.720418,80.916462,2,Standard
ST011560,Uttar Pradesh,26.815191,80.821342,2,Standard
ST011561,Uttar Pradesh,26.855716,80.874873,6,Hub
ST011562,Uttar Pradesh,26.864253,80.98316,6,Hub
ST011563,Uttar Pradesh,26.916566,80.951468,6,Hub
ST011564,Uttar Pradesh,26.900608,80.981245,4,Standard
ST011565,Uttar Pradesh,26.722779,80.817176,8,Hub
ST011566,Uttar Pradesh,26.873672,80.903465,2,Standard
ST011567,Uttar Pradesh,26.872403,80.975018,6,Hub
ST011568,Uttar Pradesh,26.954774,80.926277,4,Standard
ST011569,Uttar Pradesh,26.915894,81.099453,2,Standard
ST011570,Uttar Pradesh,26.704463,81.056257,2,Standard
ST011571,Uttar Pradesh,26.841428,81.024667,2,Standard
ST011572,Uttar Pradesh,26.668263,80.940651,4,Standard
ST011573,Uttar Pradesh,26.924678,80.861851,2,Standard
ST011574,Uttar Pradesh,26.860931,81.025606,2,Standard
ST011575,Uttar Pradesh,26.966833,80.927662,2,Standard
ST011576,Uttar Pradesh,26.864168,80.857939,2,Standard
ST011577,Uttar Pradesh,26.762638,80.929063,4,Standard
ST011578,Uttar Pradesh,26.797057,80.783302,4,Standard
ST011579,Uttar Pradesh,26.750629,80.941752,6,Hub
ST011580,Uttar Pradesh,26.827668,80.976071,2,Standard
ST011581,Uttar Pradesh,26.905366,80.922651,4,Standard
ST011582,Uttar Pradesh,26.891502,80.810326,2,Standard
ST011583,Uttar Pradesh,26.894338,80.765004,2,Standard
ST011584,Uttar Pradesh,26.718417,80.820517,2,Standard
ST011585,Uttar Pradesh,26.908667,81.055153,2,Standard
ST011586,Uttar Pradesh,26.854279,80.892403,8,Hub
ST011587,Uttar Pradesh,26.83766,80.790767,2,Standard
ST011588,Uttar Pradesh,26.877255,80.89159,4,Standard
ST011589,Uttar Pradesh,26.821348,80.890882,2,Standard
ST011590,Uttar Pradesh,26.840329,80.853825,2,Standard
ST011591,Uttar Pradesh,26.778669,80.898359,2,Standard
ST011592,Uttar Pradesh,26.865403,80.976498,2,Standard
ST011593,Uttar Pradesh,26.955921,81.00409,6,Hub
ST011594,Uttar Pradesh,26.849121,80.942808,2,Standard
ST011595,Uttar Pradesh,26.930383,80.983189,2,Standard
ST011596,Uttar Pradesh,26.844269,80.914752,4,Standard
ST011597,Uttar Pradesh,26.840407,80.992173,2,Standard
ST011598,Uttar Pradesh,26.810453,80.972867,2,Standard
ST011599,Uttar Pradesh,26.759141,81.062667,2,Standard
ST011600,Uttar Pradesh,26.834256,80.935771,2,Standard
ST011601,Uttar Pradesh,26.784845,80.87355,8,Hub
ST011602,Uttar Pradesh,26.899739,80.923076,2,Standard
ST011603,Uttar Pradesh,26.824892,80.801664,2,Standard
ST011604,Uttar Pradesh,26.878875,81.123956,2,Standard
ST011605,Uttar Pradesh,26.711132,80.953718,2,Standard
ST011606,Uttar Pradesh,26.878083,80.98711,2,Standard
ST011607,Uttar Pradesh,26.792007,80.913339,2,Standard
ST011608,Uttar Pradesh,26.771899,80.946344,2,Standard
ST011609,Uttar Pradesh,26.784858,80.870914,2,Standard
ST011610,Uttar Pradesh,26.976582,80.949963,2,Standard
ST011611,Uttar Pradesh,26.78638,80.978322,2,Standard
ST011612,Uttar Pradesh,26.883285,80.970777,2,Standard
ST011613,Uttar Pradesh,26.877389,81.130739,4,Standard
ST011614,Uttar Pradesh,26.839032,80.949662,2,Standard
ST011615,Uttar Pradesh,26.856866,80.958304,2,Standard
ST011616,Uttar Pradesh,26.815045,80.926425,2,Standard
ST011617,Uttar Pradesh,26.772691,80.946871,6,Hub
ST011618,Uttar Pradesh,26.867986,80.88574,4,Standard
ST011619,Uttar Pradesh,26.707374,80.983596,2,Standard
ST011620,Uttar Pradesh,26.701765,81.01071,2,Standard
ST011621,Uttar Pradesh,26.803442,80.876414,2,Standard
ST011622,Uttar Pradesh,26.65332,80.941361,4,Standard
ST011623,Uttar Pradesh,26.751268,80.792403,2,Standard
ST011624,Uttar Pradesh,26.888531,81.033325,2,Standard
ST011625,Uttar Pradesh,26.900885,80.91117,2,Standard
ST011626,Uttar Pradesh,26.865716,80.942282,2,Standard
ST011627,Uttar Pradesh,26.919605,80.895079,2,Standard
ST011628,Uttar Pradesh,27.004057,81.02482,2,Standard
ST011629,Uttar Pradesh,26.846646,80.95065,2,Standard
ST011630,Uttar Pradesh,26.933374,81.045523,2,Standard
ST011631,Uttar Pradesh,26.868776,80.943102,2,Standard
ST011632,Uttar Pradesh,26.8116,80.954756,2,Standard
ST011633,Uttar Pradesh,26.845964,80.9226,2,Standard
ST011634,Uttar Pradesh,26.849205,80.985401,4,Standard
ST011635,Uttar Pradesh,26.681486,80.889612,2,Standard
ST011636,Uttar Pradesh,26.83508,80.945389,2,Standard
ST011637,Uttar Pradesh,26.699681,80.884338,4,Standard
ST011638,Uttar Pradesh,26.85651,80.956935,2,Standard
ST011639,Uttar Pradesh,26.903536,81.084169,2,Standard
ST011640,Uttar Pradesh,26.756029,80.887306,2,Standard
ST011641,Uttar Pradesh,26.846917,81.012647,2,Standard
ST011642,Uttar Pradesh,26.893724,80.935963,2,Standard
ST011643,Uttar Pradesh,26.941332,80.878929,2,Standard
ST011644,Uttar Pradesh,26.913492,81.011577,4,Standard
ST011645,Uttar Pradesh,26.926077,80.919606,2,Standard
ST011646,Uttar Pradesh,26.880224,80.907388,2,Standard
ST011647,Uttar Pradesh,26.694411,80.873457,4,Standard
ST011648,Uttar Pradesh,26.932048,80.899759,2,Standard
ST011649,Uttar Pradesh,26.846319,80.945741,2,Standard
ST011650,Uttar Pradesh,26.845571,81.001931,2,Standard
ST011651,Uttar Pradesh,26.893262,80.977203,2,Standard
ST011652,Uttar Pradesh,26.76297,81.120927,2,Standard
ST011653,Uttar Pradesh,26.805,80.871901,2,Standard
ST011654,Uttar Pradesh,26.87726,80.943902,2,Standard
ST011655,Uttar Pradesh,26.71875,80.9656,2,Standard
ST011656,Uttar Pradesh,26.981444,80.995267,2,Standard
ST011657,Uttar Pradesh,26.869412,80.962672,2,Standard
ST011658,Uttar Pradesh,26.946551,81.102863,2,Standard
ST011659,Uttar Pradesh,26.793309,80.82648,2,Standard
ST011660,Uttar Pradesh,26.791663,80.926192,2,Standard
ST011661,Uttar Pradesh,26.787218,80.889713,8,Hub
ST011662,Uttar Pradesh,26.930947,81.055398,4,Standard
ST011663,Uttar Pradesh,26.872877,80.97393,4,Standard
ST011664,Uttar Pradesh,26.90118,80.825942,2,Standard
ST011665,Uttar Pradesh,26.789825,80.884873,2,Standard
ST011666,Uttar Pradesh,26.73694,81.029933,2,Standard
ST011667,Uttar Pradesh,26.840296,80.844358,6,Hub
ST011668,Uttar Pradesh,27.034288,80.909522,2,Standard
ST011669,Uttar Pradesh,26.706799,81.032017,2,Standard
ST011670,Uttar Pradesh,26.748108,80.918716,2,Standard
ST011671,Uttar Pradesh,26.954717,80.985061,2,Standard
ST011672,Uttar Pradesh,26.97326,80.854949,2,Standard
ST011673,Uttar Pradesh,26.853936,80.915043,2,Standard
ST011674,Uttar Pradesh,26.817321,80.982425,2,Standard
ST011675,Uttar Pradesh,26.800056,81.052308,4,Standard
ST011676,Uttar Pradesh,26.772655,81.030418,6,Hub
ST011677,Uttar Pradesh,26.793603,80.967803,4,Standard
ST011678,Uttar Pradesh,26.99397,81.046831,4,Standard
ST011679,Uttar Pradesh,26.84703,80.946224,2,Standard
ST011680,Uttar Pradesh,26.939209,80.769601,6,Hub
ST011681,Uttar Pradesh,26.846262,80.943177,2,Standard
ST011682,Uttar Pradesh,26.875065,81.138484,4,Standard
ST011683,Uttar Pradesh,26.887505,80.840439,2,Standard
ST011684,Uttar Pradesh,26.846937,80.949064,2,Standard
ST011685,Uttar Pradesh,26.968046,80.962197,2,Standard
ST011686,Uttar Pradesh,27.043559,80.973375,2,Standard
ST011687,Uttar Pradesh,26.904473,81.076071,6,Hub
ST011688,Uttar Pradesh,26.907382,81.035563,4,Standard
ST011689,Uttar Pradesh,26.980802,81.020595,2,Standard
ST011690,Uttar Pradesh,26.831862,80.937435,2,Standard
ST011691,Uttar Pradesh,26.910217,80.857123,2,Standard
ST011692,Uttar Pradesh,27.008224,80.859494,2,Standard
ST011693,Uttar Pradesh,26.860357,80.938749,4,Standard
ST011694,Uttar Pradesh,26.989885,81.08229,2,Standard
ST011695,Uttar Pradesh,26.799202,80.949908,2,Standard
ST011696,Uttar Pradesh,26.853214,80.893746,6,Hub
ST011697,Uttar Pradesh,26.822809,80.780456,2,Standard
ST011698,Uttar Pradesh,26.858409,80.892656,2,Standard
ST011699,Uttar Pradesh,26.779344,80.994098,4,Standard
ST011700,Uttar Pradesh,26.813276,80.948035,4,Standard
ST011701,Uttar Pradesh,26.749065,80.976257,8,Hub
ST011702,Uttar Pradesh,26.685964,80.913745,2,Standard
ST011703,Uttar Pradesh,26.800817,80.941183,2,Standard
ST011704,Uttar Pradesh,26.763919,80.809907,2,Standard
ST011705,Uttar Pradesh,26.79221,81.063194,2,Standard
ST011706,Uttar Pradesh,26.887953,81.000741,2,Standard
ST011707,Uttar Pradesh,27.000111,80.84779,2,Standard
ST011708,Uttar Pradesh,26.72167,80.882173,2,Standard
ST011709,Uttar Pradesh,26.963261,80.793995,4,Standard
ST011710,Uttar Pradesh,26.734612,80.953332,6,Hub
ST011711,Uttar Pradesh,26.834279,80.953478,2,Standard
ST011712,Uttar Pradesh,26.706813,81.019925,2,Standard
ST011713,Uttar Pradesh,26.907036,80.778232,4,Standard
ST011714,Uttar Pradesh,26.946666,80.979703,2,Standard
ST011715,Uttar Pradesh,26.878045,80.971288,4,Standard
ST011716,Uttar Pradesh,26.927162,80.887908,4,Standard
ST011717,Uttar Pradesh,26.847391,80.933342,2,Standard
ST011718,Uttar Pradesh,26.729851,81.013507,2,Standard
ST011719,Uttar Pradesh,26.890281,80.994646,2,Standard
ST011720,Uttar Pradesh,26.966401,80.997596,2,Standard
ST011721,Uttar Pradesh,27.00935,80.916116,2,Standard
ST011722,Uttar Pradesh,27.013676,80.919348,4,Standard
ST011723,Uttar Pradesh,26.917563,80.855075,4,Standard
ST011724,Uttar Pradesh,26.765983,80.936902,2,Standard
ST011725,Uttar Pradesh,26.861809,80.913069,6,Hub
ST011726,Uttar Pradesh,27.024571,81.011788,2,Standard
ST011727,Uttar Pradesh,27.042011,80.950837,4,Standard
ST011728,Uttar Pradesh,26.837996,80.881079,2,Standard
ST011729,Uttar Pradesh,26.794026,80.791338,2,Standard
ST011730,Uttar Pradesh,26.851192,81.100314,2,Standard
ST011731,Uttar Pradesh,26.863407,80.899211,2,Standard
ST011732,Uttar Pradesh,26.886116,80.95683,2,Standard
ST011733,Uttar Pradesh,26.850682,80.958626,4,Standard
ST011734,Uttar Pradesh,26.835287,80.871067,2,Standard
ST011735,Uttar Pradesh,26.884402,80.912702,6,Hub
ST011736,Uttar Pradesh,26.724375,80.983217,2,Standard
ST011737,Uttar Pradesh,26.922033,80.873165,2,Standard
ST011738,Uttar Pradesh,26.725227,81.069946,2,Standard
ST011739,Uttar Pradesh,26.84083,80.96096,8,Hub
ST011740,Uttar Pradesh,26.69895,80.999349,2,Standard
ST011741,Uttar Pradesh,26.961692,80.968721,2,Standard
ST011742,Uttar Pradesh,26.692754,80.842334,6,Hub
ST011743,Uttar Pradesh,26.834034,81.00051,2,Standard
ST011744,Uttar Pradesh,26.78025,80.972276,2,Standard
ST011745,Uttar Pradesh,26.835702,80.818322,2,Standard
ST011746,Uttar Pradesh,26.855888,80.782449,2,Standard
ST011747,Uttar Pradesh,26.922991,80.906101,2,Standard
ST011748,Uttar Pradesh,26.889633,80.942059,4,Standard
ST011749,Uttar Pradesh,26.822986,80.842064,4,Standard
ST011750,Uttar Pradesh,26.885612,80.859147,2,Standard
ST011751,Uttar Pradesh,26.88607,80.76438,2,Standard
ST011752,Uttar Pradesh,26.829468,80.791941,2,Standard
ST011753,Uttarakhand,30.104194,79.036092,2,Standard
ST011754,Uttarakhand,30.203634,78.997014,2,Standard
ST011755,Uttarakhand,29.998808,78.991661,2,Standard
ST011756,Uttarakhand,30.137774,79.039625,2,Standard
ST011757,Uttarakhand,30.024509,79.019589,2,Standard
ST011758,Uttarakhand,30.114021,79.109354,2,Standard
ST011759,Uttarakhand,30.025638,78.99464,4,Standard
ST011760,Uttarakhand,29.913201,78.925321,2,Standard
ST011761,Uttarakhand,29.897752,79.048067,2,Standard
ST011762,Uttarakhand,30.083383,79.011147,2,Standard
ST011763,Uttarakhand,30.145271,79.073216,2,Standard
ST011764,Uttarakhand,29.994344,78.974521,2,Standard
ST011765,Uttarakhand,30.00756,79.132991,2,Standard
ST011766,Uttarakhand,30.260398,79.021832,2,Standard
ST011767,Uttarakhand,30.08741,79.201558,2,Standard
ST011768,Uttarakhand,30.103677,79.049425,4,Standard
ST011769,Uttarakhand,30.085707,79.217631,2,Standard
ST011770,Uttarakhand,30.194674,79.022997,2,Standard
ST011771,Uttarakhand,30.158647,78.921106,4,Standard
ST011772,Uttarakhand,29.942112,79.164858,2,Standard
ST011773,Uttarakhand,30.134881,78.96547,2,Standard
ST011774,Uttarakhand,29.893474,78.933267,6,Hub
ST011775,Uttarakhand,30.156225,79.009462,2,Standard
ST011776,Uttarakhand,30.101481,78.969854,2,Standard
ST011777,Uttarakhand,30.043962,79.043071,2,Standard
ST011778,Uttarakhand,30.100123,79.146378,2,Standard
ST011779,Uttarakhand,30.02068,79.016171,2,Standard
ST011780,Uttarakhand,30.005626,79.062059,2,Standard
ST011781,Uttarakhand,30.236975,79.005757,2,Standard
ST011782,Uttarakhand,29.927463,79.137601,2,Standard
ST011783,Uttarakhand,29.993366,79.130885,2,Standard
ST011784,Uttarakhand,30.143148,79.003063,2,Standard
ST011785,Uttarakhand,30.041562,78.965766,2,Standard
ST011786,Uttarakhand,30.055051,79.133529,2,Standard
ST011787,Uttarakhand,30.156659,79.007526,2,Standard
ST011788,Uttarakhand,30.235813,78.949463,2,Standard
ST011789,Uttarakhand,30.0649,79.099641,4,Standard
ST011790,Uttarakhand,30.002428,78.938115,2,Standard
ST011791,Uttarakhand,30.230498,79.131996,2,Standard
ST011792,Uttarakhand,30.06826,78.931773,2,Standard
ST011793,Uttarakhand,30.053895,79.007458,2,Standard
ST011794,Uttarakhand,29.880715,79.024795,2,Standard
ST011795,Uttarakhand,30.12053,78.978482,2,Standard
ST011796,Uttarakhand,29.930023,78.991988,2,Standard
ST011797,Uttarakhand,30.059847,79.030255,2,Standard
ST011798,Uttarakhand,29.946543,79.015187,6,Hub
ST011799,Uttarakhand,30.085902,79.020001,2,Standard
ST011800,Uttarakhand,30.085257,79.086419,4,Standard
ST011801,Uttarakhand,30.009976,79.004309,2,Standard
ST011802,Uttarakhand,30.038324,79.190822,2,Standard
ST011803,Uttarakhand,30.127509,79.097617,2,Standard
ST011804,Uttarakhand,30.186351,78.982788,6,Hub
ST011805,Uttarakhand,30.049154,78.934877,2,Standard
ST011806,Uttarakhand,30.195014,79.035442,2,Standard
ST011807,Uttarakhand,30.051877,79.003019,2,Standard
ST011808,Uttarakhand,29.888884,79.062416,2,Standard
ST011809,Uttarakhand,30.092481,79.107872,2,Standard
ST011810,Uttarakhand,29.909466,79.058536,2,Standard
ST011811,Uttarakhand,30.135379,78.883814,8,Hub
ST011812,Uttarakhand,30.057241,79.03008,2,Standard
ST011813,Uttarakhand,29.987243,79.129552,2,Standard
ST011814,Uttarakhand,30.010336,78.834744,2,Standard
ST011815,Uttarakhand,29.945641,79.055624,4,Standard
ST011816,Uttarakhand,30.037585,79.011957,2,Standard
ST011817,Uttarakhand,29.961055,79.045601,2,Standard
ST011818,Uttarakhand,30.136626,78.996975,4,Standard
ST011819,Uttarakhand,30.174413,79.005773,2,Standard
ST011820,Uttarakhand,30.068613,79.05759,4,Standard
ST011821,Uttarakhand,30.123795,79.089709,2,Standard
ST011822,Uttarakhand,30.154966,79.031524,2,Standard
ST011823,Uttarakhand,30.200466,79.009544,2,Standard
ST011824,Uttarakhand,30.068263,78.995544,2,Standard
ST011825,Uttarakhand,30.010371,79.028929,2,Standard
ST011826,Uttarakhand,30.095323,78.996915,2,Standard
ST011827,Uttarakhand,29.953122,79.049454,2,Standard
ST011828,Uttarakhand,29.901397,79.00467,6,Hub
ST011829,West Bengal,22.995576,87.929966,2,Standard
ST011830,West Bengal,23.014403,87.753057,2,Standard
ST011831,West Bengal,22.98199,87.858397,8,Hub
ST011832,West Bengal,22.990936,87.660608,2,Standard
ST011833,West Bengal,22.862133,87.737506,2,Standard
ST011834,West Bengal,22.940724,87.850096,6,Hub
ST011835,West Bengal,23.116942,87.866842,2,Standard
ST011836,West Bengal,22.830527,87.861771,2,Standard
ST011837,West Bengal,22.919498,87.669225,2,Standard
ST011838,West Bengal,22.901544,87.849468,2,Standard
ST011839,West Bengal,22.964979,87.947842,4,Standard
ST011840,West Bengal,22.992721,87.848918,4,Standard
ST011841,West Bengal,23.183549,87.827503,2,Standard
ST011842,West Bengal,22.932627,87.816763,4,Standard
ST011843,West Bengal,22.996119,87.909507,2,Standard
ST011844,West Bengal,23.077152,87.884423,2,Standard
ST011845,West Bengal,23.121274,87.905644,6,Hub
ST011846,West Bengal,22.959155,87.883733,4,Standard
ST011847,West Bengal,22.799731,87.800838,2,Standard
ST011848,West Bengal,22.953562,87.762438,2,Standard
ST011849,West Bengal,23.011624,87.709609,2,Standard
ST011850,West Bengal,23.018623,87.829253,2,Standard
ST011851,West Bengal,23.024848,87.808342,2,Standard
ST011852,West Bengal,23.039194,87.834635,2,Standard
ST011853,West Bengal,23.159554,87.76949,2,Standard
ST011854,West Bengal,23.10578,88.009369,4,Standard
ST011855,West Bengal,23.024325,87.877423,2,Standard
ST011856,West Bengal,22.800183,87.923289,2,Standard
ST011857,West Bengal,22.877002,87.862904,6,Hub
ST011858,West Bengal,22.920543,87.673028,2,Standard
ST011859,West Bengal,22.996126,87.81115,4,Standard
ST011860,West Bengal,22.980418,87.873453,2,Standard
ST011861,West Bengal,22.964546,87.826514,2,Standard
ST011862,West Bengal,22.978539,88.032431,2,Standard
ST011863,West Bengal,22.934239,87.955403,2,Standard
ST011864,West Bengal,22.974956,87.863885,2,Standard
ST011865,West Bengal,22.933654,87.916938,2,Standard
ST011866,West Bengal,23.038248,87.815455,2,Standard
ST011867,West Bengal,22.873171,87.962729,2,Standard
ST011868,West Bengal,22.99578,87.695596,2,Standard
ST011869,West Bengal,23.139246,87.809431,8,Hub
ST011870,West Bengal,22.849414,87.945112,4,Standard
ST011871,West Bengal,22.93134,87.851974,4,Standard
ST011872,West Bengal,22.972188,87.897317,2,Standard
ST011873,West Bengal,23.009416,87.884154,2,Standard
ST011874,West Bengal,23.150673,87.923698,2,Standard
ST011875,West Bengal,23.093299,87.805706,4,Standard
ST011876,West Bengal,23.006568,87.824062,2,Standard
ST011877,West Bengal,23.069353,87.796339,2,Standard
ST011878,West Bengal,23.012583,87.866576,2,Standard
ST011879,West Bengal,22.983645,87.86312,2,Standard
ST011880,West Bengal,22.982437,87.866164,2,Standard
ST011881,West Bengal,22.991459,87.907929,8,Hub
ST011882,West Bengal,23.03388,87.853334,2,Standard
ST011883,West Bengal,22.996125,87.992041,2,Standard
ST011884,West Bengal,23.035902,87.795155,2,Standard
ST011885,West Bengal,23.03509,87.807084,2,Standard
ST011886,West Bengal,23.008345,87.917308,2,Standard
ST011887,West Bengal,22.930033,87.808424,4,Standard
ST011888,West Bengal,22.96473,87.813066,2,Standard
ST011889,West Bengal,22.96574,87.788781,2,Standard
ST011890,West Bengal,22.879512,87.885536,2,Standard
ST011891,West Bengal,22.968177,87.811039,2,Standard
ST011892,West Bengal,23.061027,87.731175,2,Standard
ST011893,West Bengal,23.006251,88.049022,4,Standard
ST011894,West Bengal,22.94064,87.777174,2,Standard
ST011895,West Bengal,23.045335,87.944144,6,Hub
ST011896,West Bengal,23.03063,87.928875,4,Standard
ST011897,West Bengal,22.865855,87.933134,4,Standard
ST011898,West Bengal,23.045015,88.00872,4,Standard
ST011899,West Bengal,22.945925,87.933831,2,Standard
ST011900,West Bengal,23.0043,87.731152,2,Standard
ST011901,West Bengal,22.959259,87.927164,2,Standard
ST011902,West Bengal,22.945953,87.966721,2,Standard
ST011903,West Bengal,22.914791,87.981016,4,Standard
ST011904,West Bengal,22.961245,87.840995,2,Standard
ST011905,West Bengal,22.970426,87.896152,2,Standard
ST011906,West Bengal,22.907156,87.920624,4,Standard
ST011907,West Bengal,22.836031,87.84859,2,Standard
ST011908,West Bengal,23.057399,88.030637,2,Standard
ST011909,West Bengal,22.953723,87.905118,2,Standard
ST011910,West Bengal,22.922984,87.707075,4,Standard
ST011911,West Bengal,22.878901,87.958291,2,Standard
ST011912,West Bengal,23.101028,87.75267,6,Hub
ST011913,West Bengal,23.148469,87.890281,2,Standard
ST011914,West Bengal,23.007309,87.722722,4,Standard
ST011915,West Bengal,22.999127,87.659503,2,Standard
ST011916,West Bengal,22.974595,87.860639,2,Standard
ST011917,West Bengal,22.977792,87.857259,2,Standard
ST011918,West Bengal,22.954584,87.967868,2,Standard
ST011919,West Bengal,22.93664,87.982572,2,Standard
ST011920,West Bengal,23.02355,87.779368,2,Standard
ST011921,West Bengal,22.999726,87.845626,2,Standard
ST011922,West Bengal,23.075694,87.715146,4,Standard
ST011923,West Bengal,22.960687,87.908734,2,Standard
ST011924,West Bengal,22.931739,88.007652,8,Hub
ST011925,West Bengal,23.019168,87.797546,4,Standard
ST011926,West Bengal,22.963584,87.839731,2,Standard
ST011927,West Bengal,22.790873,87.893936,2,Standard
ST011928,West Bengal,23.08951,88.014266,2,Standard
ST011929,West Bengal,23.074263,87.681339,4,Standard
ST011930,West Bengal,23.005085,87.893591,4,Standard
ST011931,West Bengal,23.130927,87.870332,2,Standard
ST011932,West Bengal,22.964813,87.826985,2,Standard
ST011933,West Bengal,23.002098,87.797149,2,Standard
ST011934,West Bengal,23.042691,87.918392,4,Standard
ST011935,West Bengal,23.03108,87.883481,2,Standard
ST011936,West Bengal,22.869135,87.978215,4,Standard
ST011937,West Bengal,23.010192,87.769595,2,Standard
ST011938,West Bengal,22.968709,87.742718,2,Standard
ST011939,West Bengal,22.908364,87.977162,6,Hub
ST011940,West Bengal,22.936556,87.741833,4,Standard
ST011941,West Bengal,22.886033,87.76278,2,Standard
ST011942,West Bengal,22.856748,87.970318,2,Standard
ST011943,West Bengal,23.079348,88.005616,2,Standard
ST011944,West Bengal,22.9731,87.875919,4,Standard
ST011945,West Bengal,22.925972,87.81079,2,Standard
ST011946,West Bengal,23.021265,87.776037,2,Standard
ST011947,West Bengal,22.956612,87.801245,2,Standard
ST011948,West Bengal,23.006359,87.930105,2,Standard
ST011949,West Bengal,22.883903,87.773296,2,Standard
ST011950,West Bengal,22.81257,87.761757,2,Standard
ST011951,West Bengal,22.919405,87.681313,4,Standard
ST011952,West Bengal,22.995856,87.863286,2,Standard
ST011953,West Bengal,22.976585,87.880336,2,Standard
ST011954,West Bengal,22.884372,87.838203,2,Standard
ST011955,West Bengal,22.854019,87.787295,2,Standard
ST011956,West Bengal,23.159609,87.823529,2,Standard
ST011957,West Bengal,23.036626,87.900837,2,Standard
ST011958,West Bengal,22.985506,87.89034,2,Standard
ST011959,West Bengal,22.880488,87.824313,4,Standard
ST011960,West Bengal,23.007087,87.995927,4,Standard
ST011961,West Bengal,22.98635,87.850828,2,Standard
ST011962,West Bengal,22.845612,87.963444,4,Standard
ST011963,West Bengal,22.91784,87.846148,4,Standard
ST011964,West Bengal,22.985676,87.903658,4,Standard
ST011965,West Bengal,23.11917,87.950878,2,Standard
ST011966,West Bengal,23.036805,87.88528,2,Standard
ST011967,West Bengal,23.136686,87.899237,2,Standard
ST011968,West Bengal,23.046591,87.870065,2,Standard
ST011969,West Bengal,22.913422,87.818596,2,Standard
ST011970,West Bengal,22.975717,87.90891,2,Standard
ST011971,West Bengal,23.044417,87.66892,2,Standard
ST011972,West Bengal,22.982276,87.86139,4,Standard
ST011973,West Bengal,23.134653,87.88958,4,Standard
ST011974,West Bengal,22.838489,87.804357,2,Standard
ST011975,West Bengal,22.928005,87.683285,2,Standard
ST011976,West Bengal,23.105605,87.751348,2,Standard
ST011977,West Bengal,22.925922,87.864568,2,Standard
ST011978,West Bengal,22.886484,87.850568,2,Standard
ST011979,West Bengal,22.958163,87.831226,4,Standard
ST011980,West Bengal,22.935765,87.779272,4,Standard
ST011981,West Bengal,22.951909,87.822151,2,Standard
ST011982,West Bengal,22.948281,87.871843,2,Standard
ST011983,West Bengal,23.05594,87.786124,4,Standard
ST011984,West Bengal,22.98809,87.86314,4,Standard
ST011985,West Bengal,22.967488,87.81666,2,Standard
ST011986,West Bengal,23.093311,87.848018,2,Standard
ST011987,West Bengal,22.954908,87.982611,2,Standard
ST011988,West Bengal,22.960912,88.016999,6,Hub
ST011989,West Bengal,22.916082,88.039565,2,Standard
ST011990,West Bengal,22.853451,87.75137,2,Standard
ST011991,West Bengal,23.049296,87.88577,2,Standard
ST011992,West Bengal,22.97651,87.724393,2,Standard
ST011993,West Bengal,23.01125,87.921913,2,Standard
ST011994,West Bengal,22.97645,87.977237,2,Standard
ST011995,West Bengal,22.952196,87.906217,2,Standard
ST011996,West Bengal,23.008447,87.933889,2,Standard
ST011997,West Bengal,23.051439,88.036338,2,Standard
ST011998,West Bengal,23.089943,88.005753,4,Standard
ST011999,West Bengal,22.918731,87.887832,2,Standard
ST012000,West Bengal,23.00169,87.981276,4,Standard
ST012001,West Bengal,22.949946,87.769054,2,Standard
ST012002,West Bengal,23.159364,87.917994,2,Standard
ST012003,West Bengal,23.072351,87.844372,2,Standard
ST012004,West Bengal,22.918746,87.796013,6,Hub
ST012005,West Bengal,22.980051,87.868913,2,Standard
ST012006,West Bengal,22.829319,87.899609,2,Standard
ST012007,West Bengal,23.102556,87.867435,2,Standard
ST012008,West Bengal,23.018661,87.82537,2,Standard
ST012009,West Bengal,23.049691,87.996071,2,Standard
ST012010,West Bengal,22.985573,87.893377,6,Hub
ST012011,West Bengal,22.930259,87.909456,2,Standard
ST012012,West Bengal,23.073766,87.767046,2,Standard
ST012013,West Bengal,22.898042,87.914539,6,Hub
ST012014,West Bengal,23.008502,87.848542,2,Standard
ST012015,West Bengal,23.037346,88.040751,2,Standard
ST012016,West Bengal,23.020967,87.845613,2,Standard
ST012017,West Bengal,23.038372,87.92158,2,Standard
ST012018,West Bengal,23.111442,87.895255,2,Standard
ST012019,West Bengal,22.997057,87.860431,2,Standard
ST012020,West Bengal,22.796072,87.872803,2,Standard
ST012021,West Bengal,22.922913,87.886649,2,Standard
ST012022,West Bengal,23.093185,87.853634,4,Standard
ST012023,West Bengal,22.932148,87.909486,2,Standard
ST012024,West Bengal,23.021526,87.951379,2,Standard
ST012025,West Bengal,22.936589,87.875299,2,Standard
ST012026,West Bengal,23.019975,87.90767,2,Standard
ST012027,West Bengal,22.975151,87.854364,2,Standard
ST012028,West Bengal,23.094566,88.010912,2,Standard
ST012029,West Bengal,22.974567,87.851624,4,Standard
ST012030,West Bengal,22.982474,87.843421,6,Hub
ST012031,West Bengal,22.976323,87.705374,2,Standard
ST012032,West Bengal,22.901529,87.735946,4,Standard
ST012033,West Bengal,23.110514,87.931311,4,Standard
ST012034,West Bengal,23.031161,87.906407,2,Standard
ST012035,West Bengal,23.080937,87.819594,2,Standard
ST012036,West Bengal,23.004213,87.851385,8,Hub
ST012037,West Bengal,22.974443,87.856754,2,Standard
ST012038,West Bengal,22.976039,87.843511,8,Hub
ST012039,West Bengal,23.010195,87.901178,2,Standard
ST012040,West Bengal,22.986541,87.822209,2,Standard
ST012041,West Bengal,23.001851,87.833334,2,Standard
ST012042,West Bengal,23.06388,87.872354,8,Hub
ST012043,West Bengal,23.008685,87.852157,2,Standard
ST012044,West Bengal,23.107381,87.944612,2,Standard
ST012045,West Bengal,22.932183,87.987653,2,Standard
ST012046,West Bengal,23.015228,87.942513,2,Standard
ST012047,West Bengal,22.978138,87.944889,2,Standard
ST012048,West Bengal,23.005043,87.703694,2,Standard
ST012049,West Bengal,22.802037,87.83663,2,Standard
ST012050,West Bengal,22.982643,87.902882,2,Standard
ST012051,West Bengal,22.892978,87.773527,2,Standard
ST012052,West Bengal,23.103195,87.890041,2,Standard
ST012053,West Bengal,22.881471,87.961078,2,Standard
ST012054,West Bengal,23.026227,87.751847,2,Standard
ST012055,West Bengal,23.114066,87.856363,2,Standard
ST012056,West Bengal,22.98645,87.805205,2,Standard
ST012057,West Bengal,22.7984,87.897552,2,Standard
ST012058,West Bengal,22.973512,87.897607,2,Standard
ST012059,West Bengal,23.014012,87.963397,2,Standard
ST012060,West Bengal,23.102529,87.817226,2,Standard
ST012061,West Bengal,22.944807,87.975613,2,Standard
ST012062,West Bengal,22.902298,87.770666,2,Standard
ST012063,West Bengal,23.055189,87.961911,2,Standard
ST012064,West Bengal,22.983434,87.85658,2,Standard
ST012065,West Bengal,22.79509,87.80608,2,Standard
ST012066,West Bengal,22.873547,88.011416,4,Standard
ST012067,West Bengal,23.107332,87.938255,2,Standard
ST012068,West Bengal,23.027994,87.89101,2,Standard
ST012069,West Bengal,22.879796,87.803955,2,Standard
ST012070,West Bengal,23.006213,87.733478,2,Standard
ST012071,West Bengal,22.834995,87.753754,2,Standard
ST012072,West Bengal,22.943767,87.868339,2,Standard
ST012073,West Bengal,23.028904,87.923023,2,Standard
ST012074,West Bengal,22.984827,87.846723,4,Standard
ST012075,West Bengal,23.00142,87.870384,2,Standard
ST012076,West Bengal,22.94503,87.830209,2,Standard
ST012077,West Bengal,23.04634,87.957519,2,Standard
ST012078,West Bengal,22.991517,87.788737,2,Standard
ST012079,West Bengal,22.969497,87.84574,2,Standard
ST012080,West Bengal,23.04867,87.828315,2,Standard
ST012081,West Bengal,23.182494,87.851933,8,Hub
ST012082,West Bengal,22.987523,87.851052,4,Standard
ST012083,West Bengal,22.970077,87.850315,2,Standard
ST012084,West Bengal,23.111671,87.758314,4,Standard
ST012085,West Bengal,23.106644,87.83396,2,Standard
ST012086,West Bengal,22.884011,87.840586,2,Standard
ST012087,West Bengal,22.915925,87.916348,2,Standard
ST012088,West Bengal,22.863769,87.714718,2,Standard
ST012089,West Bengal,22.845557,87.75786,2,Standard
ST012090,West Bengal,23.05433,87.776214,2,Standard
ST012091,West Bengal,22.913268,87.959667,4,Standard
ST012092,West Bengal,22.971445,87.860433,2,Standard
ST012093,West Bengal,22.843758,87.99308,2,Standard
ST012094,West Bengal,23.119711,87.896815,2,Standard
ST012095,West Bengal,23.057137,87.745975,2,Standard
ST012096,West Bengal,22.858662,87.79495,2,Standard
ST012097,West Bengal,22.970299,87.862848,2,Standard
ST012098,West Bengal,23.070855,87.834749,2,Standard
ST012099,West Bengal,22.932932,87.763404,2,Standard
ST012100,West Bengal,23.166216,87.919178,2,Standard
ST012101,West Bengal,22.994675,87.826239,8,Hub
ST012102,West Bengal,23.133202,87.838044,2,Standard
ST012103,West Bengal,22.86637,87.876157,2,Standard
ST012104,West Bengal,23.074608,87.924658,2,Standard
ST012105,West Bengal,23.084307,87.903653,2,Standard
ST012106,West Bengal,22.821411,87.798147,2,Standard
ST012107,West Bengal,22.97901,87.805701,2,Standard
ST012108,West Bengal,23.074411,87.78105,2,Standard
ST012109,West Bengal,22.960276,87.834055,2,Standard
ST012110,West Bengal,23.103465,87.70989,2,Standard
ST012111,West Bengal,23.016222,87.669164,2,Standard
ST012112,West Bengal,22.931219,88.018008,2,Standard
ST012113,West Bengal,22.954096,87.857286,2,Standard
ST012114,West Bengal,22.919983,87.7356,4,Standard
ST012115,West Bengal,22.985536,87.860351,2,Standard
ST012116,West Bengal,23.011581,87.931018,2,Standard
ST012117,West Bengal,23.006013,87.888716,2,Standard
ST012118,West Bengal,22.83752,87.976313,4,Standard
ST012119,West Bengal,22.992516,87.791306,2,Standard
ST012120,West Bengal,23.110005,87.816337,2,Standard
ST012121,West Bengal,22.896785,87.880876,2,Standard
ST012122,West Bengal,22.947339,87.879784,2,Standard
ST012123,West Bengal,22.906892,87.924005,2,Standard
ST012124,West Bengal,22.836809,87.82831,2,Standard
ST012125,West Bengal,22.896256,87.966148,2,Standard
ST012126,West Bengal,22.817127,87.764353,4,Standard
ST012127,West Bengal,22.851384,87.973955,2,Standard
ST012128,West Bengal,23.041566,87.739825,2,Standard
ST012129,West Bengal,22.977241,87.841027,8,Hub
ST012130,West Bengal,23.00715,87.84842,2,Standard
ST012131,West Bengal,22.925928,87.829457,2,Standard
ST012132,West Bengal,22.876426,87.907063,2,Standard
ST012133,West Bengal,23.063711,87.805408,6,Hub
ST012134,West Bengal,23.10501,87.845868,2,Standard
ST012135,West Bengal,23.007051,87.887157,2,Standard
ST012136,West Bengal,22.98467,87.845148,4,Standard
ST012137,West Bengal,22.957382,87.858652,2,Standard
ST012138,West Bengal,22.849827,87.916103,2,Standard
ST012139,West Bengal,22.955198,87.863366,8,Hub
ST012140,West Bengal,22.985911,87.928503,2,Standard
ST012141,West Bengal,23.092682,87.904468,2,Standard
ST012142,West Bengal,22.977101,87.847226,4,Standard
ST012143,West Bengal,22.919114,87.902691,2,Standard
ST012144,West Bengal,22.930731,87.951433,2,Standard
ST012145,West Bengal,22.939575,87.923598,2,Standard
ST012146,West Bengal,22.996338,87.824013,2,Standard
